a	14484562
aa	1831
aaa	586
aaaa	125
aaaaaaah	184
aaaaaah	297
aaaaah	609
aaaagh	138
aaaah	1388
aaaahhh	141
aaaargh	228
aaagh	432
aaah	4269
aaahh	297
aaahhh	335
aaargh	595
aaccff	122
aafrin	141
aage	134
aagh	829
aah	45774
aahh	462
aahhh	223
aaliyah	139
aang	740
aarav	173
aardvark	233
aargh	1136
aaron	9883
aarti	274
aaru	159
ab	1502
aba	178
aback	341
abacus	256
abaddon	234
abalone	435
abandon	9208
abandoned	15502
abandoning	1815
abandonment	721
abandons	420
abas	137
abate	222
abattoir	225
abba	832
abbas	760
abbe	123
abberline	176
abbess	320
abbey	2776
abbi	382
abbie	1099
abbot	1774
abbott	1975
abbreviation	174
abbs	506
abby	14677
abc	1245
abcs	117
abd	149
abdel	404
abdicate	288
abdicated	133
abdication	144
abdomen	2296
abdominal	1600
abduct	894
abducted	4313
abducting	378
abduction	2493
abductions	476
abductor	335
abductors	134
abdul	1652
abdullah	674
abe	3822
abed	1089
abel	2681
abend	148
aber	118
abercrombie	329
aberdeen	555
abernathy	435
aberrant	182
aberration	414
aberrations	125
abetted	149
abetting	624
abg	121
abhay	413
abhi	733
abhimanyu	338
abhishek	153
abhor	319
abhorrent	210
abhors	125
abi	2779
abide	1940
abiding	417
abigail	3729
abilene	368
abilities	4700
ability	15648
abject	427
abla	307
ablaze	577
able	147205
abner	1207
abnormal	2374
abnormalities	404
abnormality	361
abnormally	337
abnormals	221
abo	153
aboard	13582
abode	1025
abolish	612
abolished	713
abolishing	125
abolition	293
abolitionist	134
abominable	760
abomination	1195
abominations	189
aboot	292
aboriginal	400
aborigines	205
abort	2855
aborted	745
aborting	167
abortion	5040
abortions	601
abou	266
abound	335
abounds	130
about	2487348
abouts	133
aboutyou	197
above	40388
aboveboard	146
abra	181
abracadabra	661
abraham	4387
abrahams	127
abram	194
abramoff	183
abrams	619
abrasion	250
abrasions	755
abrasive	334
abreast	246
abroad	8778
abrupt	798
abruptly	1057
abruzzi	120
abs	1694
absalom	145
abscess	421
absconded	202
absconding	125
absence	6538
absences	249
absent	3186
absentee	272
absentia	158
absinthe	475
absolute	10696
absolutely	84856
absolutes	120
absolution	670
absolve	688
absolved	365
absorb	2043
absorbed	1891
absorbent	179
absorbers	132
absorbing	749
absorbs	556
absorption	315
abstain	432
abstaining	127
abstinence	685
abstract	1640
abstraction	166
absurd	8303
absurdity	405
absurdly	221
abu	2701
abuddin	158
abuela	594
abuelita	210
abundance	1294
abundant	950
abundantly	414
abuse	9756
abused	4328
abuser	371
abusers	207
abuses	881
abusing	1628
abusive	1641
abut	165
abwehr	119
abydos	118
abysmal	209
abyss	1951
abyssinia	118
ac	1846
acacia	259
academia	279
academic	3150
academically	247
academician	125
academics	545
academies	172
academy	10509
acapulco	700
acc	129
accede	118
accelerant	508
accelerate	1231
accelerated	1074
accelerates	406
accelerating	1011
acceleration	1030
accelerator	1309
accent	13993
accents	882
accentuate	205
accept	53291
acceptable	3978
acceptance	2126
accepted	15736
accepting	4264
accepts	1835
access	26937
accessed	1108
accessible	1119
accessing	809
accessories	1175
accessorize	115
accessory	2108
accident	61671
accidental	2461
accidentally	7018
accidently	273
accidents	4973
acclaim	277
acclaimed	423
accolades	186
accommodate	1567
accommodated	160
accommodating	494
accommodation	1289
accommodations	837
accompanied	2520
accompanies	325
accompaniment	271
accompany	6092
accompanying	956
accompli	127
accomplice	4431
accomplices	1404
accomplish	4521
accomplished	5951
accomplishes	143
accomplishing	337
accomplishment	1205
accomplishments	901
accord	1508
accordance	1282
accorded	160
according	42026
accordingly	1725
accordion	1229
accords	224
accosted	278
account	34088
accountability	481
accountable	1631
accountancy	174
accountant	4936
accountants	765
accounted	1816
accounting	3172
accounts	10832
accreditation	115
accredited	195
accrued	135
accumulate	589
accumulated	865
accumulates	141
accumulating	321
accumulation	365
accumulator	118
accuracy	1555
accurate	6435
accurately	1409
accursed	737
accusation	2491
accusations	3175
accuse	5174
accused	14612
accuser	286
accusers	130
accuses	604
accusing	4803
accustomed	2215
ace	7987
aced	485
aces	1747
acetate	151
acetone	244
acetylene	167
aceveda	291
ach	888
ache	2575
ached	203
aches	1465
achievable	131
achieve	8816
achieved	5078
achievement	3287
achievements	1476
achieves	298
achieving	998
achille	265
achilles	1396
achim	188
aching	1641
achmed	428
achoo	238
achtung	449
achu	127
achy	182
acid	7597
acidic	325
acidity	343
acids	665
ack	379
acker	164
ackerman	488
acknowledge	4214
acknowledged	1911
acknowledgement	277
acknowledges	294
acknowledging	554
acknowledgment	198
ackroyd	298
acl	166
aclu	238
acme	289
acn	146
acne	647
acolyte	134
acolytes	150
acorn	611
acorns	359
acosta	349
acoustic	1117
acoustics	383
acp	684
acquaint	255
acquaintance	3748
acquaintances	1240
acquainted	2890
acquire	2325
acquired	3494
acquires	146
acquiring	617
acquisition	963
acquisitions	384
acquit	408
acquittal	558
acquitted	1442
acre	1142
acreage	167
acres	3803
acrobat	488
acrobatic	193
acrobatics	217
acrobats	340
acronym	389
acropolis	240
across	67595
acrylic	305
acs	241
act	79020
acted	8641
actin	452
acting	39326
action	43798
actionable	254
actions	11940
activate	3912
activated	3610
activates	423
activating	793
activation	713
active	10024
actively	1258
activism	252
activist	1317
activists	973
activities	7131
activity	11555
acton	135
actor	17318
actors	9292
actress	11417
actresses	1615
acts	10506
actual	16107
actuality	261
actually	279595
acuity	148
acumen	241
acupuncture	635
acupuncturist	145
acute	2228
acutely	245
ad	11131
ada	2788
adachi	229
adage	250
adair	210
adalind	556
adam	41028
adama	985
adamant	1169
adams	6312
adamson	259
adan	125
adapt	2905
adaptability	173
adaptable	393
adaptation	933
adaptations	203
adapted	1872
adapter	126
adapting	618
adaptive	198
adapts	153
add	27132
addams	821
added	8891
addendum	189
adder	227
adderall	308
addict	4953
addicted	3380
addiction	3600
addictions	302
addictive	979
addicts	1795
addie	636
adding	4241
addis	178
addison	3146
addition	6933
additional	4672
additionally	277
additions	307
additive	178
additives	183
addled	149
addons	407
address	45332
addressed	3095
addresses	3141
addressing	1400
adds	2864
addy	776
ade	790
adebisi	233
adel	202
adela	381
adelaide	967
adele	2105
adelina	271
adeline	321
adelle	255
adem	193
aden	256
adena	144
adept	476
adequate	1674
adequately	438
adham	115
adhd	235
adhere	584
adhered	172
adherence	119
adhering	120
adhesive	553
adi	1410
adidas	216
adie	122
adieu	1368
adil	124
adina	160
adios	1854
aditi	432
aditya	1164
adjacent	972
adjective	377
adjectives	274
adjoining	555
adjourn	680
adjourned	2217
adjournment	315
adjunct	129
adjust	4634
adjustable	271
adjusted	1353
adjuster	197
adjusting	1566
adjustment	1695
adjustments	1231
adjusts	151
adjutant	523
adlai	264
adler	1299
admin	628
administer	1274
administered	1050
administering	393
administration	5935
administrations	142
administrative	1532
administrator	1686
administrators	361
admirable	2159
admirably	331
admiral	9717
admirals	195
admiralty	660
admiration	1791
admire	9273
admired	3112
admirer	1971
admirers	767
admires	607
admiring	1618
admissible	573
admission	3118
admissions	1115
admit	41817
admits	1541
admittance	298
admitted	8368
admittedly	756
admitting	2556
admonish	121
adnan	370
ado	40000
adobe	153
adolescence	669
adolescent	1130
adolescents	331
adolf	2094
adolfo	392
adolph	355
adolphe	192
adonai	162
adonis	471
adopt	4473
adopted	7218
adopting	1003
adoption	3982
adoptions	127
adoptive	644
adopts	160
adora	124
adorable	7682
adoration	377
adore	4752
adored	1778
adores	1212
adoring	466
adorn	540
adorned	548
adrenal	261
adrenalin	339
adrenaline	2728
adress	215
adri	170
adria	138
adrian	8159
adriana	1550
adrianna	676
adrianne	149
adriano	369
adriatic	219
adric	297
adrien	917
adrienne	422
adrift	822
ads	3059
adulation	200
adult	14267
adulterated	116
adulterer	311
adulterers	137
adulteress	177
adulterous	228
adultery	1845
adulthood	559
adults	8185
advance	15126
advanced	8719
advancement	858
advancements	231
advances	2183
advancing	1455
advantage	20711
advantageous	365
advantages	2149
advent	465
adventure	11744
adventurer	762
adventurers	523
adventures	3502
adventurous	1417
adversarial	145
adversaries	444
adversary	1057
adverse	659
adversely	127
adversity	857
advert	693
advertise	1423
advertised	759
advertisement	1696
advertisements	457
advertiser	158
advertisers	393
advertising	5422
adverts	281
advice	34773
advices	193
advil	224
advisable	501
advise	7727
advised	4190
advisement	337
adviser	1387
advisers	516
advises	406
advising	988
advisor	3228
advisors	979
advisory	588
advocacy	229
advocate	2598
advocated	202
advocates	442
advocating	375
ae	2025
aegean	236
aegeus	122
aegis	216
aegisshi	720
aeon	118
aerial	1885
aero	136
aerobic	137
aerobics	688
aerodynamic	292
aerodynamics	250
aeronautical	154
aeronautics	218
aeroplane	1062
aeroplanes	475
aerosmith	215
aerosol	292
aerospace	420
aeryn	1157
aesop	134
aesthetic	991
aesthetically	208
aesthetics	322
aether	195
aetius	116
aey	185
af	376
afar	1822
afew	170
aff	201
affable	175
affair	21719
affairs	12143
affect	8941
affectation	133
affected	7090
affecting	2249
affection	6544
affectionate	1426
affectionately	454
affections	923
affects	3525
affidavit	973
affidavits	299
affiliate	234
affiliated	527
affiliates	184
affiliation	348
affiliations	220
affinity	577
affirm	453
affirmation	315
affirmative	2907
affirmed	128
affirming	141
affleck	319
afflicted	789
affliction	807
afflictions	141
affluence	126
affluent	394
afford	29290
affordable	838
afforded	474
affords	212
affraid	269
affront	472
afghan	1482
afghani	210
afghanistan	5946
afghans	335
aficionado	194
afield	216
afire	293
afis	385
aflame	295
afloat	1117
afoot	624
afore	280
aforementioned	348
afraid	168774
afresh	441
africa	18950
african	7322
africans	1054
afrikaans	145
afro	531
aft	1253
after	572761
afterall	199
afterglow	138
afterlife	2115
aftermath	862
afternoon	59466
afternoons	1180
aftershave	583
aftershock	164
aftertaste	205
afterthat	202
afterthe	317
afterthought	201
afterward	1417
afterwards	13540
afteryou	166
ag	868
aga	411
again	590019
against	165033
agamemnon	345
agarwal	153
agasshi	117
agassi	145
agata	362
agatha	2195
agathe	294
age	74262
aged	3798
ageing	646
ageless	170
agencies	2674
agency	16192
agenda	5171
agendas	345
agent	58608
agents	14888
ages	13759
aggie	752
aggravate	321
aggravated	1231
aggravating	385
aggravation	396
aggregate	185
aggregor	123
aggression	2698
aggressive	7383
aggressively	775
aggressiveness	196
aggressor	359
aggressors	182
aggrieved	208
aggro	203
agh	4582
agha	648
aghast	126
aghh	204
agile	786
agility	497
agincourt	123
aging	1869
agitate	257
agitated	1904
agitating	150
agitation	568
agitator	241
agitators	224
aglow	179
agnes	5441
agnese	177
agneta	118
agnew	379
agni	119
agnieszka	218
agnostic	206
ago	229751
agog	121
agonies	178
agonising	157
agonized	157
agonizing	602
agony	3642
agora	182
agoraphobia	157
agoraphobic	142
agos	339
agostino	256
agra	378
agrabah	114
agrarian	184
agree	60716
agreeable	1249
agreed	35752
agreeing	2306
agreement	15659
agreements	1095
agrees	3865
agricultural	1593
agriculture	1952
agrippa	265
agrippina	361
aground	378
agua	345
aguilar	399
aguilera	454
aguirre	363
agustin	305
ah	242456
aha	6485
ahab	605
ahana	168
ahead	120295
ahem	7416
ahh	19459
ahhh	4023
ahhhh	925
ahhhhh	417
ahhhhhh	215
ahhhhhhh	150
ahi	222
ahjumma	730
ahjusshi	240
ahjussi	970
ahm	282
ahmad	906
ahmadi	165
ahmed	2289
ahmet	792
ahn	1791
ahold	2760
ahora	212
ahoy	1465
ahsoka	443
ai	3552
aic	120
aid	9965
aida	858
aidan	2310
aide	1583
aided	583
aiden	2137
aides	433
aiding	955
aids	5492
aight	220
aigoo	1952
aihara	170
aii	9323
aikawa	170
aiken	231
aikido	127
aiko	403
ail	138
aileen	220
ailing	573
ailment	548
ailments	427
ails	496
aim	12152
aime	371
aimed	2320
aimee	691
aiming	2864
aimless	268
aimlessly	517
aims	1161
ain	166551
ainhoa	152
aino	248
ainsley	321
aint	426
air	100137
airavatha	121
airbag	311
airbags	240
airbase	226
airbender	163
airbending	120
airborne	2162
airbrush	176
airbrushed	129
aircraft	7395
aircrafts	120
aired	805
aires	2070
airfare	190
airfield	1320
airfields	224
airflow	126
airforce	123
airhead	286
airing	621
airlift	266
airlifted	151
airline	2833
airliner	305
airlines	1921
airlock	981
airmail	136
airman	434
airmen	599
airplane	6520
airplanes	1924
airport	23293
airports	1191
airs	1036
airship	628
airships	115
airspace	745
airspeed	179
airstream	115
airstrip	571
airtight	884
airtime	170
airwaves	382
airway	1063
airways	707
airwolf	338
airy	399
aish	433
aisha	1229
aishwarya	211
aisle	3933
aisles	359
aitken	130
aitu	231
aix	118
aiya	144
aiyo	174
aizawa	179
aizu	197
aj	1477
aja	164
ajar	375
ajax	987
ajay	2494
ajin	180
ajit	349
ajju	146
ajob	574
ajoke	285
ajumma	227
ajusshi	181
ajussi	287
ak	579
aka	2090
akagi	255
akai	172
akan	148
akane	490
akari	219
akasaka	163
akash	641
akashi	341
akatsuki	196
akbar	1284
ake	628
akechi	233
akemi	502
akers	232
akhenaten	289
akhil	157
aki	1004
akiba	223
akihabara	141
akihiko	134
akiko	666
akin	465
akio	356
akira	1860
akita	329
akiyama	478
akka	145
akley	130
ako	305
akram	117
akron	335
aks	139
aksel	270
akshay	413
aku	540
al	26447
ala	389
alabama	2262
alabaster	286
alack	176
aladdin	899
aladin	141
alai	161
alaikum	700
alain	1450
alak	182
alam	138
alameda	279
alamein	156
alamo	804
alamos	220
alan	24104
alana	611
alanis	127
alarcon	144
alaric	521
alarm	27116
alarmed	1920
alarming	1192
alarmingly	159
alarmist	133
alarms	2540
alas	3967
alaska	3660
alaskan	518
alastair	427
alaykum	166
alba	1156
alban	282
albania	697
albanian	1021
albanians	419
albany	1077
albatross	665
albedo	144
albeit	667
albert	14140
alberta	610
alberti	142
albertine	189
alberto	2927
albertson	125
albie	427
albin	240
albino	713
albion	234
albizzi	142
albrecht	281
albright	700
album	10199
albums	1839
albuquerque	1017
alby	459
alcatraz	682
alcazar	197
alchemist	660
alchemists	276
alchemy	817
alcide	218
alcides	119
alcmene	118
alcohol	16625
alcoholic	4973
alcoholics	824
alcoholism	670
alcott	149
alcove	276
alda	230
alden	790
alder	231
alderman	964
aldo	1310
aldous	197
aldrich	338
aldridge	258
aldrin	364
ale	2815
alec	5058
aleck	270
aleena	134
aleikum	220
aleister	202
alejandra	338
alejandro	1494
alejo	123
alek	345
aleksandr	319
aleksei	153
aleksey	118
aleksi	118
alena	235
aleppo	219
alert	15747
alerted	1387
alerting	358
alerts	449
ales	152
alesha	131
alessandra	277
alessandro	584
alex	42710
alexa	1068
alexander	10001
alexandra	1915
alexandre	737
alexandria	1154
alexandrovich	156
alexei	1217
alexey	235
alexi	439
alexia	126
alexis	5734
alexx	688
aleykum	153
alf	3153
alfa	760
alfalfa	315
alfie	1767
alfio	116
alfons	118
alfonse	218
alfonso	1551
alfred	6211
alfredo	2117
algae	1172
algebra	1171
alger	116
algeria	1324
algerian	570
algerians	131
algernon	338
algiers	744
algo	179
algonquin	164
algorithm	2018
algorithms	708
algy	181
alhambra	191
ali	12691
alia	648
alias	2488
aliases	651
alibi	10141
alibied	132
alibis	982
alicante	117
alice	23311
alicia	7921
alien	17513
alienate	358
alienated	502
alienating	237
alienation	322
aliens	8506
alight	567
align	768
aligned	1007
aligning	176
alignment	873
alike	7933
alimony	1547
alina	619
aline	461
alisa	351
alise	205
alisha	410
alison	6801
alissa	365
alistair	2006
alittle	131
alive	122833
alix	158
aliya	148
alka	309
alkali	136
alkaline	174
all	3544700
alla	513
allah	6610
allahabad	150
allahu	495
allan	2642
allay	137
alle	190
allegation	797
allegations	2533
allege	149
alleged	2878
allegedly	1874
alleges	186
allegheny	119
allegiance	2271
allegiances	146
alleging	251
allegory	234
allegra	314
allegro	176
alleluia	330
allen	7667
allenbury	118
allenby	224
allende	486
allentown	125
allergic	5956
allergies	1859
allergy	1727
alles	251
alleviate	563
alley	10145
alleys	821
alleyway	625
alleyways	149
allez	641
alli	386
alliance	7944
alliances	911
allie	2188
allied	2727
allies	5846
alligator	1923
alligators	763
allison	7485
alliteration	116
allman	128
allo	432
allocate	209
allocated	410
allocation	230
allot	175
allotment	371
allotted	428
allow	42649
allowance	2955
allowances	483
allowed	43797
allowing	4806
allows	6229
alloy	747
alloys	177
allready	126
allright	2101
alls	185
alluded	138
alluding	122
allura	128
allure	488
alluring	556
allusion	126
allways	125
allworthy	119
ally	7195
allyson	358
alma	2492
almanac	330
almeida	571
almighty	6170
almond	1293
almonds	951
almost	148405
alms	955
almudena	203
alo	324
aloe	295
aloft	460
aloha	1298
alois	194
alok	139
alon	135
alone	240475
along	128220
alongside	4076
alonso	1523
alonzo	891
aloof	566
alopecia	117
alors	328
alot	831
aloud	1613
aloysius	276
alpaca	195
alpert	137
alpha	10093
alphabet	1725
alphabetical	492
alphabetically	270
alphabets	141
alphaff	399
alphahff	1414
alphas	337
alphonse	1240
alpine	715
alps	1458
already	287837
alright	116629
alrighty	708
als	509
alsace	189
alsatian	180
also	259803
alt	331
alta	154
altaf	118
altair	124
altar	4600
altars	173
alter	3663
alteration	350
alterations	520
altercation	830
altered	3115
altering	714
alternate	2500
alternating	495
alternative	7253
alternatively	222
alternatives	1129
alternator	230
alters	379
althea	489
although	36046
altimeter	188
altitude	3112
altitudes	226
altman	582
altmann	118
alto	699
altogether	5089
alton	432
altruism	248
altruistic	265
alucard	184
alum	241
aluminium	462
aluminum	1678
alumni	1015
alumnus	144
alva	342
alvarado	351
alvarez	1668
alvaro	661
alves	115
alvey	397
alvi	145
alvin	2827
alvis	132
alvo	114
alway	180
always	503417
alwyn	131
aly	297
alyce	148
alyona	165
alyosha	508
alys	124
alyson	259
alyssa	1053
alzate	141
alzheimer	2014
am	785830
ama	606
amaar	890
amadeo	150
amadeus	283
amado	142
amador	438
amaia	119
amal	322
amalfi	166
amalgam	153
amalgamated	145
amalia	695
amamiya	192
aman	924
amanda	17189
amane	254
amano	175
amantha	182
amar	1625
amara	450
amaretto	138
amarillo	293
amaro	413
amaru	187
amass	180
amassed	362
amassing	177
amateur	5285
amateurish	236
amateurs	1917
amato	226
amaya	473
amaze	1206
amazed	4383
amazement	447
amazes	557
amazing	80267
amazingly	1830
amazon	2984
amazonian	207
amazons	528
ambar	150
ambassador	9480
ambassadors	829
amber	8866
amberle	149
amberson	196
ambiance	314
ambidextrous	140
ambien	299
ambience	509
ambient	617
ambiguity	351
ambiguous	712
ambition	5633
ambitions	2084
ambitious	4842
ambivalence	146
ambivalent	255
ambo	229
amboy	138
ambrose	1550
ambrosia	480
ambu	187
ambulance	17637
ambulances	739
ambush	4397
ambushed	1765
ambushes	176
ambushing	161
amc	219
ame	364
amedeo	209
amelia	4545
amelie	348
amen	17429
amenable	282
amend	552
amended	321
amendment	2685
amendments	288
amends	2181
amenhotep	177
amenities	424
amer	122
america	59703
american	62835
americana	305
americano	421
americans	18614
americas	831
amerigo	120
ames	1840
amethyst	645
amex	174
amherst	144
ami	1721
amiable	353
amicable	385
amicably	235
amid	855
amida	152
amidala	139
amidst	1221
amie	156
amiens	134
amiga	398
amigo	2581
amigos	963
amin	573
amina	316
aminata	117
amino	467
amir	1517
amira	363
amis	305
amish	1143
amiss	790
amit	689
amita	358
amitabh	315
amitabha	312
amity	138
amjad	559
amma	339
amman	183
ammi	152
ammo	3420
ammonia	986
ammonium	330
ammu	198
ammunition	4134
amnesia	2436
amnesiac	176
amnesty	1370
amnio	126
amniotic	241
amo	347
amoeba	206
amok	450
amon	290
among	33190
amongst	8659
amor	908
amoral	198
amore	571
amorous	559
amory	162
amos	2130
amount	25945
amounted	282
amounting	115
amounts	3916
amour	580
amp	1173
amparo	177
amped	313
amphetamine	269
amphetamines	436
amphibian	242
amphibians	277
amphibious	325
amphitheater	188
amphitheatre	126
amphora	171
ample	1218
amplification	128
amplified	618
amplifier	406
amplifiers	123
amplifies	128
amplify	410
amplitude	142
amply	169
amps	365
amputate	560
amputated	492
amputation	533
amputations	120
amputee	144
amrita	353
amritsar	231
ams	244
amsterdam	3309
amtrak	178
amuck	155
amulet	1758
amulets	296
amun	169
amundsen	160
amuse	1853
amused	1588
amusement	2629
amusements	145
amuses	518
amusing	4932
amy	31193
amygdala	208
an	1449181
ana	6209
anabel	174
anabelle	143
anabolic	122
anaconda	416
anaesthesia	201
anaesthetic	561
anaesthetist	133
anagram	331
anaheim	272
anais	182
anakin	599
anal	1993
analog	331
analogies	144
analogue	184
analogy	1039
analyse	712
analysed	527
analyses	247
analysing	316
analysis	8765
analyst	1751
analysts	603
analytical	386
analyze	2619
analyzed	1708
analyzer	249
analyzes	143
analyzing	1321
anamika	279
anand	1379
ananda	125
ananya	128
anaphylactic	303
anaphylaxis	134
anarchist	1143
anarchists	718
anarchy	1655
anarkali	171
anasazi	213
anastasia	886
anastomosis	114
anata	305
anathema	168
anatole	266
anatoli	156
anatolia	211
anatoly	450
anatomical	317
anatomically	247
anatomy	2306
anbu	167
anc	198
ancestor	1942
ancestors	8368
ancestral	1151
ancestry	564
anchor	4693
anchorage	503
anchored	647
anchoring	129
anchorman	237
anchors	554
anchovies	722
anchovy	294
ancient	27510
ancients	1210
ancillary	128
and	10572938
anda	189
andale	228
andalusia	205
andalusian	138
ander	148
anders	2917
andersen	774
anderson	7602
andersons	115
andersson	434
anderton	210
andes	755
andhra	334
andi	1656
andiamo	206
andie	1102
ando	457
andonof	166
andorian	131
andover	156
andrade	167
andras	120
andre	6129
andrea	7506
andreas	1944
andrei	1692
andrej	269
andreotti	120
andres	935
andretti	124
andrew	15748
andrews	3218
andrey	464
androgynous	149
android	800000
androids	460
andromeda	1500
andros	462
andrzej	292
ands	217
andthe	139
andy	24822
andyou	129
ane	234
anecdotal	151
anecdote	420
anecdotes	315
anemia	552
anemic	413
anemone	168
anemones	124
anesthesia	1224
anesthesiologist	319
anesthetic	1002
anesthetics	117
anesthetized	122
anette	167
aneurism	117
aneurysm	1259
anew	1225
anezka	144
ang	586
angad	182
ange	1056
angel	33922
angela	13848
angeles	11974
angelic	683
angelica	1728
angelika	242
angelina	1663
angeline	135
angelique	589
angelo	3989
angels	11121
angelus	528
anger	17258
angered	606
angers	201
angie	5913
angina	304
angio	154
angiogram	175
angioplasty	119
angkor	289
anglais	181
angle	10724
angled	210
angler	195
anglers	145
angles	2370
anglia	215
anglican	236
angling	381
anglo	178
angola	528
angora	140
angrier	595
angrily	944
angry	58748
angst	483
anguish	1789
anguished	266
angular	318
angus	2357
angustias	116
angy	170
ani	448
ania	357
anibal	319
anika	487
aniki	216
anil	313
anima	156
animal	38036
animalistic	159
animals	38518
animate	227
animated	1142
animation	1935
animator	165
animators	235
anime	447
animosity	583
animus	180
anise	204
aniston	193
anita	4057
anja	558
anjali	1710
anjou	205
anju	452
anka	411
ankara	601
anker	268
ankh	130
ankita	151
ankle	5622
ankles	2341
anklet	524
anklets	595
ann	11776
anna	28373
annabel	1023
annabella	143
annabelle	1337
annabeth	652
annalise	1003
annals	346
annapolis	372
annas	255
anne	16062
anneli	157
annelise	121
annenberg	264
annette	1701
annex	756
annexation	162
annexed	177
anni	388
annie	20794
annihilate	859
annihilated	724
annihilating	139
annihilation	846
annika	1059
anniversaries	314
anniversary	12069
announce	7978
announced	5925
announcement	7759
announcements	960
announcer	18839
announces	777
announcing	1846
annoy	2439
annoyance	399
annoyed	3828
annoying	11467
annoyingly	224
annoys	917
annual	5474
annually	372
annuity	176
annul	202
annulled	466
annulment	735
annum	119
anny	177
ano	350
anoint	320
anointed	654
anointing	127
anokhi	129
anomalies	1074
anomalous	297
anomaly	2032
anon	344
anonymity	799
anonymous	7582
anonymously	855
anorexia	254
anorexic	359
another	365421
anouk	202
ans	604
ansari	259
ansel	275
anselm	152
anselmo	485
anson	653
anspaugh	280
answer	134088
answerable	292
answered	11431
answering	12168
answerphone	193
answers	22116
ant	3888
antacid	198
antagonism	167
antagonist	122
antagonistic	181
antagonize	309
antagonizing	126
antar	127
antara	148
antarctic	834
antarctica	1481
antares	188
ante	1117
anteater	199
antek	135
antelope	729
antelopes	141
antenna	1860
antennae	370
antennas	345
anterior	574
antero	147
anthea	167
anthem	1831
anthill	350
anthology	135
anthony	11504
anthrax	973
anthropological	176
anthropologist	586
anthropologists	168
anthropology	640
anti	841
antiaircraft	148
antibacterial	126
antibiotic	611
antibiotics	2589
antibodies	647
antibody	219
antichrist	679
anticipate	1723
anticipated	2148
anticipating	782
anticipation	1527
antics	749
antidepressant	213
antidepressants	685
antidote	3630
antifreeze	317
antigen	117
antigone	221
antigravity	156
antigua	209
antihistamine	161
antimatter	817
antioch	252
antioxidants	127
antiquated	408
antique	3870
antiques	1975
antiquing	132
antiquities	626
antiquity	558
antiseptic	417
antisocial	591
antithesis	137
antitoxin	134
antivirus	132
antler	208
antlers	646
anto	191
antoine	3964
antoinette	928
anton	4760
antone	151
antoni	153
antonia	1212
antonietta	123
antonin	141
antonio	8477
antonioni	124
antonius	136
antonov	162
antony	1768
ants	4591
antsy	398
antti	328
antwerp	521
antwon	389
anu	1436
anubis	697
anuj	221
anunnaki	138
anus	1193
anusha	120
anushka	282
anvil	511
anwar	1015
anxieties	439
anxiety	5432
anxious	9354
anxiously	616
any	767968
anya	1859
anybody	112582
anyhoo	396
anyhow	6523
anymore	146903
anyone	228332
anyplace	1618
anyth	149
anythin	179
anything	640206
anytime	13761
anyway	166702
anyways	6926
anywhere	65981
anywho	157
anzio	148
ao	398
aoe	141
aoi	594
aoki	544
aol	168
aomori	162
aorta	915
aortic	460
aoshima	121
aoyagi	194
aoyama	437
ap	1140
apa	148
apache	1660
apaches	760
apart	42417
apartheid	397
apartment	52714
apartments	3371
apathetic	258
apathy	426
apb	1375
ape	3834
aperitif	296
aperture	237
apes	2016
apeshit	135
apex	602
aphasia	174
aphids	187
aphrodisiac	708
aphrodisiacs	125
aphrodite	809
apiece	1558
aplenty	162
apnea	213
apo	205
apocalypse	2859
apocalyptic	453
apollo	4390
apologetic	301
apologies	7679
apologise	6701
apologised	440
apologises	114
apologising	493
apologize	35587
apologized	2525
apologizes	485
apologizing	2753
apology	11723
apophis	504
apos	741
apostate	117
apostle	632
apostles	784
apostolic	168
apostrophe	201
apothecary	350
app	900000
appa	473
appalachian	204
appalled	888
appalling	1738
appallingly	114
apparatus	1353
apparel	534
apparent	3257
apparently	38705
apparition	591
apparitions	284
appartment	276
appeal	9647
appealed	910
appealing	2154
appeals	1675
appear	21449
appearance	9341
appearances	2889
appeared	11306
appearing	2210
appears	19313
appease	662
appeased	192
appeasement	162
appellate	227
appendage	238
appendages	136
appendectomy	261
appendicitis	629
appendix	1465
appetit	794
appetite	6828
appetites	588
appetizer	951
appetizers	1128
appetizing	316
applaud	1876
applauded	484
applauding	3218
applauds	773
applause	40194
apple	16192
applebee	304
appleby	442
applegate	178
applejack	571
apples	5914
applesauce	378
appleton	315
appliance	630
appliances	977
applicable	307
applicant	467
applicants	721
application	7420
applications	2030
applied	5987
applies	2041
apply	10970
applying	2766
appoint	1870
appointed	4618
appointing	369
appointment	20930
appointments	2600
appoints	128
appraisal	477
appraise	164
appraised	255
appraiser	205
appreciate	51258
appreciated	4090
appreciates	1587
appreciating	414
appreciation	3205
appreciative	605
apprehend	1035
apprehended	1310
apprehending	181
apprehension	560
apprehensive	486
apprentice	2596
apprenticed	117
apprentices	335
apprenticeship	471
apprised	360
approach	16374
approachable	219
approached	4557
approaches	3169
approaching	14768
appropriate	9500
appropriated	210
appropriately	765
appropriation	166
appropriations	281
approval	6165
approvals	126
approve	7918
approved	5475
approves	605
approving	282
approx	119
approximate	607
approximately	5707
approximation	224
apps	400000
appu	209
appy	179
apricot	574
apricots	294
april	18608
apron	2487
aprons	382
apropos	228
apt	1124
aptitude	552
aptly	256
apu	492
aqua	915
aqualad	183
aquaman	611
aquarium	1591
aquarius	553
aquatic	511
aqueduct	452
aqueducts	160
aqui	446
aquinas	194
aquino	131
aquitaine	154
ar	2778
ara	305
arab	4317
arabela	201
arabella	408
arabesque	130
arabia	1668
arabian	918
arabic	4677
arable	123
arabs	2520
araceli	125
arachnid	133
arafat	269
aragon	580
aragorn	116
arai	196
araki	320
aram	624
aramaic	185
aramis	544
aran	126
arang	235
arapaho	161
aras	238
arash	133
arastoo	189
arata	150
arav	173
aravind	467
arbiter	307
arbitrarily	203
arbitrary	731
arbitration	326
arbogast	147
arbor	510
arboretum	119
arbus	117
arby	268
arc	2242
arcade	1685
arcades	236
arcadia	610
arcane	285
arcee	213
arch	2719
archaeological	959
archaeologist	1080
archaeologists	1297
archaeology	765
archaic	516
archana	204
archangel	887
archangels	130
archbishop	1798
archdeacon	197
archdiocese	259
archduchess	126
archduke	448
arched	154
archenemy	176
archeological	275
archeologist	295
archeologists	236
archeology	356
archer	5880
archers	836
archery	741
arches	760
archetypal	131
archetype	211
archibald	833
archie	4893
archimedes	492
archipelago	344
architect	4747
architects	1011
architectural	952
architecture	3232
archive	1612
archived	170
archives	2252
archivist	180
archway	152
arcs	155
arctic	3044
arcturus	115
arcy	214
ard	174
arden	782
ardennes	202
ardent	573
ardently	120
ardi	114
ardor	165
ardour	145
arduous	489
are	4203821
area	62755
areas	9709
aren	178286
aren't	900000
arena	3763
arenas	319
arent	299
arer	278
arert	213
ares	1383
aretha	315
areyou	1122
arf	619
argent	168
argentina	2717
argentine	720
argentinean	370
argentinian	277
argento	116
arggh	450
argh	6496
arghh	168
argit	177
argo	1004
argon	235
argonaut	138
argos	329
arguably	598
argue	14042
argued	3083
argues	440
arguing	9761
argument	12669
argumentative	416
arguments	3941
argus	451
argyle	422
argyris	124
ari	4003
aria	1812
ariadne	494
arial	134
ariana	301
ariane	369
arianna	257
arias	228
arid	417
arie	124
ariel	2569
aries	414
arif	461
arigato	291
aright	159
aris	274
arisa	240
arise	2806
arisen	465
arises	874
arising	289
aristide	164
aristocracy	734
aristocrat	814
aristocratic	651
aristocrats	728
aristotle	932
arita	126
arithmetic	852
arizona	4552
arjun	2533
arjuna	159
ark	3271
arkady	688
arkansas	1136
arkham	428
arkin	136
arkwright	228
arlen	410
arlena	175
arlene	1167
arles	120
arless	135
arlette	283
arlington	674
arliss	237
arlo	1160
arm	41726
armaan	198
armada	732
armadillo	521
armageddon	883
armament	284
armaments	324
arman	670
armand	1415
armando	1096
armani	704
armband	207
armbands	140
armchair	753
armchairs	123
armed	17960
armenia	275
armenian	1183
armenians	385
armies	3696
armin	568
arming	521
armistice	588
armitage	483
armoire	237
armor	5648
armored	2180
armory	1077
armour	1916
armoured	680
armoury	375
armpit	858
armpits	667
armrest	114
arms	45390
armstrong	3212
army	65795
arn	416
arnaud	484
arne	856
arnesen	128
arnett	273
arnie	2260
arno	471
arnold	6145
arnott	268
aroma	1183
aromatherapy	170
aromatic	264
aron	538
arora	186
arose	876
around	471463
arousal	320
arouse	953
aroused	1527
arouses	212
arousing	447
arr	402
arraigned	371
arraignment	867
arrakis	278
arrange	13442
arranged	13475
arrangement	6715
arrangements	7321
arranges	289
arranging	1615
arras	183
array	1908
arrays	146
arre	130
arrears	275
arrest	46994
arrested	32506
arresting	4309
arrests	2752
arrgh	390
arrhythmia	471
arriba	409
arrival	7898
arrivals	725
arrive	19306
arrived	43640
arrivederci	468
arrives	7625
arriving	7175
arrogance	2378
arrogant	5748
arrogantly	139
arrow	7670
arrowhead	334
arrowheads	139
arrows	3437
arroyo	420
arrr	114
arse	7196
arsed	162
arsehole	1690
arseholes	375
arsenal	1981
arsene	172
arsenic	1242
arsenio	198
arses	530
arson	2435
arsonist	784
arsonists	197
art	54096
artagnan	871
arte	131
artefact	243
artefacts	439
artem	129
artemis	692
artemus	172
arterial	529
arteries	1301
artery	3275
artful	261
arthritic	134
arthritis	1269
arthropods	117
arthur	21491
artichoke	415
artichokes	273
article	14614
articles	4292
articulate	910
articulated	193
artie	4311
artifact	1575
artifacts	1874
artifice	150
artificial	4523
artificially	543
artillery	3401
artis	195
artisan	284
artisanal	172
artisans	228
artist	25056
artiste	576
artistes	231
artistic	4039
artistically	245
artistry	456
artists	10655
artois	174
artoo	251
arts	9831
artsy	261
artur	309
arturo	1739
artwork	1483
artworks	173
arty	508
aru	296
aruba	351
arugula	220
arul	149
arun	1199
arundel	118
arvid	296
arvin	331
arvind	321
arvo	173
arya	531
aryan	1569
aryans	258
as	1792220
asa	1026
asad	170
asada	140
asahi	346
asahina	205
asai	136
asakawa	119
asako	304
asakura	303
asakusa	184
asami	373
asano	696
asante	252
asao	139
asap	2878
asbestos	775
asbo	142
ascend	865
ascendant	299
ascended	502
ascending	492
ascends	134
ascension	740
ascent	619
ascertain	733
ascertained	228
ascetic	243
ascot	309
asda	132
ase	126
asexual	179
asgard	1036
asgardian	151
ash	8244
asha	752
ashamed	22623
ashby	503
ashcroft	208
ashe	429
asher	1125
ashes	8212
ashford	302
ashish	180
ashita	209
ashland	213
ashlee	190
ashleigh	388
ashley	10047
ashlocke	135
ashok	1091
ashoka	130
ashore	3190
ashraf	135
ashram	473
ashton	1108
ashtray	1601
ashtrays	332
ashura	185
ashurum	143
ashwin	124
ashwini	174
ashworth	199
ashy	144
asi	166
asia	5524
asian	5552
asians	703
asiatic	120
aside	20677
asif	353
asim	171
asimov	138
asinine	287
asio	143
ask	354323
aske	135
asked	171740
askew	229
askin	1135
asking	102974
asks	14655
askyou	149
aslam	440
aslan	308
asleep	37535
asli	312
asmodeus	158
aso	144
asp	155
asparagus	1132
aspect	3624
aspects	2448
aspen	989
asperger	446
aspersions	147
asphalt	814
asphyxia	178
asphyxiated	209
asphyxiation	675
aspic	118
aspirated	119
aspiration	402
aspirational	138
aspirations	954
aspire	807
aspired	230
aspires	135
aspirin	3605
aspiring	836
aspirins	251
ass	105009
assad	595
assailant	1404
assailants	366
assam	141
assange	369
assassin	5475
assassinate	1458
assassinated	1510
assassinating	180
assassination	3737
assassinations	488
assassins	2420
assault	14053
assaulted	3752
assaulting	1250
assaults	878
assay	149
assemble	2631
assembled	2385
assemblies	216
assembling	642
assembly	4720
assemblyman	248
assent	164
assert	750
asserted	169
asserting	246
assertion	277
assertive	398
asserts	123
asses	6677
assess	1749
assessed	450
assessing	429
assessment	2688
assessments	245
assessor	237
asset	4096
assets	4711
asshole	36844
assholes	6760
assign	1849
assignation	142
assigned	7308
assigning	561
assignment	9538
assignments	1879
assigns	132
assimilate	389
assimilated	365
assimilation	228
assisi	193
assist	5839
assistance	7707
assistant	24449
assistants	1967
assisted	1323
assisting	1192
assists	259
associate	6351
associated	3968
associates	4177
associating	346
association	7145
associations	580
assorted	504
assortment	398
assuage	163
assume	22616
assumed	8669
assumes	826
assuming	8235
assumption	2448
assumptions	1248
assunta	212
assurance	1256
assurances	566
assure	14943
assured	5988
assuredly	298
assures	547
assuring	240
asswipe	191
assyrian	135
ast	226
asta	300
astaire	409
aster	300
asterisk	207
asterix	298
astern	337
asteroid	3041
asteroids	1028
asthma	2598
asthmatic	306
aston	956
astonish	248
astonished	1106
astonishing	2826
astonishingly	312
astonishment	299
astor	526
astoria	342
astound	221
astounded	350
astounding	1103
astra	434
astral	628
astray	1610
astrid	1966
astride	223
astro	630
astrolabe	125
astrologer	684
astrologers	183
astrological	268
astrology	781
astronaut	4150
astronauts	2224
astronomer	867
astronomers	1344
astronomical	870
astronomy	1263
astrophysicist	195
astrophysics	282
astute	642
asu	173
asuka	631
asuna	176
asunder	452
aswell	181
asylum	4426
asylums	133
asymmetrical	216
asymmetry	116
asystole	254
at	2431398
ata	163
atacama	142
atahualpa	115
atari	553
ataru	190
atavus	312
ate	24218
atelier	188
atf	909
atheism	197
atheist	1172
atheists	391
athelstan	232
athena	1785
athenian	353
athenians	258
athens	2701
ather	191
atherton	284
athlete	3452
athletes	2459
athletic	2516
athleticism	118
athletics	543
athos	594
ativan	360
atkins	834
atkinson	380
atl	120
atlanta	3723
atlantic	5960
atlantis	2758
atlas	1182
atleast	1121
atm	2325
atmosphere	11639
atmospheres	225
atmospheric	1274
atms	226
ato	130
atoll	189
atom	2766
atomic	4028
atoms	2460
atone	1083
atoned	131
atonement	588
atop	738
atreides	331
atrial	115
atrian	130
atrians	157
atrium	348
atrocious	745
atrocities	1118
atrocity	597
atron	138
atrophied	114
atrophy	256
atropine	581
ats	152
atsuko	166
atsushi	193
att	345
atta	1003
attaboy	1892
attach	2273
attache	323
attached	9884
attaches	275
attaching	342
attachment	1533
attachments	569
attack	70583
attacked	22868
attacker	1995
attackers	742
attacking	7299
attacks	10669
attagirl	575
attain	1019
attained	560
attaining	157
attempt	15516
attempted	6898
attempting	3591
attempts	3624
attenborough	742
attend	13202
attendance	1903
attendant	2574
attendants	788
attended	3432
attendees	170
attending	4489
attendings	225
attends	544
attention	65421
attentions	520
attentive	1046
attentively	197
attest	483
atthe	230
attic	5014
attica	476
attics	135
atticus	724
attila	1000
attilio	131
attire	1088
attitude	17122
attitudes	1031
attorney	22345
attorneys	2016
attract	5088
attracted	7428
attracting	1102
attraction	4102
attractions	595
attractive	13008
attractiveness	169
attracts	1627
attribute	684
attributed	702
attributes	713
attrition	188
attuned	216
atul	117
atv	327
atwater	396
atwood	638
atypical	260
au	4419
aubergine	143
aubrey	1946
auburn	351
auckland	224
auction	6255
auctioned	455
auctioneer	579
auctioning	185
auctions	368
aud	132
auda	117
audacious	542
audacity	916
audi	1119
audible	2035
audience	30335
audiences	1565
audio	3760
audit	1299
audited	338
auditing	261
audition	8417
auditioned	662
auditioning	1051
auditions	2567
auditor	427
auditorium	1076
auditors	198
auditory	349
audra	458
audrey	7665
audrina	142
audubon	134
auerbach	211
auf	890
aug	118
augello	202
auggie	1201
augh	250
aught	318
augie	691
augment	174
augmentation	139
augmented	178
augur	356
august	10736
augusta	745
auguste	277
augustin	264
augustine	959
augusto	639
augustus	1466
auld	657
aum	334
aumea	115
aunt	45834
auntie	11127
aunties	262
auntjess	122
aunts	1620
aunty	4996
aura	1779
auras	135
aurelia	189
aurelie	641
aurelio	295
aurelius	261
aurora	1950
auroras	122
aurore	192
aus	148
ausa	184
auschwitz	1461
auspices	149
auspicious	1848
aussie	513
aussies	145
austen	934
austere	327
austerity	344
austerlitz	155
austin	6117
australia	8472
australian	3538
australians	629
australopithecus	122
austria	2650
austrian	1717
austrians	509
aut	149
authentic	3602
authenticate	301
authenticated	293
authentication	215
authenticity	860
author	6367
authorisation	430
authorise	238
authorised	765
authoritarian	259
authoritative	290
authorities	10958
authority	16265
authorization	2109
authorize	1187
authorized	3434
authorizes	114
authorizing	307
authors	1179
autism	836
autistic	739
auto	5565
autobahn	172
autobiographical	228
autobiography	748
autobot	375
autobots	772
autograph	4724
autographed	643
autographs	1112
autoimmune	265
autolycus	237
automated	1589
automatic	4932
automatically	3456
automatics	125
automation	245
automaton	204
automobile	2476
automobiles	636
automotive	463
autonomic	134
autonomous	495
autonomy	514
autopilot	662
autopsied	116
autopsies	419
autopsy	7728
autotrophs	158
autumn	5753
aux	248
auxiliary	1308
av	608
ava	4027
avail	864
availability	412
available	20347
avalanche	1439
avalanches	197
avalon	637
avalor	249
avant	180
avanti	200
avarice	284
avast	182
avatar	2286
avatars	310
ave	1959
avec	471
avenge	4364
avenged	904
avenger	908
avengers	1617
avenging	589
avenue	8333
avenues	511
aver	164
average	12100
averaged	120
averages	342
averaging	211
averse	262
aversion	512
avert	599
averted	593
avery	5199
avi	926
avian	232
aviary	143
aviation	1175
aviator	456
aviators	156
avid	463
avignon	228
avila	145
avin	161
avinash	315
avionics	132
avis	144
aviv	919
aviva	184
avm	121
avner	143
avni	183
avocado	891
avocados	305
avoid	23374
avoidance	357
avoided	3061
avoiding	5809
avoids	563
avon	1108
avram	275
avril	357
aw	32746
awa	234
await	3391
awaited	834
awaiting	3070
awaits	4388
awake	20552
awaken	1815
awakened	1545
awakening	1220
awakens	457
awakes	228
award	10055
awarded	2031
awarding	219
awards	4205
aware	29598
awareness	2270
awash	291
away	564268
awe	1992
awed	183
aweigh	125
awesome	43298
awesomely	118
awesomeness	316
awesomest	204
awful	37405
awfully	9457
awhile	5199
awk	122
awkward	12197
awkwardly	507
awkwardness	392
awning	228
awoke	988
awoken	315
awol	1309
awoman	128
awry	495
aww	5910
ax	2457
axarion	117
axe	4669
axed	218
axel	1922
axelrod	297
axes	741
axis	1489
axl	2561
axle	646
ay	7613
aya	1763
ayahuasca	205
ayako	406
ayala	294
ayanami	171
ayano	268
ayatollah	251
ayaz	275
aye	30029
ayear	123
ayers	188
ayes	142
ayesha	520
ayhan	165
ayla	403
aylin	160
ayn	379
ayngaran	230
ayo	116
ayodhya	316
ayoung	123
ayres	163
ayrton	281
ayse	286
ayukawa	278
ayumi	229
ayutthaya	114
az	155
azad	341
azalea	194
azaleas	173
azam	116
azaria	118
azerbaijan	120
azhar	275
aziz	1245
azmuth	125
azores	143
azrael	196
azt	123
aztec	738
aztecs	480
azul	594
azuma	219
azumi	137
azure	302
azusa	354
ba	5366
baa	830
baal	428
bab	186
baba	4419
babban	182
babbitt	202
babble	660
babbles	408
babbling	2504
babcock	564
babe	27518
babel	401
baber	611
babes	2417
babette	531
babi	240
babies	21235
babin	126
babineaux	160
babish	124
babli	164
babloo	157
bablu	204
baboon	1058
baboons	603
babs	945
babu	1688
babuji	239
babushka	118
baby	290496
babyface	199
babylon	2677
babylonian	280
babylonians	170
babysat	173
babysit	1942
babysitter	3382
babysitters	376
babysitting	2161
bac	242
bacall	185
bacardi	231
baccarat	283
bacchus	513
bach	1711
bachchan	457
bachelor	6250
bachelorette	870
bachelors	752
bachman	315
bacillus	141
back	1405024
backache	191
backboard	223
backbone	1373
backdoor	651
backdrop	570
backed	4558
backer	327
backers	326
backfire	574
backfired	643
backfires	329
backfiring	233
backflip	120
backgammon	453
background	15730
backgrounds	923
backhand	387
backhoe	165
backing	4594
backlash	390
backlog	268
backpack	3934
backpacking	275
backpacks	421
backpage	119
backroom	349
backs	6569
backseat	1709
backside	1482
backsides	156
backstabber	166
backstabbing	473
backstage	3059
backstop	123
backstory	343
backstreet	356
backstroke	142
backstrom	175
backto	182
backtrack	319
backup	11798
backups	375
backward	1958
backwards	8448
backwash	132
backwater	443
backwoods	370
backyard	5286
backyards	168
bacon	8411
bacteria	3738
bacterial	672
bacterium	267
bad	369996
bada	272
badass	2585
badder	150
baddest	626
baddie	126
baddies	165
bade	366
baden	125
bader	204
badge	9133
badger	1892
badgering	453
badgers	425
badges	1544
badlands	395
badly	21750
badminton	541
badmouth	223
badmouthing	140
badness	214
badri	260
badrinath	126
badshah	341
bae	994
baek	1658
baekje	713
baer	212
baez	417
baffle	158
baffled	833
baffles	188
baffling	466
bag	69186
bagby	119
bagdad	115
bagel	1608
bagels	1038
bagga	147
baggage	3549
bagged	1021
bagger	174
baggie	227
baggies	181
bagging	562
baggins	344
baggy	598
baghdad	2073
bagi	255
bagley	193
bagman	222
bagpipe	247
bagpipes	628
bags	19374
baguette	371
baguettes	142
bagwell	202
bah	2399
bahadur	435
bahamas	1324
bahar	166
bahia	444
bahrain	208
baht	1047
bai	1864
baiiu	136
bail	12295
bailar	118
bailed	2497
bailey	7241
baileys	117
bailiff	1511
bailiffs	291
bailing	1229
bailout	299
bails	159
bain	320
bainbridge	266
baines	1067
baird	793
bairn	203
bait	7852
baited	277
baiting	377
baja	637
bajaj	154
bajirao	120
bajor	575
bajoran	579
bajorans	198
bajrangbali	123
bak	373
bake	4517
baked	4359
baker	9155
bakeries	137
bakers	785
bakersfield	588
bakery	3121
bakes	360
baking	2999
bakka	125
bakker	122
baklava	204
bakshi	432
baku	267
bal	264
bala	671
balaclava	243
balagan	219
balaji	232
balam	130
balan	265
balance	13887
balanced	1881
balances	506
balancing	791
balboa	584
balconies	296
balcony	5359
bald	6428
balder	200
balderdash	166
baldev	172
baldie	182
balding	380
baldness	231
baldrick	692
baldur	160
baldwin	1752
baldy	1013
bale	859
bales	393
baley	146
balfour	321
bali	1214
balinese	124
baljeet	123
balk	131
balkan	392
balkans	559
balki	531
ball	62325
ballad	1180
ballads	315
ballantine	327
ballarat	133
ballard	1813
ballast	607
balle	179
balled	205
baller	353
ballerina	1226
ballerinas	243
ballers	115
ballet	5799
ballgame	468
balli	190
ballin	170
balling	271
ballinger	164
balliol	127
ballistic	1160
ballistics	2209
ballon	143
balloon	6642
ballooning	133
balloons	3450
ballot	1363
ballots	571
ballpark	926
ballplayer	320
ballplayers	151
ballpoint	261
ballroom	2027
balls	29799
ballsy	460
ballu	170
bally	327
balm	813
balmoral	120
balmy	310
baloney	1020
baloo	229
balraj	115
balsa	142
balsam	145
balsamic	235
baltar	569
balthasar	144
balthazar	538
baltic	747
baltimore	3522
balto	151
balu	605
balwant	225
balzac	459
bam	5623
bama	306
bamba	295
bambi	1425
bambino	284
bamboo	2564
bamboos	224
bamboozled	144
bamford	140
ban	3293
bana	182
banal	558
banality	166
banana	7491
bananas	3988
banaras	117
banco	408
bancroft	385
band	38918
banda	127
bandage	2374
bandaged	473
bandages	1978
bandana	301
bandanna	114
banded	220
banderas	122
bandi	124
bandit	4238
bandits	4470
bando	193
bandra	178
bands	4998
bandstand	316
bandwagon	257
bandwidth	247
bandy	235
bane	961
banerjee	235
banes	123
banfield	137
bang	21327
bangalore	1150
banged	2770
banger	531
bangers	453
bangin	386
banging	9652
bangkok	2411
bangladesh	597
bangle	285
bangles	1045
bangor	211
bangs	3545
bani	123
banion	133
banish	1198
banished	2275
banishing	156
banishment	421
banister	280
banjo	1581
bank	59962
bankbook	135
banked	204
banker	3738
bankers	1880
banking	2562
banknote	117
banknotes	295
bankroll	478
bankrolled	115
bankrolling	114
bankrupt	3320
bankruptcy	1930
bankrupted	210
banks	12029
banksy	183
banku	167
banned	4231
banner	3151
bannerman	502
banners	826
banning	740
bannister	756
bannon	451
banns	150
banquet	3133
banquets	241
banquo	198
bans	209
banshee	649
banshees	168
bansi	282
banta	187
bantam	124
banter	1012
banu	193
banyan	253
banyon	145
banzai	815
bao	2068
bap	189
baptise	211
baptised	353
baptism	1419
baptismal	147
baptisms	130
baptist	1379
baptiste	608
baptists	128
baptize	790
baptized	1446
bapu	493
bar	61927
bara	294
barabbas	456
barack	930
baracus	168
barak	186
baran	179
baratheon	139
barb	3449
barba	411
barbados	535
barbara	12947
barbarian	1422
barbarians	1596
barbaric	1227
barbarism	257
barbarity	158
barbarossa	152
barbarous	272
barbary	304
barbecue	5329
barbecued	453
barbecues	333
barbecuing	179
barbed	1211
barbeque	637
barber	3799
barbers	230
barbershop	834
barbi	141
barbie	4076
barbies	187
barbiturate	117
barbiturates	217
barbosa	205
barbra	585
barbs	172
barca	256
barcelona	2460
barclay	1051
barclays	141
barcode	146
bard	611
barden	210
bardo	223
bardot	329
bare	6720
bareback	270
bared	201
barefoot	1700
barefooted	129
barely	24909
barf	1101
barfed	201
barfing	157
bargain	7347
bargained	589
bargaining	1320
bargains	430
barge	3195
barged	683
barges	363
barging	1006
bari	275
baring	367
barista	450
baritone	343
barium	226
bark	4647
barked	368
barkeep	438
barker	1998
barkhaa	139
barkin	120
barking	15493
barkley	1039
barks	5074
barksdale	349
barletta	122
barley	1101
barlow	1440
barmaid	542
barman	735
barmy	367
barn	9047
barnabas	502
barnaby	1802
barnacle	287
barnacles	346
barnard	344
barnes	5233
barnet	119
barnett	876
barney	7839
barneys	194
barns	387
barnum	398
barnyard	327
barometer	389
barometric	122
baron	8441
barone	405
baroness	1913
baronet	185
barons	752
baroque	511
barosky	129
barr	567
barra	199
barrack	333
barracks	3488
barracuda	519
barrage	724
barratt	146
barre	127
barred	1183
barrel	7217
barreling	174
barrels	2354
barren	1923
barret	426
barrett	2828
barrette	121
barricade	1294
barricaded	448
barricades	799
barrie	337
barrier	4413
barriers	1381
barring	543
barrington	435
barrio	362
barrios	143
barris	167
barrister	941
barristers	181
barron	386
barroom	212
barrow	1385
barrows	292
barry	16213
barrymore	483
bars	13738
barstool	129
barstow	307
bart	6192
bartender	5363
bartenders	387
bartending	335
barter	663
bartered	134
bartering	140
barth	146
bartholomew	759
bartleby	357
bartlet	567
bartlett	1353
bartok	190
bartolo	129
bartolomeo	148
barton	2134
bartowski	554
barts	194
baruch	271
baryshnikov	122
bas	391
basal	159
basalt	166
basanti	268
bascom	156
bascombe	142
base	29547
baseball	14106
baseballs	166
based	26829
basel	228
baseless	309
baseline	539
baseman	346
basement	14645
basements	367
bases	2695
bash	3714
basha	191
bashar	134
bashed	1289
basher	194
bashes	133
bashful	687
bashing	712
bashir	717
basho	116
basia	182
basic	12130
basically	26461
basics	2020
basie	151
basil	2677
basilica	303
basilio	219
basilisk	137
basin	1584
basing	490
basins	189
basis	8975
bask	462
baskerville	317
basket	7897
basketball	9350
basketballs	124
baskets	1378
baskin	138
basking	392
basque	729
basques	129
basra	359
bass	6760
bassam	428
bassem	133
basset	291
bassett	411
bassinet	140
bassist	169
bassoon	171
bast	191
basta	395
bastard	59332
bastards	16864
baste	225
baster	143
bastian	250
bastien	219
bastille	632
bastion	439
bastogne	124
bat	13294
bata	150
bataan	121
batcave	322
batch	3338
batches	269
bate	114
bateman	277
bates	2967
batgirl	534
bath	22866
bathe	2717
bathed	1235
bathes	218
bathhouse	512
bathing	4016
bathrobe	745
bathroom	39095
bathrooms	1734
baths	2370
bathsheba	200
bathtub	3340
bathtubs	161
bathwater	162
batiatus	307
batista	480
batiste	144
batman	11300
batmobile	495
baton	1690
batons	190
batou	248
bats	3852
batshit	194
batsman	251
battaglia	123
battalion	3762
battalions	500
batted	209
batten	337
batter	2493
battered	1409
batteries	4649
battering	525
batters	139
battersea	182
battery	550000
batting	1806
battista	165
battle	42785
battled	591
battlefield	4064
battlefields	359
battlefront	117
battleground	384
battlements	232
battles	5133
battleship	1192
battleships	414
battlestar	380
battling	1755
batty	638
batu	127
bau	210
bauble	224
baubles	234
baudelaire	391
baudelaires	144
bauer	3380
bauji	129
baum	316
bauman	116
baumann	178
baumer	119
baumgartner	119
bavaria	673
bavarian	492
bawdy	193
bawk	1508
bawl	238
bawled	152
bawling	647
bax	275
baxter	4630
bay	15777
bayan	126
bayard	177
baying	197
baylin	257
bayliss	476
baylor	952
bayon	281
bayonet	762
bayonets	571
bayonne	304
bayou	785
bayram	173
bayreuth	114
bays	408
bayside	220
baywatch	388
baz	588
bazaar	1134
baze	442
bazooka	671
bazookas	121
bb	1222
bbc	3305
bbq	364
bbs	199
bc	1711
bd	116
be	4210868
bea	2912
beach	36841
beached	275
beaches	2406
beachfront	143
beachhead	173
beacon	3164
beacons	311
bead	949
beaded	148
beadle	156
beads	2067
beady	377
beagle	676
beak	1700
beaker	432
beakers	142
beakley	151
beaks	500
beal	210
beale	859
beals	223
beam	7674
beamed	640
beamer	272
beaming	690
beams	2140
bean	5627
beanbag	286
beaner	139
beanie	465
beano	130
beanpole	163
beans	9553
beanstalk	263
bear	48674
bearable	528
beard	9718
bearded	1272
beards	834
beardsley	150
bearer	1436
bearers	331
bearing	5544
bearings	1059
bears	9466
bearskin	132
beasley	297
beast	18414
beastie	286
beastly	786
beastmaster	187
beasts	4127
beat	89787
beata	117
beatbox	123
beatboxing	305
beatdown	220
beate	246
beaten	13120
beater	434
beaters	147
beatin	259
beating	20006
beatings	950
beatle	330
beatles	2680
beatnik	173
beaton	130
beatrice	3007
beatrix	275
beatriz	650
beats	10517
beatty	385
beau	2755
beauchamp	297
beaucoup	527
beaufort	366
beaujolais	197
beaulieu	185
beaumont	1377
beauregard	363
beaut	567
beauteous	192
beautician	264
beauties	1793
beautification	120
beautiful	200811
beautifull	116
beautifully	5095
beautify	133
beauty	37515
beauvoir	140
beav	184
beaver	2862
beavers	631
beavis	332
beba	208
bebe	847
bebo	228
bebop	616
bec	297
beca	203
became	53603
because	880112
becca	3417
beck	3601
becker	1929
becket	323
beckett	4045
beckham	620
beckman	452
beckon	206
beckoned	172
beckoning	220
beckons	417
becks	564
beckwith	280
becky	7053
become	128716
becomes	21768
becoming	19723
becuase	132
bed	131445
bedazzled	119
bedbug	149
bedbugs	495
bedchamber	253
bedded	203
bedding	793
bedfellows	152
bedford	1022
bedlam	355
bedouin	336
bedpan	339
bedpans	181
bedpost	175
bedridden	371
bedrock	757
bedroom	23542
bedrooms	2356
beds	6300
bedsheets	160
bedside	1590
bedspread	279
bedtime	3748
bee	9409
beech	469
beecham	194
beecher	667
beechum	129
beef	12560
beefcake	182
beefed	158
beefing	224
beefs	210
beefsteak	163
beefy	316
beehive	528
beej	169
beekeeper	202
beekman	159
beeline	179
beelzebub	344
beeman	161
beemer	292
been	1265150
beena	131
beene	211
beep	12076
beeped	185
beeper	768
beeping	24670
beeplng	182
beeps	16989
beer	48641
beers	6435
bees	5854
beeswax	357
beet	620
beethoven	2773
beetle	2751
beetlejuice	126
beetles	1003
beetroot	237
beets	890
bef	299
befall	575
befallen	281
befalls	139
befell	237
befits	204
befitting	349
befor	124
before	578606
beforehand	1905
befriend	629
befriended	493
befriending	148
beg	36807
began	30049
begat	283
beget	233
begets	271
beggar	3917
beggars	1954
begged	5786
beggin	364
begging	12730
begin	43130
begining	204
beginner	1262
beginners	564
beginning	50069
beginnings	1494
begins	15758
begone	559
begonias	116
begotten	200
begrudge	347
begs	1372
beguile	137
beguiled	125
beguiling	189
begum	264
begun	10285
beh	139
behalf	11840
behave	14851
behaved	3227
behaves	1148
behaving	4068
behavior	14984
behavioral	933
behaviors	459
behaviour	6624
behavioural	222
behaviours	176
behead	548
beheaded	1255
beheading	372
beheld	278
behemoth	283
behest	371
behind	148469
behinds	190
behold	5141
beholden	310
beholder	267
behrooz	125
bei	452
beige	1023
beijing	2679
bein	2021
being	386528
beings	11805
beirut	996
bejesus	136
beka	992
bekir	296
bel	971
bela	807
belarus	246
belasco	140
belated	334
belay	395
belch	477
belcher	296
belches	917
belching	333
belden	177
belding	118
beldon	144
beleaguered	160
beleive	140
belen	206
belenko	155
belfast	1014
belfry	231
belgian	1809
belgians	376
belgium	2390
belgrade	1301
belial	135
belie	141
belief	7284
beliefs	3852
believable	1191
believe	403874
believed	29337
believer	2443
believers	1334
believes	13985
believeth	246
believin	161
believing	7311
belinda	1496
belittle	480
belittled	178
belittling	164
belive	323
belize	510
belker	178
bell	42299
bella	4833
belladonna	277
bellagio	179
bellamy	1060
bellas	127
bellboy	400
belldandy	158
belle	5182
bellefleur	169
beller	123
belles	237
belleville	176
bellevue	537
bellhop	281
belli	173
bellick	149
bellies	1034
belligerent	372
bellingham	117
bellini	315
bellissima	123
bellman	303
bello	552
bellow	317
bellowing	688
bellows	1299
bells	11222
belly	11442
bellyache	210
bellyaching	175
bellybutton	221
bellyful	162
belmont	587
belong	31225
belonged	8061
belonging	2352
belongings	3053
belongs	22870
belov	158
beloved	16136
below	20771
belphegor	172
belsen	120
belson	352
belt	15707
belted	237
belter	159
beltham	125
belthazor	154
belting	159
beltran	267
belts	2721
beltway	276
beluga	303
belushi	118
belvedere	440
bem	359
ben	56502
benadryl	166
bench	7419
benched	318
benches	682
benchley	124
benchmark	195
bend	9739
bended	236
bender	3266
benders	202
bending	1850
bendix	159
bends	1200
bendy	227
bene	763
beneath	10937
benedetto	191
benedict	2117
benedictine	115
benediction	144
benedikt	146
benefactor	1199
benefactors	258
beneficial	1268
beneficiaries	222
beneficiary	857
benefit	11751
benefited	584
benefiting	200
benefits	6150
benes	134
benevolence	441
benevolent	1020
benford	154
bengal	810
bengali	736
benghazi	248
bengt	276
beni	203
benidorm	329
benign	1007
benihana	115
benin	202
benitez	212
benito	1159
benjamin	6777
benji	1223
benjie	163
benjy	590
benn	118
bennet	1879
bennett	4696
bennie	740
bennigan	219
benning	231
bennington	135
benno	154
benny	7990
benoit	674
benry	115
benson	4705
bensonhurst	122
bent	5941
bente	135
bentley	1927
bento	252
benton	2248
benvolio	175
benz	791
benzene	190
benzi	137
beom	143
beowulf	478
bequeath	493
bequeathed	309
bequest	189
ber	160
berate	176
berber	190
berchtesgaden	137
bereaved	402
bereavement	336
bereft	342
berenice	195
berenson	216
beresford	271
beret	665
berets	239
beretta	444
berg	1152
bergamo	122
bergdorf	169
bergen	708
berger	1411
bergerac	191
berghof	122
bergin	118
berglund	114
bergman	984
bergstrom	153
beria	119
bering	451
berit	198
berk	604
berkeley	1528
berkley	147
berkowitz	244
berkshire	213
berle	223
berlin	11871
berliner	156
berlioz	140
berlusconi	209
berm	236
berman	742
bermuda	1359
bern	553
bernadette	1533
bernard	6419
bernardes	182
bernardino	245
bernardo	948
bernays	255
bernd	211
berne	124
bernhard	347
bernhardt	307
bernice	1048
bernie	5015
bernier	141
bernini	184
bernstein	989
berries	2068
berry	2824
berserk	1170
berserker	237
bert	5008
berta	1251
berth	799
bertha	1384
berthaud	136
berthe	198
berthier	206
berti	122
bertie	1886
bertil	117
berto	232
bertram	912
bertrand	925
berwick	163
beryl	673
beryllium	147
bes	161
beseech	1267
beset	242
beside	11813
besides	53110
besieged	491
besmirch	136
besotted	277
bespoke	203
bess	1872
bessie	1372
bessy	114
best	307071
bested	324
bester	157
bestest	375
bestial	218
bestiality	206
bestie	266
besties	270
bestow	904
bestowed	871
bestowing	127
bestows	175
bestseller	510
bestselling	130
bet	91573
beta	2628
betadine	160
betamax	116
betcha	1244
betel	544
betelgeuse	124
beth	12061
bethan	140
bethany	1826
bethel	160
bethesda	386
bethlehem	1093
beti	138
betide	173
beto	419
betray	8895
betrayal	4185
betrayals	184
betrayed	13199
betrayer	752
betrayers	133
betraying	2010
betrays	783
betrothal	432
betrothed	940
bets	5958
betsey	325
betsy	3050
betta	124
bette	1531
better	520328
betterment	339
betters	221
betterthan	246
bettie	494
bettina	598
betting	5082
betts	280
betty	13426
between	152520
betwixt	181
beulah	238
bev	1348
bevan	324
beverage	1351
beverages	623
beverley	221
beverly	5562
bevin	127
bevy	223
bew	152
beware	5665
bewildered	613
bewildering	197
bewitch	144
bewitched	916
bewitching	273
bex	174
bey	1442
beyonce	485
beyond	34595
bf	221
bff	570
bffs	252
bg	121
bhabhi	382
bhagat	385
bhai	2415
bhaiyya	174
bhalla	121
bhangra	181
bhanu	417
bharat	560
bharathi	134
bhaskar	320
bhau	311
bhavani	513
bhayya	263
bhola	450
bhopal	183
bhushan	137
bhutan	216
bhuvan	210
bi	2020
bia	157
bianca	2513
bianchi	442
bianco	238
biao	147
biarritz	204
bias	1192
biased	900
biatch	170
bib	383
biba	155
bibble	145
biberkopf	129
bibi	602
bible	13193
bibles	546
biblical	1764
bibs	132
bic	230
bicarb	181
bicarbonate	304
bice	132
bicentennial	140
bicep	276
biceps	480
bick	125
bicker	357
bickering	964
bicycle	5880
bicycles	919
bid	8821
bidder	1126
bidders	183
biddies	139
bidding	3344
biddle	253
biddy	362
bide	459
biden	197
bidet	351
bidibidibidi	116
biding	293
bids	1259
bidwell	122
bieber	858
biederman	117
bien	2000
bienvenue	128
bier	169
biff	1107
big	417218
bigamist	157
bigamy	279
bigelow	545
bigfoot	1650
bigger	41873
biggest	33564
biggie	1563
biggins	156
biggles	136
biggs	831
bighorn	179
bigmouth	191
bigot	496
bigoted	204
bigotry	342
bigots	210
bigs	152
bigshot	159
bigtime	351
bigwig	284
bigwigs	276
bihar	228
bihari	200
biji	117
bijou	350
bike	24233
biker	1388
bikers	918
bikes	3318
biking	429
bikini	2725
bikinis	671
biko	157
bikram	118
bilal	651
bilateral	359
bilaterally	152
bilbao	263
bilbo	482
bilderberg	124
bile	680
bilfran	568
bilge	401
bilingual	241
bilko	1120
bill	65959
billa	397
billable	147
billboard	1332
billboards	638
billed	406
billet	205
billeted	122
billiard	584
billiards	566
billie	3695
billing	1095
billings	995
billingsley	183
billington	134
billion	14895
billionaire	1979
billionaires	421
billions	5058
billionth	122
billowing	148
billows	118
bills	13286
billu	294
billy	37951
biloxi	160
bilson	132
biltmore	156
bim	323
bimba	209
bimbo	1181
bimbos	277
bin	7468
binary	788
bind	2792
binder	717
binders	171
binding	1573
bindings	138
bindiya	204
binds	815
bindu	256
binford	306
bing	2356
binge	771
bingham	584
binghamton	124
bingley	549
bingo	7807
bingum	487
binh	115
bink	160
binks	133
binky	514
binney	129
binoculars	1508
bins	966
bio	1251
biochemical	365
biochemist	190
biochemistry	317
biodegradable	184
biodiversity	197
biographer	227
biographies	191
biography	1110
biohazard	274
biological	5164
biologically	531
biologist	978
biologists	384
biology	3617
bioman	116
biometric	281
biometrics	172
bionic	432
biopsy	1402
bioriod	117
bios	138
biosphere	162
biotech	369
biotechnology	155
bioweapon	122
bip	177
bipartisan	138
bipolar	952
bir	120
birch	1177
bird	37711
birdbath	129
birdbrain	184
birdcage	189
birdhouse	228
birdie	2179
birdies	332
birdman	277
birds	29028
birdseed	172
birdsong	648
birdwell	143
birdy	636
birger	179
birgit	203
birgitta	233
birgitte	381
biriyani	221
birju	156
birk	213
birkenau	128
birkhoff	436
birkin	118
birkoff	669
birmingham	1508
biro	187
biron	125
birth	29167
birthday	72140
birthdays	2189
birthed	209
birthing	587
birthmark	1013
birthmarks	115
birthplace	888
birthright	666
births	661
biryani	478
biryu	141
bis	196
bisbee	165
biscayne	213
biscotti	298
biscuit	2814
biscuits	3496
bisexual	822
bish	179
bishop	11803
bishops	792
bisley	119
bismarck	762
bismillah	172
bison	930
bisque	222
bissell	126
bist	148
bistro	772
bit	258929
bitch	101302
bitched	156
bitches	9695
bitchin	530
bitching	1100
bitchy	1015
bitcoin	742
bitcoins	187
bite	27719
biter	342
bites	4008
biting	3519
bits	9246
bitsy	355
bitte	496
bitten	3630
bitter	9785
bitterly	694
bitterman	195
bitterness	1555
bitters	216
bittersweet	521
bittoo	180
bittu	281
bitty	672
biu	134
bivouac	196
bix	238
bixby	471
biz	1039
bizarre	5128
bizarrely	177
bizarro	420
bizzy	170
bj	878
bjarne	328
bjorn	872
bk	141
bl	184
bla	641
blab	397
blabbed	214
blabber	346
blabbering	840
blabbermouth	273
blabbing	453
black	123718
blackadder	786
blackballed	165
blackbeard	406
blackberries	287
blackberry	811
blackbird	680
blackbirds	191
blackboard	735
blackburn	502
blacked	1487
blacken	211
blackened	492
blacker	289
blackest	309
blackface	128
blackfoot	159
blackguard	213
blackie	1512
blacking	230
blackjack	1399
blacklist	286
blacklisted	390
blacklock	120
blackmail	6988
blackmailed	1655
blackmailer	893
blackmailers	134
blackmailing	2379
blackman	133
blackness	610
blackout	2684
blackouts	759
blackpool	535
blacks	2904
blacksmith	1686
blacksmiths	176
blackstone	381
blackthorn	128
blacktop	121
blackwater	215
blackwell	538
blackwood	398
blacky	432
bladder	2227
bladders	175
blade	10100
blades	3418
blag	125
blah	11108
blaine	2009
blair	5588
blaire	314
blaisdel	163
blaisdell	135
blaise	257
blake	18491
blakely	532
blakeney	127
blam	447
blame	44534
blamed	5140
blameless	405
blames	1862
blaming	5492
blanc	741
blanca	1105
blanchard	754
blanche	4682
blanco	648
bland	1152
blane	399
blaney	148
blank	6956
blanked	235
blankenship	328
blanket	8580
blankets	3060
blankie	212
blanking	116
blanks	1695
blare	400
blares	2668
blaring	6515
blarney	182
blas	139
blaspheme	264
blasphemer	217
blasphemous	418
blasphemy	1131
blast	13764
blasted	2863
blaster	847
blasters	337
blasting	1943
blastoff	143
blasts	1314
blatant	778
blatantly	405
blather	141
blathering	237
blaylock	121
blayne	116
blaze	1963
blazed	225
blazer	926
blazers	176
blazes	883
blazing	1581
ble	203
bleach	1671
bleached	427
bleachers	662
bleaching	206
bleak	1412
bleat	260
bleating	1324
bleats	484
blech	299
bled	2547
bledsoe	155
bleecker	127
bleed	7050
bleeder	465
bleeders	152
bleedin	734
bleeding	20017
bleeds	1129
bleep	23861
bleeping	872
bleeps	499
bleh	327
blemish	353
blemishes	121
blend	3498
blended	641
blender	1283
blending	596
blends	347
blenheim	119
bless	23587
blessed	12960
blesses	270
blessing	8982
blessings	4210
bletchley	144
bleu	484
blew	17768
bligh	724
blight	484
blighted	174
blighter	240
blimey	2197
blimp	616
blind	35066
blinded	2543
blinder	119
blinders	279
blindfold	1426
blindfolded	1192
blindfolds	242
blinding	1218
blindly	1382
blindness	1310
blinds	1651
blindside	248
blindsided	507
bling	890
blink	3893
blinked	532
blinker	249
blinkers	135
blinking	1534
blinks	284
blinky	380
blip	763
blipping	166
blips	275
bliss	3377
blissful	585
blissfully	269
blister	575
blistered	142
blistering	456
blisters	862
blithe	180
blithely	123
blithering	224
blitz	1006
blitzed	170
blitzen	268
blitzkrieg	228
blizzard	1274
blizzards	185
bloat	206
bloated	1073
bloating	148
blob	865
blobs	236
bloc	571
bloch	290
block	25785
blockade	1107
blockage	527
blockbuster	645
blockbusters	127
blocked	6747
blocker	322
blockers	298
blockhead	724
blockheads	182
blocking	4340
blocks	10290
blog	3217
blogger	455
bloggers	238
blogging	211
blogs	499
bloke	8066
blokes	2106
blomkvist	149
blond	5132
blonde	9536
blondes	1052
blondie	1769
blonds	232
blood	147913
bloodbath	924
blooded	450
bloodhound	447
bloodhounds	239
bloodied	340
bloodiest	248
bloodless	263
bloodletting	159
bloodline	892
bloodlines	235
bloodlust	253
bloods	709
bloodshed	2140
bloodshot	271
bloodstain	244
bloodstained	303
bloodstains	439
bloodstream	1091
bloodsucker	275
bloodsuckers	218
bloodsucking	175
bloodthirsty	928
bloody	54026
bloom	5238
bloomberg	178
bloomed	532
bloomer	251
bloomers	234
bloomfield	144
bloomin	272
blooming	1484
bloomingdale	246
bloomington	120
blooms	835
bloop	172
blooper	124
bloopers	128
blore	177
blossom	3645
blossomed	794
blossoming	599
blossoms	1815
blot	635
blotted	140
blotter	265
blount	144
blouse	2869
blouses	256
blow	58531
blowback	233
blowed	286
blower	715
blowers	125
blowfish	304
blowhard	251
blowhole	170
blowin	472
blowing	15705
blowjob	1108
blowjobs	417
blown	11886
blowout	690
blows	16823
blowtorch	563
blowup	153
blt	260
blu	276
blubber	450
blubbering	456
blud	419
bludgeon	181
bludgeoned	386
blue	68839
bluebeard	290
bluebell	730
blueberries	530
blueberry	1325
bluebird	632
bluebirds	209
bluegrass	341
blueprint	1040
blueprints	1599
bluer	200
blues	6412
bluestone	153
bluesy	214
bluetooth	480
bluey	190
bluff	3266
bluffed	187
bluffing	3143
bluffs	275
bluish	180
blum	355
blume	165
blunder	782
blundered	140
blundering	276
blunders	234
blunt	4425
bluntly	454
blur	1997
blurb	147
blurred	1024
blurring	190
blurry	1179
blurt	384
blurted	275
blush	1917
blushed	245
blushes	165
blushing	1441
bluster	197
bluth	332
bluto	149
blvd	125
bly	368
blye	398
blythe	485
bm	136
bmi	135
bmo	186
bmw	2034
bmx	180
bo	9661
boa	848
boabby	148
boar	2057
board	48666
boarded	1878
boarder	321
boarders	313
boarding	7121
boardinghouse	128
boardroom	598
boards	3423
boardwalk	729
boars	462
boast	1313
boasted	400
boastful	174
boasting	715
boasts	357
boat	62148
boathouse	522
boating	717
boatload	310
boatman	456
boatmen	119
boats	8192
boatshed	117
boatswain	272
boatyard	135
boaz	312
bob	45572
boba	267
bobbi	814
bobbie	1037
bobbin	117
bobbing	485
bobble	179
bobblehead	151
bobby	31434
bobcat	333
bobcats	124
bobo	2627
bobs	280
bobsled	147
boca	868
boche	204
bock	211
bod	507
bodacious	260
bodaway	119
bode	360
bodega	595
boden	397
bodes	145
bodhi	260
bodhisattva	192
bodi	137
bodice	246
bodie	502
bodies	28945
bodil	143
bodily	1504
bodine	206
bodmin	118
bodnar	160
bodo	152
body	168798
bodybuilder	154
bodybuilding	137
bodyguard	4593
bodyguards	1860
bodywork	165
boeing	386
boel	210
boer	313
boers	207
boeuf	125
boff	114
boffin	165
bog	1329
bogart	764
bogdan	346
bogey	688
bogeyman	471
bogeys	172
bogged	505
boggle	230
boggles	185
boggs	450
bogie	241
bogies	146
bogo	285
bogota	331
bogs	382
bogus	2057
boh	124
bohannon	687
bohemia	316
bohemian	716
bohm	209
bohr	338
boi	233
boil	4146
boiled	2917
boiler	2117
boilerplate	117
boilers	268
boiling	3775
boils	1394
boing	651
boink	174
bois	477
boise	456
boisterous	304
bojack	947
bojangles	135
bok	727
boko	185
boku	407
bokura	153
bol	138
bolan	142
boland	116
bold	7100
bolder	479
boldest	136
boldly	1006
boldness	393
bolero	257
boleyn	362
bolger	129
bolin	308
bolingbroke	176
bolivar	319
bolivia	1036
bolivian	418
boll	124
bollinger	188
bollo	128
bollock	161
bollocking	123
bollocks	4045
bolly	250
bollywood	661
bolo	974
bologna	1457
bolognese	318
bolshevik	541
bolsheviks	605
bolshevism	129
bolshoi	203
bolster	310
bolt	4726
bolted	1256
bolting	162
bolton	1008
bolts	1761
bolus	301
bom	1105
bomb	38395
bomba	131
bombard	299
bombarded	484
bombardier	244
bombarding	199
bombardment	703
bombastic	125
bombay	3111
bombed	2516
bomber	3779
bombers	2144
bombing	5112
bombings	931
bombs	10459
bombshell	909
bon	5471
bona	786
bonanza	545
bonaparte	870
bonasera	233
bonaventure	164
bonbon	162
bonbons	215
bond	13131
bondage	1068
bonded	1494
bondi	125
bonding	2088
bonds	4681
bondsman	251
bone	19546
boned	414
bonehead	699
boneheads	151
boneless	201
boner	1712
boners	255
bones	23635
boney	251
boneyard	137
bonfire	1437
bonfires	220
bong	2996
bongo	734
bongos	222
bongs	139
bonham	233
boniface	127
bonifacio	146
boning	560
bonita	464
bonito	217
bonjour	2574
bonk	345
bonkers	929
bonn	315
bonne	339
bonner	642
bonnet	1510
bonnets	141
bonneville	183
bonney	131
bonnie	8269
bonny	906
bono	1707
bonsai	287
bonsoir	696
bonus	6470
bonuses	754
bony	784
bonzo	280
boo	8795
boob	2171
boobie	229
boobies	1027
booboo	117
boobs	6711
booby	1538
booed	259
boof	162
boog	366
boogaloo	117
booger	735
boogers	335
boogey	202
boogeyman	441
boogie	2470
booing	1694
book	113963
bookcase	465
booked	8926
booker	909
bookie	1370
bookies	553
booking	2336
bookings	393
bookish	121
bookkeeper	592
bookkeeping	430
booklet	415
booklets	122
bookmaker	244
bookmaking	152
bookman	245
bookmark	232
books	43897
bookseller	167
bookshelf	386
bookshelves	186
bookshop	576
bookstore	1881
bookstores	209
bookworm	385
boola	120
boologham	135
boom	19432
boomer	1295
boomerang	685
boomers	150
boomhauer	207
booming	1620
booms	658
boon	1199
boondocks	142
boone	2662
boonie	122
boonies	240
boons	114
boop	1015
boor	304
boorish	232
boorman	198
boos	377
boosh	152
boost	3472
boosted	460
booster	1272
boosters	444
boosting	373
boosts	186
boot	8127
booted	583
booth	11880
booths	599
bootie	182
booties	404
booting	121
bootleg	468
bootlegger	230
bootleggers	166
bootlegging	173
boots	14143
bootsy	132
booty	3716
booyah	304
booyakasha	115
booze	8781
boozed	123
boozer	360
boozing	481
boozy	162
bop	1220
bor	130
bora	893
borat	194
bordeaux	1093
bordello	226
borden	1053
border	16172
bordered	139
bordering	395
borderline	1112
borders	3538
bore	6136
borealis	225
bored	17028
boredom	2131
bores	692
borg	1654
borges	209
borgia	1364
borgias	227
borin	133
boring	23737
boris	5346
bork	246
borland	147
borman	227
bormann	195
born	71906
borne	1103
borneo	569
bornholm	121
borns	148
boron	128
borough	745
boroughs	296
borrow	18900
borrowed	7976
borrower	215
borrowers	159
borrowing	2044
borrows	249
borscht	358
borstal	143
bos	289
bosch	756
bosco	982
bose	645
bosh	374
bosinney	115
bosley	220
bosnia	1154
bosnian	538
bosom	1955
bosoms	362
boson	235
bosphorus	130
boss	116736
bossa	222
bosse	170
bossed	172
bosses	4320
bossing	463
bossy	1255
boston	11484
bosun	331
boswell	312
bosworth	254
bot	944
botanical	566
botanist	338
botany	486
botch	209
botched	815
both	270720
bother	44619
bothered	8977
bothering	11383
bothers	5226
bothersome	353
bothwell	280
botox	815
bots	600
botswana	281
botticelli	218
bottle	38229
bottled	1466
bottleneck	206
bottles	10606
bottling	317
bottom	36680
bottomed	134
bottomless	772
bottoms	2347
bottu	128
botulism	188
botwin	233
bouchard	160
boucher	202
boudoir	505
boudreau	223
bough	356
boughs	327
bought	65752
bougie	125
bouillabaisse	236
bouillon	184
boulder	1544
boulders	787
boulet	204
boulevard	2327
boulevards	155
boulogne	289
bounce	5701
bounced	2024
bouncer	1144
bouncers	339
bounces	730
bouncing	2682
bouncy	997
bound	14619
boundaries	4012
boundary	1891
bounded	179
bounder	136
bounding	147
boundless	725
bounds	1898
bounties	148
bountiful	475
bounty	4430
bouquet	2663
bouquets	333
bourbon	2998
bourbons	196
bourgeois	2087
bourgeoisie	593
bourguignon	131
bourne	685
bournemouth	250
bout	9588
boutique	1078
boutiques	114
boutros	127
bouts	447
bouvier	215
bovary	310
bovie	134
bovine	265
bow	15423
bowden	338
bowed	814
bowel	1424
bowels	1336
bowen	774
bower	469
bowers	655
bowery	339
bowie	1472
bowing	790
bowl	14401
bowled	632
bowler	944
bowlers	176
bowles	200
bowling	6056
bowls	2135
bowman	1522
bows	1418
bowtie	139
box	64788
boxcar	234
boxed	978
boxer	3537
boxers	1616
boxes	11699
boxey	185
boxing	6435
boxy	130
boy	302508
boyar	175
boyars	167
boyce	435
boycie	275
boycott	826
boycotting	201
boyd	5892
boyer	335
boyfriend	53124
boyfriends	3598
boyhood	363
boyish	354
boyka	208
boykewich	170
boylan	169
boyle	1996
boynton	288
boyo	304
boys	132594
boysenberry	116
boyz	545
boz	289
bozer	200
bozo	1056
bozos	436
bozxphd	242
bp	2847
br	2282
bra	6189
brabant	124
braca	123
brace	3293
braced	181
bracelet	5753
bracelets	1641
braces	1736
bracing	331
brack	181
bracken	382
brackenreid	269
bracket	572
brackets	343
brackett	334
bracknell	168
brad	12442
bradbury	286
braddock	978
braden	372
bradfield	224
bradford	1810
bradley	3988
bradshaw	826
brady	4128
brag	2582
braga	221
bragg	606
braggart	197
bragged	465
bragging	2098
brags	193
brah	1122
brahma	538
brahmin	375
brahmins	122
brahms	564
braid	879
braided	237
braiding	146
braids	573
braille	328
brain	59464
brainchild	206
brainiac	657
brainless	685
brainpower	118
brains	18320
brainstorm	572
brainstorming	338
brainwash	388
brainwashed	1237
brainwashing	580
brainwave	200
brainwaves	182
brainy	535
braised	438
braithwaite	299
brake	4994
braked	127
brakes	6958
braking	657
bram	562
bramble	148
brambles	140
bran	857
branca	219
branch	9598
branched	117
branches	3765
branching	293
branco	236
brand	13107
branded	1254
brandeis	168
brandenburg	318
brandi	859
brandies	168
branding	691
brandishing	189
brando	1218
brandon	8518
brands	1239
brandt	1282
brandy	6713
branko	211
brannan	194
brannigan	288
branson	726
brant	617
brantley	170
branwell	181
bras	1151
brash	378
brasil	184
brasilia	128
brass	6019
brassiere	296
brassy	121
brat	6073
bratislava	173
brats	1789
bratton	163
bratty	155
bratva	199
bratwurst	220
brauer	158
braun	1476
brava	534
bravado	409
brave	26990
braved	192
braveheart	240
bravely	1445
braver	746
braverman	450
bravery	2710
braves	489
bravest	1334
braving	132
bravissimo	122
bravo	16320
brawl	1329
brawler	148
brawling	327
brawls	240
brawn	581
braxton	655
bray	575
brayden	180
braying	411
brays	151
brazen	808
brazenly	142
brazil	6802
brazilian	2914
brazilians	397
bre	157
brea	290
breach	5520
breached	1223
breaches	416
breaching	267
bread	24828
breadcrumbs	296
breaded	145
breads	221
breadsticks	211
breadth	388
breadwinner	262
break	143107
breakable	118
breakage	135
breakaway	262
breakdown	4517
breakdowns	297
breaker	1776
breakers	636
breakfast	40285
breakfasts	349
breakin	541
breaking	32321
breakout	572
breaks	14045
breakthrough	3096
breakthroughs	445
breakup	2334
breakups	274
bream	368
breast	7568
breastfeed	261
breastfeeding	406
breastplate	160
breasts	8109
breath	33176
breathable	262
breathalyzer	255
breathe	32841
breathed	1080
breather	1052
breathers	154
breathes	4151
breathing	31306
breathless	844
breathlessly	198
breaths	2856
breathtaking	1125
brecht	241
breck	284
bred	1606
bree	2198
breech	417
breeches	315
breed	4752
breeder	522
breeders	336
breeding	3196
breeds	916
breeland	379
breen	585
breeze	6478
breezes	409
breezy	539
bremen	330
bremer	334
bremner	118
bren	972
brenda	6576
brendan	3311
brendon	356
brenna	312
brennan	4884
brenner	1174
brent	3489
brentwood	323
brer	160
bresson	160
brest	182
bret	1242
brethren	1371
breton	360
brett	4298
breuer	115
brevity	154
brew	2076
brewed	487
brewer	772
breweries	150
brewers	181
brewery	1126
brewing	1422
brews	214
brewski	122
brewster	1596
brexit	264
brezhnev	263
bri	941
brian	25604
briana	235
brianna	887
briar	458
briareos	218
bribe	5227
bribed	1562
bribery	1236
bribes	1748
bribing	752
brice	745
brick	9209
bricked	148
bricklayer	293
brickleberry	132
bricks	3340
bridal	1965
bride	19249
bridegroom	1248
brides	1011
brideshead	123
bridesmaid	1109
bridesmaids	842
bridey	189
bridge	32588
bridgeport	253
bridger	573
bridges	3834
bridget	3567
bridgette	543
bridgewater	119
bridging	132
bridie	185
bridle	336
brie	713
brief	9876
briefcase	5085
briefcases	185
briefed	1295
briefest	116
briefing	3220
briefings	291
briefly	2994
briefs	991
brien	3149
brig	1092
brigade	3321
brigades	437
brigadier	1619
brigand	195
brigands	257
briggs	3223
brigham	326
bright	26241
brighten	998
brightened	195
brightening	149
brightens	203
brighter	2493
brightest	1936
brightly	1084
brightness	765
brighton	1760
brigid	153
brigitte	1098
brill	251
brilliance	1156
brilliant	28972
brilliantly	1249
brillo	118
brim	597
brimmer	199
brimming	371
brimstone	522
brine	357
bring	247343
bringer	287
bringin	396
bringing	33020
brings	27005
brinjal	120
brink	2177
brinkley	399
brinkman	203
briny	221
brioche	211
briony	193
bris	209
brisbane	323
brisco	138
briscoe	887
brisk	574
brisket	473
bristles	237
bristol	1394
bristow	588
brit	778
brita	190
britain	11077
britannia	671
britches	694
brite	131
british	29069
britney	2041
briton	134
britons	324
brits	879
britt	1149
britta	896
brittany	2474
brittas	485
britten	211
brittle	848
britton	147
brix	128
brixton	360
brno	118
bro	300000
broach	333
broad	7798
broadband	249
broadcast	6639
broadcasted	155
broadcaster	342
broadcasting	2563
broadcasts	558
broaden	524
broadened	120
broader	617
broadly	237
broads	1284
broadside	162
broadway	5244
brocade	189
broccoli	1499
brochure	1313
brochures	646
brock	2428
brockett	122
brockman	221
brockton	130
broderick	398
brodie	898
brodsky	211
brody	4255
brogan	306
broil	136
broiled	173
broke	68629
brokeback	191
broken	56391
brokenhearted	208
brokenwood	117
broker	2826
brokerage	347
brokered	266
brokering	135
brokers	623
broli	114
brom	177
bromance	176
bromide	181
bromley	192
bronagh	114
bronc	267
bronchial	138
bronchitis	343
bronco	689
broncos	174
bronek	273
broner	234
bronski	158
bronson	925
bronte	291
brontosaurus	150
bronx	2331
bronze	2836
bronzed	171
brooch	1046
brood	918
brooding	909
broods	134
broody	133
brook	1506
brooke	5712
brookes	141
brookfield	139
brooklyn	6787
brooks	3561
broom	3220
broome	182
brooms	341
broomstick	468
broots	515
brophy	177
bros	1661
broth	1462
brotha	121
brothel	3191
brothels	740
brother	259877
brotherhood	3153
brotherly	632
brothers	41025
brought	140661
broughton	140
brouhaha	116
broussard	298
brow	1453
brown	30395
browne	381
brownie	1382
brownies	1493
browning	1111
brownish	137
browns	798
brownstone	359
brownsville	183
brows	422
browse	423
browser	343
browsing	556
broyles	369
brr	228
brrr	247
bru	179
brubaker	289
bruce	14413
brucie	149
bruckner	181
bruges	194
bruh	262
bruhn	118
bruins	136
bruise	2246
bruised	1892
bruiser	339
bruises	3832
bruising	2139
brulee	199
brumby	175
brummell	145
brun	163
bruna	135
brunch	2413
brunei	204
brunel	197
brunelleschi	116
bruner	234
brunette	2056
brunettes	334
brung	489
brunhilde	170
brunnen	136
brunner	272
bruno	6167
brunson	202
brunswick	344
brunt	555
bruschetta	132
brush	9186
brushed	1430
brushes	1231
brushing	1456
brusque	136
brussels	2242
brutal	6802
brutality	1790
brutalized	198
brutally	1989
brute	2796
brutes	468
brutish	218
bruton	121
brutus	1432
bruv	964
bry	156
bryan	3391
bryant	2058
bryce	3014
brydon	117
bryn	537
brynn	170
brynner	126
bryony	183
bryson	397
bs	801
bsc	114
bt	259
btf	121
btw	181
bu	1933
bua	142
bub	922
bubba	2153
bubber	259
bubbie	115
bubble	6388
bubblegum	423
bubbles	5217
bubbling	1488
bubbly	1017
bubbs	329
bubby	237
bubi	129
bubonic	331
bubs	488
buccaneer	187
buccaneers	192
buchan	134
buchanan	1241
bucharest	787
buchenwald	160
buchman	164
buck	12711
buckaroo	268
buckboard	120
bucked	137
bucket	9143
buckets	1778
bucking	500
buckingham	1443
buckland	294
buckle	2882
buckled	430
buckles	409
buckley	1518
buckling	187
buckman	177
buckner	445
bucko	266
bucks	28842
buckshot	450
buckwheat	243
bucky	1165
bud	13654
buda	230
budapest	1546
budd	357
budderball	176
buddha	5922
buddhas	139
buddhism	893
buddhist	2084
buddhists	409
buddies	7942
budding	584
buddy	66718
budge	1822
budged	116
budget	9026
budgeted	144
budgets	506
budgie	304
budging	298
buds	1799
budweiser	195
bueller	163
buena	292
buenas	570
bueno	997
buenos	2901
buff	2061
buffalo	5651
buffaloes	359
buffed	141
buffer	1326
buffers	170
buffet	2674
buffett	180
buffoon	754
buffoons	195
buffs	269
buffy	3274
buford	647
bug	12385
bugatti	267
bugged	1624
bugger	4737
buggered	513
buggering	142
buggers	924
buggery	170
buggies	161
buggin	254
bugging	2877
buggy	1522
bugle	1363
bugler	249
bugles	151
bugs	8268
bugsy	530
buh	422
bui	151
buick	796
build	40738
builder	1877
builders	1452
building	74492
buildings	9504
builds	2340
buildup	589
built	39041
bujji	270
bukowski	465
bulb	2662
bulbous	117
bulbs	1382
bulgaria	883
bulgarian	883
bulgarians	243
bulge	710
bulger	279
bulging	517
bulimia	219
bulimic	246
bulk	2188
bulkhead	628
bulkheads	228
bulky	546
bull	16952
bulla	122
bullard	325
bullcrap	213
bulldog	1397
bulldogs	350
bulldoze	180
bulldozed	148
bulldozer	642
bulldozers	329
buller	191
bullet	28377
bulletin	2073
bulletins	218
bulletproof	1739
bullets	14186
bullfight	282
bullfighter	386
bullfighting	245
bullfrog	173
bullhorn	416
bullied	2474
bullies	1653
bullion	459
bullitt	132
bullock	1508
bullocks	204
bullpen	473
bullring	144
bulls	2732
bullseye	289
bullshit	35397
bullshitter	188
bullshitting	980
bullwhip	140
bullwinkle	262
bully	6215
bullying	2373
bulma	135
bum	10165
bumble	519
bumblebee	1023
bumbling	332
bummed	1479
bummer	2548
bumming	388
bump	7813
bumped	4317
bumper	2352
bumpers	345
bumping	1470
bumpkin	538
bumpkins	193
bumps	2294
bumpy	1434
bums	1920
bun	3034
bunbury	122
bunch	42064
bunched	144
bunches	323
bunchy	244
bund	125
bundle	2790
bundled	340
bundles	621
bundt	145
bundy	1852
bung	535
bunga	229
bungalow	2093
bungalows	241
bungee	586
bungle	161
bungled	262
bungler	123
bungling	174
bunion	216
bunions	205
bunk	3627
bunked	154
bunker	3848
bunkers	526
bunkhouse	221
bunking	293
bunks	444
bunnies	1235
bunnu	199
bunny	8457
buns	2694
bunsen	263
bunt	306
bunter	422
bunting	444
bunty	757
bunuel	134
bunyan	297
buon	344
buona	295
buongiorno	370
buoy	857
buoyancy	217
buoyant	197
buoys	242
bup	583
bur	160
burak	180
burbage	160
burbank	851
burberry	150
burble	188
burbs	176
burbuja	171
burch	141
burcu	197
burden	9262
burdened	693
burdens	783
burdensome	131
burdett	189
burdette	153
burdock	144
burdon	140
bureau	7996
bureaucracy	920
bureaucrat	580
bureaucratic	691
bureaucrats	648
buren	407
burg	308
burgeoning	191
burger	7924
burgers	3220
burgess	1273
burglar	2935
burglaries	626
burglarized	150
burglars	1026
burglary	2694
burgle	127
burgled	380
burgos	210
burgundy	1487
burial	4520
burials	343
buried	25623
buries	418
burk	165
burka	191
burke	5226
burkes	131
burkett	168
burkhalter	627
burkhardt	404
burkhart	163
burl	147
burlap	291
burlesque	611
burley	255
burlington	224
burly	283
burma	1065
burmese	545
burn	39874
burned	20170
burner	1994
burners	459
burnett	1036
burnham	231
burnin	587
burning	23326
burnout	306
burns	13175
burnside	323
burnt	9678
burp	1016
burped	148
burping	443
burps	1110
burqa	132
burr	1184
burrell	336
burris	163
burrito	1453
burritos	565
burro	288
burroughs	583
burrow	729
burrowed	114
burrowing	258
burrows	1163
burry	133
bursar	264
burst	8398
bursting	2049
bursts	1503
burt	6070
burton	4203
burundi	135
bury	14798
burying	2199
burzynski	152
bus	47534
busan	629
busboy	665
busboys	138
busby	225
busch	215
buses	2868
bush	10666
bushed	294
bushel	324
bushels	197
bushes	3508
bushido	217
bushman	129
bushmen	120
bushnell	115
bushwick	141
bushy	381
busier	475
busiest	790
business	215855
businesses	3494
businesslike	162
businessman	5697
businessmen	1920
businesswoman	587
busload	187
busses	181
bussiness	152
bust	13552
busted	11678
buster	4927
busters	251
bustier	119
bustin	445
busting	3121
bustle	533
bustling	414
busts	805
busty	215
busy	75557
busybody	372
but	3631462
butane	176
butch	3231
butcher	6715
butchered	1063
butchering	333
butchers	884
butchery	285
butchie	297
butjust	161
butkus	132
butler	6218
butlers	269
buts	1442
butt	21314
butte	202
butted	241
butter	13398
butterball	177
buttercream	149
buttercup	799
buttered	549
butterfield	345
butterfingers	200
butterflies	3008
butterfly	5975
buttering	240
buttermilk	660
butters	1375
butterscotch	443
butterworth	235
buttery	285
butthead	286
butthole	622
butting	717
buttload	115
buttock	283
buttocks	1300
button	17747
buttoned	447
buttonhole	172
buttons	6055
butts	3170
buttsquat	139
butyou	415
buxom	153
buxton	333
buy	136137
buyeo	688
buyer	4438
buyers	2288
buyin	371
buying	23941
buyout	300
buys	5237
buzz	9363
buzzard	544
buzzards	415
buzzed	630
buzzer	5085
buzzers	523
buzzes	4803
buzzing	11477
buzzkill	304
buzzy	317
bwana	351
by	1090424
bye	136276
byeong	151
byers	429
bygone	277
bygones	1567
bylaws	363
byline	261
bypass	2587
bypassed	274
bypassing	203
byproduct	236
byrd	631
byrne	588
byrnes	329
byron	2924
bystander	630
bystanders	467
bythe	143
byuk	139
byul	255
byun	434
byung	230
byzantine	431
byzantium	436
c's	135
ca	2580
caa	154
caan	121
cab	18379
cabal	612
caballero	176
cabana	506
cabaret	1544
cabarets	118
cabbage	3085
cabbages	461
cabbie	917
cabbies	147
cabby	247
cabdriver	157
cabe	1102
cabernet	328
cabeza	256
cabin	13159
cabinet	7374
cabinets	828
cabins	902
cable	9369
cabled	163
cables	2202
cabo	703
caboodle	199
caboose	406
cabot	1111
cabral	147
cabrera	187
cabron	171
cabs	992
caca	213
cacao	158
cacciatore	120
cache	810
cachet	141
cackle	236
cackles	1128
cackling	1982
cacophony	193
cacti	185
cactus	1497
cad	657
cadaver	916
cadavers	359
cadbury	133
caddie	240
caddy	1103
cade	863
caden	137
cadence	490
cadet	2278
cadets	1112
cadfael	359
cadillac	2016
cadillacs	185
cadiz	187
cadmium	129
cadmus	334
cadre	240
cady	399
caen	130
caesar	8567
caesarean	258
caesars	271
caf	251
cafe	6737
cafes	492
cafeteria	3310
caff	134
caffee	242
caffeinated	121
caffeine	1660
cafferty	256
caffrey	953
cag	275
cage	12231
caged	898
cages	1767
cagey	335
cagliostro	320
cagney	431
cahill	1021
cahoots	543
cai	574
caiaphas	285
caicos	127
caiman	263
cain	2476
caine	2612
cairn	164
cairns	170
cairo	2136
cait	231
caitlin	2625
caitlyn	5914
caitlynn	150
caius	170
caje	136
cajole	132
cajun	487
cake	33256
caked	189
cakes	5632
cakewalk	283
cal	5973
cala	123
calabria	256
calais	644
calamari	610
calamities	165
calamity	1338
calcium	1362
calculate	2248
calculated	2317
calculates	185
calculating	1192
calculation	1037
calculations	2924
calculator	882
calculators	135
calculon	121
calculus	914
calcutta	1516
calder	792
caldera	155
calderon	393
calderone	221
caldwell	1646
cale	611
caleb	6717
caledonia	168
caledonian	115
calendar	5363
calendars	517
calf	2956
calgary	413
calhoun	634
cali	717
caliban	150
caliber	2129
calibrate	222
calibrated	344
calibration	194
calibre	560
calico	276
caliente	235
california	18275
californian	271
californians	114
californication	127
caligula	505
caliph	486
caliphate	325
calista	404
calisthenics	166
call	572997
calla	199
callaghan	456
callahan	1345
callan	150
callas	162
callaway	192
callback	359
calle	283
called	264588
calleigh	745
callen	2326
callender	119
caller	3684
callers	595
callie	3306
calligraphy	632
callin	1338
calling	90868
calliope	332
callisto	442
callon	137
callous	757
callow	118
calloway	488
calls	55940
callum	819
callus	129
calluses	340
cally	637
calm	85638
calmed	1659
calmer	761
calming	971
calmly	2778
calmness	249
calms	950
calogero	183
calorie	354
calories	1912
caltech	282
calum	459
calvados	156
calvary	325
calvert	454
calves	1298
calvi	122
calvin	4472
calypso	345
calzone	186
cam	6972
camaraderie	486
camargo	132
camaro	632
cambodia	1056
cambodian	338
cambridge	2291
camcorder	385
camden	1114
came	374486
camel	3822
camellia	201
camellias	138
camelot	1581
camels	1490
camembert	285
cameo	401
camera	650000
cameraman	2495
cameramen	423
cameras	17026
cameron	7085
cameroon	233
cami	492
camila	748
camilla	1665
camille	3839
camillo	470
camilo	254
camino	452
cammie	236
cammy	314
camo	200
camomile	265
camorra	276
camouflage	1519
camouflaged	415
camp	37907
campaign	17583
campaigned	207
campaigner	118
campaigning	824
campaigns	1067
campanella	163
campari	170
campbell	5938
campbells	255
camped	978
camper	1216
campers	990
campfire	1043
campfires	150
campground	311
camphor	260
camping	5480
campion	219
campo	347
campos	320
camps	3886
campsite	890
camptown	162
campus	6931
campuses	216
camry	220
camryn	152
cams	780
camus	288
can	3826118
can't	2200000
cana	162
canaan	413
canada	9533
canadian	4179
canadians	721
canal	4845
canals	791
canan	135
canapes	124
canaries	371
canary	1746
canasta	203
canaveral	184
canberra	276
cancan	174
cancel	12681
canceled	5559
canceling	1148
cancellation	752
cancellations	179
cancelled	5562
cancelling	544
cancels	368
cancer	23935
cancerous	296
cancers	438
cancun	371
candace	1677
candelabra	137
candelaria	144
candi	168
candice	1421
candid	940
candida	129
candidacy	551
candidate	8068
candidates	3703
candidly	181
candied	302
candies	915
candis	2428
candle	6692
candleford	328
candlelight	896
candlelit	138
candles	7055
candlestick	479
candlesticks	294
candor	422
candour	120
candy	19571
candyman	274
cane	4366
caned	118
canes	404
canine	999
canines	222
canis	138
canister	897
canisters	626
canker	175
cann	184
canna	148
cannabis	1161
cannae	526
canned	2210
cannerts	115
cannery	230
cannes	945
cannibal	1122
cannibalism	523
cannibals	932
canning	647
cannoli	354
cannon	7198
cannonball	915
cannonballs	181
cannons	2180
cannot	103913
canny	218
cano	120
canoe	1691
canoeing	191
canoes	440
canon	1108
canons	255
canoodling	127
canopy	1064
cans	4962
canst	398
cant	3936
cantaloupe	379
cantankerous	144
canteen	2231
canteens	237
canter	208
canterbury	716
cantina	364
canto	168
canton	692
cantonese	1051
cantor	551
cantrell	309
cantwell	295
canvas	3242
canvases	462
canvass	879
canvassed	258
canvassing	634
canyon	4642
canyons	444
cao	1059
cap	13198
capa	178
capabilities	1413
capability	1248
capable	19848
capacities	240
capacitor	253
capacity	5918
capades	155
capcom	226
cape	5652
caped	323
capella	166
caper	689
capers	371
capes	316
capeside	266
capi	149
capiche	147
capillaries	177
capisce	408
capita	184
capitaine	310
capital	15073
capitalism	1744
capitalist	1435
capitalistic	149
capitalists	503
capitalize	321
capitals	443
capitan	397
capitol	2061
capitulate	192
capitulation	154
caplan	425
capo	286
capoeira	308
capone	1326
capote	180
capp	214
capped	539
cappella	394
capper	139
cappie	671
capping	119
cappuccino	1677
cappuccinos	224
cappy	296
capra	303
capri	937
caprica	395
caprice	464
capricious	479
capricorn	508
caps	2240
capshaw	147
capsize	168
capsized	237
capsule	2794
capsules	651
capt	660
captain	124874
captains	1645
caption	507
captioned	1302
captioning	2016
captions	1057
captivate	128
captivated	503
captivating	366
captive	2231
captives	586
captivity	1183
captor	222
captors	408
capture	10679
captured	11164
captures	802
capturing	1403
capua	253
capuchin	128
capulet	459
capulets	147
caputo	360
car	330261
cara	1732
carabinieri	370
caracas	550
carafe	122
carajo	217
caramba	280
caramel	1484
caramelized	192
caramels	162
carat	325
carats	385
caravaggio	271
caravan	2549
caravans	339
caraway	145
carb	219
carbide	268
carbine	224
carbohydrates	228
carbon	5562
carbonara	182
carbonate	245
carbonated	144
carbs	690
carburetor	584
carburettor	161
carbury	163
carcass	1415
carcasses	379
carcinoma	151
card	56659
cardamom	210
cardassia	354
cardassian	852
cardassians	551
cardboard	1978
cardew	141
cardiac	2717
cardiff	787
cardigan	667
cardinal	4601
cardinals	726
cardio	800
cardiologist	577
cardiology	333
cardiomyopathy	181
cardiothoracic	143
cardiovascular	337
cardoso	125
cardoza	132
cards	29871
care	330956
cared	10611
career	33682
careers	2240
carefree	1425
careful	89667
carefull	230
carefully	22477
caregiver	304
careless	3727
carelessly	546
carelessness	552
carer	252
cares	26777
caress	1780
caressed	452
caresses	557
caressing	508
caretaker	2225
caretakers	250
carew	128
carey	1406
cargill	187
cargo	7217
cari	155
caribbean	2663
caribou	551
caricature	345
caricatures	124
carina	552
caring	5708
carioca	121
caris	123
carisi	208
carissa	177
carjacked	196
carjacking	412
carl	20851
carla	8604
carlene	281
carleton	176
carletto	226
carley	137
carli	216
carlin	931
carlina	135
carling	128
carlinhos	126
carlisle	1071
carlito	507
carlitos	422
carlo	4600
carlos	12522
carlota	258
carlotta	920
carlsbad	127
carlsen	152
carlson	1268
carlton	3801
carly	2726
carlyle	715
carm	188
carmel	602
carmela	1167
carmelita	194
carmelo	369
carmen	6201
carmichael	1264
carmilla	145
carmine	1223
carmody	258
carmona	134
carnaby	128
carnage	1165
carnahan	155
carnal	807
carnation	407
carnations	521
carnaval	137
carne	476
carnegie	1001
carney	479
carnival	4420
carnivals	142
carnivore	320
carnivores	282
carnivorous	386
carnot	154
carny	188
caro	514
carol	14887
carola	204
carole	1410
carolers	135
carolina	3701
caroline	10457
caroling	224
caroll	163
carols	442
carolyn	2091
caron	188
carotid	921
carousel	985
carousing	157
carp	971
carpaccio	168
carpal	273
carpathia	151
carpathian	126
carpe	425
carpenter	3271
carpenters	499
carpentier	188
carpentry	416
carpet	7667
carpeting	358
carpets	1174
carpool	548
carr	1331
carradine	141
carrasco	151
carrera	231
carrey	153
carriage	6381
carriages	791
carrie	10062
carried	18366
carrier	3707
carriers	1146
carries	5701
carrillo	253
carrington	3696
carrion	405
carroll	1643
carrot	3184
carrots	3038
carruthers	381
carry	52734
carryin	127
carrying	21905
cars	35472
carsick	285
carson	7991
carstairs	332
carsten	311
cart	7985
carta	248
cartagena	250
carte	535
carted	231
cartel	3144
cartels	693
carter	19940
carthage	768
carthaginian	195
carthaginians	186
cartier	422
cartilage	542
carting	178
cartman	1413
carton	1184
cartons	530
cartoon	3350
cartoonist	319
cartoons	1858
cartouche	196
cartridge	913
cartridges	818
carts	1168
cartwheel	191
cartwheels	255
cartwright	2149
cartwrights	228
caruso	683
carve	2178
carved	3484
carvel	143
carver	2206
carves	131
carville	130
carving	1727
carvings	511
cary	2348
cas	439
casa	1902
casablanca	899
casanova	1420
casbah	267
casca	119
cascade	499
cascades	122
cascading	183
case	215274
cased	188
caseload	199
cases	24023
caseworker	212
casey	11004
cash	49976
cashed	1065
cashew	275
cashews	232
cashier	2130
cashiers	143
cashing	629
cashmere	780
casimir	162
casing	1609
casings	1149
casino	8413
casinos	1226
cask	308
casket	1963
caskets	242
casks	178
caspar	531
casper	1827
caspere	138
caspian	317
cass	2817
cassadee	213
cassandra	2950
cassell	120
casserole	1200
casseroles	122
cassette	1580
cassettes	402
cassidy	2561
cassie	5660
cassini	381
cassio	624
cassiopeia	180
cassius	924
cassock	242
cassoulet	125
cast	19073
castaway	220
castaways	221
caste	1591
castel	182
castellan	162
castellano	273
castelli	120
castelo	122
caster	277
castes	190
castiel	459
castile	723
castilian	117
castilla	135
castillo	1043
casting	3922
castle	25150
castles	1326
castor	886
castrate	457
castrated	509
castrating	124
castration	300
castro	1913
casts	992
casual	4642
casually	1552
casualties	4269
casualty	1826
caswell	138
cat	51175
cataclysm	291
cataclysmic	323
catacombs	662
catalan	408
catalano	172
catalina	1889
catalog	1389
cataloging	131
catalogs	263
catalogue	1352
catalogued	270
catalogues	226
cataloguing	133
catalonia	219
catalyst	708
catamaran	117
catania	277
catapult	623
catapulted	124
catapults	182
cataract	198
cataracts	294
catarella	244
catarina	180
catastrophe	2849
catastrophes	335
catastrophic	1802
catatonic	359
catch	96609
catched	171
catcher	1495
catchers	228
catches	4248
catching	9534
catchphrase	498
catchy	1106
catdog	507
cate	1355
catechism	303
categorical	150
categorically	411
categories	892
categorize	174
categorized	131
category	3140
cater	795
catered	370
caterer	944
caterers	480
caterina	599
catering	1925
caterpillar	1278
caterpillars	485
caters	186
cates	305
catesby	126
catfight	202
catfish	1304
cath	866
cathal	117
catharine	147
catharsis	160
cathartic	258
cathcart	288
cathedral	2998
cathedrals	331
catherina	129
catherine	13179
catheter	691
catholic	8955
catholicism	443
catholics	1483
cathouse	188
cathy	5963
catina	115
catnip	300
cato	506
catriona	153
cats	13076
catskills	186
cattani	149
cattle	8112
cattleman	184
cattlemen	156
catty	380
catwalk	511
catwoman	641
caucasian	1487
caucasians	135
caucasus	294
caucus	332
caught	74060
cauldron	741
caulfield	305
cauliflower	727
causal	152
causality	147
cause	121264
caused	24686
causes	8812
causeway	387
causing	9655
caustic	207
causton	466
cauterize	161
caution	4012
cautionary	313
cautioned	204
cautious	3139
cautiously	447
cava	275
cavalcade	140
cavalier	858
cavaliere	186
cavaliers	149
cavallo	129
cavalry	3780
cavanaugh	1070
cave	13446
caveat	198
caved	815
caveman	906
cavemen	328
cavendish	652
cavern	882
cavernous	128
caverns	461
caves	3354
caviar	2510
caving	352
cavities	503
cavity	1663
cavorting	172
caw	591
cawdor	167
cawing	1679
caws	573
cay	115
cayce	130
cayenne	469
cayetana	139
caylee	117
cayman	837
caymans	313
caz	147
cb	408
cbc	757
cbi	923
cbl	129
cbs	1284
cc	1634
ccs	271
cctv	2779
cd	5118
cdc	1329
cds	1623
ce	1285
cease	5233
ceased	1283
ceasefire	433
ceaseless	167
ceaselessly	151
ceases	811
ceasing	120
ceausescu	163
cec	130
cece	2042
ceci	320
cecil	1905
cecile	1005
cecilia	2021
cecilie	317
cecily	525
cedar	1200
cedars	249
cede	164
cedric	1300
cedrik	136
cee	2231
ceiling	6909
ceilings	622
celal	212
celeb	162
celebi	192
celebrate	22764
celebrated	3390
celebrates	651
celebrating	8278
celebration	8115
celebrations	1184
celebratory	525
celebrities	2806
celebrity	6491
celebs	169
celery	1167
celeste	1455
celestia	233
celestial	1944
celestine	312
celia	2779
celibacy	586
celibate	577
celina	356
celine	1264
cell	57033
cellar	6358
cellars	494
cellblock	221
cellini	120
cellist	236
cellmate	478
cellmates	175
cello	1503
cellophane	288
cellphone	8464
cellphones	599
cells	12693
cellular	1562
cellulite	291
celluloid	210
cellulose	146
celsius	798
celtic	948
celtics	329
celts	357
cem	294
cemal	432
cement	3414
cemented	206
cemetary	139
cemeteries	513
cemetery	7493
cemil	277
cenk	227
censor	612
censored	392
censors	249
censorship	871
censure	286
census	746
cent	5364
centaur	337
centauri	1131
centaurs	218
centennial	316
center	32146
centered	801
centerfold	214
centerpiece	385
centerpieces	183
centers	1845
centigrade	421
centimes	122
centimeter	401
centimeters	1217
centimetre	154
centimetres	594
centipede	531
centipedes	139
central	20322
centralized	169
centre	12782
centred	205
centrepiece	132
centres	770
centrifugal	176
centrifuge	252
cents	8941
centuries	9384
centurion	613
centurions	162
century	24363
ceo	4678
ceos	347
cept	205
cera	126
ceramic	692
ceramics	348
cerberus	244
cereal	3400
cereals	257
cerebellum	183
cerebral	1664
cerebro	119
cerebrum	122
ceremonial	1127
ceremonies	1429
ceremony	13753
ceren	236
ceres	360
cern	224
cernan	122
cersei	178
cert	188
certain	61050
certainly	71435
certainties	215
certainty	2419
certifiable	284
certificate	7103
certificates	1348
certification	386
certified	1819
certify	363
cervantes	307
cerveza	124
cervical	580
cervix	401
ces	214
cesar	2193
cesare	1728
cesarean	139
cesium	179
cessation	167
cessna	230
cesspool	510
cetera	1944
ceviche	167
ceyda	122
ceylon	187
cezanne	184
cf	239
cfd	131
cfo	403
cg	289
cgi	270
ch	1630
cha	4596
chablis	226
chacha	234
chaco	199
chad	5801
chadda	114
chaddha	167
chadwick	646
chae	520
chafe	140
chaff	268
chafing	292
chagall	134
chagas	170
chagrin	143
chai	1561
chaim	254
chain	16978
chained	2143
chaining	132
chains	5916
chainsaw	1277
chainsaws	121
chair	30826
chaired	134
chairing	115
chairman	11416
chairperson	161
chairs	6208
chairwoman	267
chaise	253
chak	120
chaka	420
chakotay	803
chakra	711
chakras	243
chale	180
chalet	553
chalice	745
chalk	2655
chalkboard	250
chalked	154
chalky	310
challenge	33099
challenged	3460
challenger	2074
challengers	288
challenges	4869
challenging	4108
chalmers	428
cham	169
chamber	10376
chamberlain	1958
chambermaid	397
chambers	5690
chameleon	1010
chameleons	157
chamois	168
chamomile	581
champ	6229
champa	291
champagne	18824
champion	13290
championed	135
champions	2706
championship	5803
championships	1240
champollion	180
champs	747
chan	7983
chance	167981
chanced	185
chancellery	241
chancellor	3497
chancery	168
chances	17624
chand	352
chanda	256
chandan	126
chandelier	1018
chandeliers	291
chander	136
chandi	1230
chandigarh	299
chandler	4129
chandni	428
chandra	952
chandramukhi	311
chandru	177
chandu	821
chanel	1806
chaney	534
chang	6138
change	186962
changeable	211
changed	86133
changeling	365
changeover	135
changer	571
changers	158
changes	25456
changin	180
changing	22102
channel	14688
channeled	271
channeling	403
channels	3847
channing	1137
chano	151
chant	2031
chantal	744
chanted	191
chantelle	383
chantilly	140
chanting	8391
chantry	160
chants	928
chao	1067
chaos	10764
chaotic	1743
chap	7480
chapeau	146
chapel	4973
chapels	144
chapera	248
chaperon	168
chaperone	1140
chaperones	262
chaperoning	228
chapin	175
chaplain	1603
chaplin	1435
chapman	1987
chapo	242
chapped	228
chappell	272
chappelle	479
chappie	340
chappy	318
chaps	2585
chapstick	201
chapter	9056
chapters	1123
char	930
character	31657
characteristic	1150
characteristics	1766
characterization	138
characterize	362
characterized	332
characterless	115
characters	9847
charade	1695
charades	715
charcoal	1520
charcot	165
chard	266
chardonnay	805
charge	62746
charged	12733
charger	1303
chargers	268
charges	21347
charging	5049
charing	181
chariot	1944
chariots	434
charisma	1116
charismatic	1044
charissa	730
charisse	142
charitable	1628
charities	1007
charity	13935
charla	199
charlatan	661
charlatans	264
charlemagne	326
charlene	1466
charles	31567
charleston	1731
charlestown	135
charley	3437
charlie	63672
charlize	123
charlotte	13759
charlottesville	173
charlton	437
charly	917
charlyne	123
charm	10980
charmaine	567
charmcaster	133
charmed	2259
charmer	1007
charmers	126
charming	17277
charmingly	201
charms	2396
charo	173
charon	181
charred	814
chart	4806
charted	287
charter	2373
chartered	543
charters	230
chartier	126
charting	249
chartres	139
chartreuse	176
charts	3322
charu	205
chas	697
chase	21830
chased	6714
chasen	114
chaser	834
chasers	259
chases	945
chasin	205
chasing	14899
chasm	462
chassis	578
chaste	799
chastise	191
chastity	1381
chat	15812
chateau	1768
chateaubriand	140
chatham	253
chato	141
chats	597
chatswin	187
chatsworth	482
chattanooga	273
chatted	667
chattel	124
chatter	19834
chatterbox	372
chattering	18327
chatterjee	230
chatterley	154
chatters	463
chatting	4244
chatty	834
chatur	207
chau	613
chaucer	272
chaudhary	608
chauffer	114
chauffeur	2783
chauffeurs	135
chauhan	206
chauncey	236
chauvinist	290
chauvinistic	119
chava	143
chavez	998
chavo	142
chaya	124
chaz	1002
chazz	238
che	2530
cheadle	117
cheap	23430
cheapen	116
cheaper	4491
cheapest	1101
cheaply	496
cheapskate	530
cheat	13204
cheated	10865
cheater	1849
cheaters	610
cheatin	197
cheating	14310
cheats	1528
checco	266
chechen	430
chechens	204
chechnya	528
check	176507
checkbook	985
checked	32333
checker	341
checkered	427
checkers	1092
checkin	478
checking	20978
checklist	671
checkmate	1447
checkout	708
checkpoint	1397
checkpoints	646
checks	9469
checkup	1062
checkups	179
cheddar	873
chee	350
cheech	370
cheek	6152
cheekbone	200
cheekbones	563
cheeks	4230
cheeky	2535
cheep	335
cheer	14507
cheered	990
cheerful	3980
cheerfully	430
cheering	36723
cheerio	1118
cheerios	462
cheerleader	2466
cheerleaders	1389
cheerleading	1180
cheers	47819
cheery	724
cheese	25222
cheeseburger	1434
cheeseburgers	618
cheesecake	1228
cheeseman	124
cheeses	578
cheesy	1937
cheeta	187
cheetah	1509
cheetahs	308
cheetos	286
cheever	155
cheez	118
chef	25754
chefo	118
chefs	2794
chegwidden	164
chekhov	397
chekov	514
chela	124
chelle	127
chels	208
chelsea	5107
cheltenham	188
chem	656
chema	202
chemical	8730
chemically	478
chemicals	4371
chemin	132
chemist	1985
chemistry	5989
chemists	415
chemo	2275
chemotherapy	1028
chen	5952
cheney	510
cheng	2748
chengdu	147
chennai	1086
cheol	408
cheon	638
cheong	345
cheque	4359
chequebook	141
cheques	932
cher	1280
cherbourg	230
cheri	424
cherie	843
cherise	119
cherish	2971
cherished	1156
cherishes	130
chernobyl	594
chernov	177
cherokee	879
cherries	1489
cherry	8118
cherub	301
cherubs	162
cheryl	5080
ches	239
chesapeake	379
cheshire	376
chesney	267
chess	7234
chessboard	295
chest	25688
chester	4322
chesterfield	241
chesterton	205
chestnut	1293
chestnuts	761
chests	772
chesty	119
chet	2712
chetan	126
chetniks	130
chett	439
chetta	117
cheuk	186
cheung	2502
cheval	134
chevalier	576
cheveley	159
chevrolet	391
chevron	411
chevy	1464
chew	5565
chewbacca	322
chewed	1563
chewie	334
chewing	3821
chews	480
chewy	552
cheyenne	1597
cheyne	153
cheyney	155
chez	728
chffffff	12527
chhaya	133
chhotu	170
chi	6797
chia	361
chiaki	480
chiana	579
chiang	1199
chianti	261
chiara	309
chiba	453
chibi	128
chibs	603
chic	1919
chica	490
chicago	18217
chicano	150
chicas	132
chichi	182
chick	15412
chicka	200
chickadee	141
chicken	41996
chickened	507
chickening	210
chickenpox	262
chickens	6815
chickenshit	470
chickie	413
chickpeas	160
chicks	8545
chicky	286
chico	1939
chicory	225
chide	199
chidi	138
chidori	213
chie	337
chief	76951
chiefly	225
chiefs	2105
chieftain	453
chieftains	207
chieko	234
chien	633
chiffon	340
chigs	126
chihiro	309
chihuahua	801
chika	230
chiko	121
chil	305
child	151864
childbirth	1307
childcare	268
childers	138
childhood	15445
childhoods	146
childish	4397
childishly	117
childishness	203
childless	465
childlike	439
children	156181
childrens	473
childress	572
childs	502
chile	2018
chilean	692
chiles	147
chili	4316
chilies	195
chill	12405
chillax	242
chilled	1122
chilli	1030
chillies	201
chillin	616
chilling	1482
chills	1328
chilly	3051
chiltern	125
chilton	522
chim	140
chime	1434
chimera	418
chimes	6059
chiming	2210
chimney	2872
chimneys	523
chimp	1418
chimpanzee	787
chimpanzees	623
chimps	954
chin	9359
china	22926
chinaman	921
chinamen	163
chinatown	1933
chinchilla	227
chinese	31561
ching	3093
chink	689
chinks	317
chinna	254
chino	1194
chinook	278
chins	352
chintu	138
chip	12537
chipmunk	571
chipmunks	319
chipotle	199
chipped	1202
chippendale	123
chipper	742
chipping	626
chippy	354
chips	10734
chiquita	315
chirac	233
chirag	251
chiron	129
chiropractor	507
chirp	878
chirping	8714
chirps	1682
chirpy	161
chis	151
chisel	772
chiseled	317
chiseler	120
chiseling	119
chisels	115
chisholm	313
chisolm	126
chiswick	130
chit	649
chita	115
chitchat	787
chitlins	122
chitra	235
chittering	1081
chitters	234
chitti	389
chitty	353
chiu	1542
chivalrous	441
chivalry	929
chivas	132
chives	219
chiyo	242
chiyoko	168
chizuru	121
chlamydia	503
chlo	192
chloe	12298
chloride	586
chlorine	827
chloroform	798
chlorophyll	181
cho	3655
choc	125
chock	234
choco	310
chocolat	177
chocolate	21440
chocolates	2650
choctaw	129
chode	331
choe	302
choi	5690
choice	77197
choices	10148
choir	5413
choirboy	191
choirs	275
choke	4594
choked	2571
choker	215
chokes	1044
choking	5430
chol	192
cholera	1201
cholesterol	1466
cholo	312
chomp	321
chomping	558
chomps	174
chomsky	150
chon	232
chong	858
chongqing	132
choo	867
chook	203
choon	179
choong	156
choose	44853
choosers	256
chooses	2691
choosing	5091
choosy	500
chop	10564
chopin	839
chopped	3236
chopper	5284
choppers	913
chopping	2203
choppy	281
chopra	494
chops	2791
chopstick	164
chopsticks	1071
chor	144
choral	374
chord	1528
chords	1252
chore	806
choreograph	153
choreographed	332
choreographer	629
choreography	1073
chores	2863
chorizo	261
chortles	256
chortling	253
chorus	4540
chose	20888
chosen	17293
choshu	228
chosun	206
chotu	254
chou	974
choudhary	133
chow	4112
chowder	623
chowk	126
choy	488
chp	149
chris	33139
chrissake	583
chrissakes	402
chrissie	513
chrissy	1708
christ	47650
christa	938
christabel	183
christen	450
christendom	360
christened	526
christening	941
christensen	261
christer	283
christi	418
christian	20041
christiane	254
christianity	2609
christians	4184
christie	2090
christina	7915
christine	8775
christmas	70624
christmases	458
christmassy	164
christmastime	394
christo	266
christoffer	118
christoph	408
christophe	668
christopher	7886
christos	414
christy	2632
chrome	791
chromium	176
chromosome	480
chromosomes	462
chronic	2290
chronically	159
chronicle	1157
chronicler	182
chronicles	518
chronological	200
chronologically	116
chronology	141
chronometer	119
chronos	368
chrysalis	268
chrysanthemum	289
chrysanthemums	233
chrysler	624
chu	2702
chuan	210
chub	230
chubb	121
chubby	2255
chucho	211
chuck	19107
chucked	987
chuckie	667
chucking	486
chuckle	6141
chuckles	99607
chuckling	20547
chucks	177
chucky	780
chuen	494
chuff	152
chuffed	229
chug	2164
chugga	123
chugger	285
chugging	656
chuggington	162
chugs	141
chui	266
chuji	213
chul	1113
chum	1864
chumhum	201
chumley	226
chummy	646
chump	1875
chumps	432
chums	435
chun	3346
chung	2482
chunghae	387
chunhua	121
chunhyang	236
chunk	2175
chunks	1250
chunky	989
chuny	240
chuo	154
chupacabra	425
church	57254
churches	2847
churchill	3523
churchyard	322
churn	456
churned	186
churning	566
churns	129
churro	195
churros	229
chute	1663
chutes	366
chutki	201
chutney	529
chutzpah	216
chuy	422
chyna	215
ci	1094
cia	10825
ciao	5031
ciara	190
cic	221
cicada	208
cicadas	413
ciccio	471
cicely	488
cicero	695
cici	160
cid	1814
cider	1295
ciel	154
cielo	221
ciera	148
cig	348
cigar	5060
cigarette	17794
cigarettes	11817
cigars	3035
cigs	182
cilantro	319
cilla	374
cin	179
cinch	1147
cincinnati	1162
cinco	448
cinder	407
cinderella	2484
cinders	212
cindi	205
cindy	7047
cine	145
cinema	9230
cinemas	369
cinematic	501
cinematographer	434
cinematography	1026
cinnabon	148
cinnamon	2302
cinq	126
cinque	140
cinzia	181
ciock	284
cipher	974
ciphers	147
cipri	442
cipriano	230
circa	406
circe	316
circle	16410
circled	947
circles	6367
circling	1959
circuit	5416
circuitry	512
circuits	2012
circular	1554
circulate	739
circulated	413
circulates	148
circulating	787
circulation	2430
circulatory	223
circumcised	685
circumcision	468
circumference	419
circumspect	137
circumstance	1957
circumstances	17621
circumstantial	1576
circumvent	239
circus	11167
circuses	244
cirie	315
cirinna	169
ciro	625
cirque	461
cirrhosis	354
cis	184
cisco	1147
cissy	615
cistern	274
citadel	897
citation	620
citations	283
cite	555
cited	619
cites	137
cities	9655
citing	404
citizen	10905
citizenry	157
citizens	12153
citizenship	1209
citroen	247
citrus	544
city	142573
citywide	319
ciudad	220
civic	1504
civics	196
civil	14131
civilian	5833
civilians	4852
civilisation	2301
civilisations	506
civilised	984
civility	337
civilization	6201
civilizations	1329
civilized	3275
civvies	188
cj	988
ck	739
cl	377
cla	386
clack	554
clacking	1922
clacks	493
clad	556
claes	295
claiborne	134
claim	19233
claimant	125
claimed	7146
claiming	4025
claims	11103
clair	835
claire	20226
clairvoyance	147
clairvoyant	607
clam	1997
clambake	155
clammed	147
clammy	413
clamor	239
clamoring	3739
clamour	233
clamouring	339
clamp	1985
clamped	375
clamping	160
clamps	634
clams	1507
clan	9045
clancy	896
clandestine	786
clang	1218
clanging	2653
clangs	1118
clank	969
clanking	1997
clanks	852
clans	1103
clansman	139
clanton	252
clap	4105
clapham	140
clapped	438
clapper	192
clapping	3482
claps	1081
clapton	384
claptrap	171
clara	7818
clare	2616
claremont	226
clarence	5890
clarendon	137
claret	352
clarice	1025
claridge	282
clarification	420
clarified	417
clarify	2277
clarifying	221
clarinet	831
clarion	215
clarissa	978
clarisse	413
clarita	140
clarity	2318
clark	18625
clarke	3444
clarkson	1050
claro	233
clary	936
clash	1885
clashed	284
clashes	434
clashing	333
clasp	628
clasped	155
class	76489
classed	116
classes	11120
classic	13308
classical	5054
classically	221
classics	1574
classier	176
classification	499
classified	5295
classifieds	232
classify	480
classmate	2030
classmates	2618
classroom	4121
classrooms	517
classy	3992
clatter	2120
clattering	4911
clatters	3086
claud	272
claude	4441
claudette	708
claudia	7099
claudine	486
claudio	1021
claudius	946
claus	6307
clause	1880
clausen	159
clauses	309
claustrophobia	385
claustrophobic	930
clave	287
clavicle	452
clavin	368
clavo	164
claw	3545
clawed	437
clawing	372
claws	3360
clay	11682
claybourne	226
claymore	265
claypool	145
clays	200
clayton	3068
clea	316
clean	84238
cleaned	12182
cleaner	5698
cleaners	2510
cleanest	412
cleaning	18286
cleanliness	679
cleanly	425
cleans	1505
cleanse	1774
cleansed	757
cleanser	226
cleanses	151
cleansing	1202
cleanup	1254
clear	125730
clearance	4001
clearances	273
cleared	11869
clearer	2536
clearest	277
clearing	6130
clearly	35837
clears	21657
clearwater	289
cleary	555
cleats	327
cleavage	782
cleave	544
cleaver	1225
cleaves	151
cleen	267
cleese	195
cleft	368
clegg	410
clelia	151
clem	1156
clemence	222
clemency	562
clemens	755
clement	753
clemente	462
clementine	804
clements	282
clemenza	550
clemmons	120
clench	409
clenched	436
clenching	167
clennam	419
clent	151
cleo	2599
cleon	115
cleopatra	2178
clergy	859
clergyman	474
clergymen	140
cleric	386
clerical	633
clerics	205
clerk	6743
clerks	840
clermont	198
clete	156
cletus	244
cleve	344
cleveland	5496
clever	21429
cleverer	416
cleverest	309
cleverly	640
cleverness	319
cliche	886
cliches	244
click	8401
clicked	1056
clicker	267
clicking	9492
clicks	14462
client	38407
clientele	1088
clients	16613
cliff	12109
cliffhanger	124
cliffie	282
clifford	1794
cliffs	1962
cliffy	135
clift	139
clifton	772
climactic	151
climate	5937
climates	233
climatic	174
climax	1798
climb	16614
climbed	4393
climber	796
climbers	725
climbing	7269
climbs	959
climes	152
clinch	396
clinched	138
clincher	164
cline	246
cling	1809
clinging	1391
clings	375
clingy	631
clinic	12658
clinical	2525
clinically	589
clinics	919
clink	1936
clinking	1890
clinks	914
clint	2361
clinton	3551
clio	362
clios	133
clip	5051
clipboard	508
clipped	1140
clipper	557
clippers	723
clipping	655
clippings	799
clips	1509
clique	455
cliques	149
clit	324
clitoris	573
clive	3659
clo	160
cloak	2469
cloaked	533
cloaking	563
cloakroom	318
cloaks	195
clobber	432
clobbered	322
clock	23907
clocked	844
clocking	334
clocks	2098
clockwise	397
clockwork	1329
clod	322
clog	571
clogged	969
clogging	303
clogs	609
cloister	319
cloistered	164
cloisters	119
clone	2647
cloned	617
clones	1036
cloning	894
clooney	821
clop	184
close	166677
closed	41801
closely	8176
closeness	485
closer	39022
closes	21761
closest	8047
closet	14440
closeted	189
closets	930
closing	17372
closure	2619
closures	164
clot	1467
cloth	5852
clothe	452
clothed	864
clothes	70929
clothesline	224
clothing	7940
cloths	548
clotilde	189
clots	389
clotted	177
clotting	408
cloud	11125
clouded	711
clouding	293
cloudless	144
clouds	10936
cloudy	1611
clough	188
clouseau	296
clout	644
clove	258
clover	1637
clovers	170
cloves	276
clovis	458
clown	10883
clowning	588
clowns	3666
clu	150
club	65275
clubbed	238
clubbing	747
clubhouse	1115
clubs	7379
cluck	786
clucking	1405
clucks	381
clue	17430
clueless	1435
clues	6370
clump	427
clumps	205
clumsiness	188
clumsy	4141
clung	506
clunk	408
clunker	150
clunking	234
clunks	193
clunky	154
cluny	171
cluster	2006
clustered	153
clusterfuck	118
clusters	756
clutch	2291
clutched	208
clutches	887
clutching	656
clutter	562
cluttered	219
cluttering	148
clyde	5458
cm	2013
cmdr	600
cme	153
cmon	115
cnn	1254
cnst	206
co	3462
coach	32471
coached	686
coachella	162
coaches	3393
coaching	2082
coachman	639
coagulation	115
coal	7074
coalition	1598
coals	751
coarse	847
coast	18547
coastal	1320
coaster	1854
coasters	527
coastguard	231
coasting	183
coastline	958
coasts	341
coat	25261
coated	623
coates	419
coating	520
coats	3138
coattails	191
coax	495
coaxed	136
coaxing	165
cob	562
cobain	365
cobalt	518
cobb	2369
cobble	184
cobbled	137
cobblepot	186
cobbler	1001
cobblers	190
cobblestones	116
cobby	119
cobra	2592
cobras	338
coburn	303
cobweb	181
cobwebs	599
coby	154
coca	766
cocaine	7765
coccyx	186
cochin	223
cochise	450
cochran	1173
cochrane	350
cock	11565
cockamamie	221
cockatoo	243
cocked	500
cocker	345
cockerel	292
cockeyed	335
cockfight	152
cocking	1304
cockles	276
cockney	551
cockpit	1650
cockroach	1985
cockroaches	1469
cocks	4584
cocksucker	2111
cocksuckers	440
cocksucking	199
cocktail	6224
cocktails	2291
cocky	2800
coco	2234
cocoa	2673
coconut	4217
coconuts	1221
cocoon	948
cocoons	168
cocteau	218
cod	2318
coddle	250
coddled	179
coddling	184
code	35711
coded	1301
codeine	333
codename	296
coder	122
codes	4738
codex	452
codfish	231
codger	156
codicil	114
coding	684
codis	462
cody	4874
coe	331
coed	310
coeds	135
coefficient	164
coerce	275
coerced	706
coercion	460
coeur	285
coexist	388
coexistence	235
coffe	120
coffee	89650
coffeehouse	298
coffeemaker	186
coffeepot	125
coffees	1455
coffers	492
coffey	237
coffin	7767
coffins	1272
cog	480
cognac	2241
cognition	142
cognitive	978
cogs	372
cogsweii	128
cohabitation	128
cohan	132
cohen	2734
coherence	125
coherent	623
cohesion	222
cohesive	376
cohn	360
coho	148
cohort	157
cohorts	246
coil	1228
coiled	233
coils	593
coimbatore	231
coin	8830
coincide	534
coincided	235
coincidence	15318
coincidences	1050
coincident	122
coincidental	617
coincidentally	636
coincides	264
coined	391
coins	6459
coitus	285
cojones	304
coke	10133
coked	139
cokehead	130
coker	159
cokes	480
col	780
cola	1648
colada	297
coladas	153
colander	125
colbert	439
colby	3538
colbyco	399
cold	99032
colder	2142
coldest	622
coldly	296
coldness	388
coldplay	223
colds	475
coldwater	123
cole	10307
coleen	124
coleman	2350
coleridge	150
coles	276
coleslaw	396
colette	1148
coley	220
colfax	119
colgate	138
coli	264
colic	361
colin	8513
coliseum	551
colitis	115
collaborate	864
collaborated	369
collaborating	465
collaboration	1480
collaborative	236
collaborator	647
collaborators	611
collage	441
collagen	272
collapse	6214
collapsed	5580
collapses	1085
collapsing	1312
collar	7290
collarbone	505
collard	306
collared	397
collars	995
collateral	2566
colleague	9669
colleagues	9282
collect	16907
collected	6158
collectible	182
collectibles	193
collecting	6036
collection	14008
collections	1170
collective	3216
collectively	486
collector	4172
collectors	1451
collects	1345
colleen	2340
college	53933
colleges	1402
collegiate	255
collette	262
colley	177
collide	1027
collided	645
collider	257
collides	149
colliding	401
collie	361
collier	1261
collin	778
collingwood	192
collins	6875
collision	2556
collisions	473
colluded	149
colluding	209
collusion	426
colm	206
cologne	2491
colombia	1783
colombian	1177
colombians	408
colombo	321
colon	1516
colonel	48036
colonels	268
colonial	1787
colonialism	222
colonic	197
colonies	2179
colonise	140
colonised	142
colonists	808
colonization	284
colonize	251
colonized	254
colonna	204
colonoscopy	342
colony	5693
color	32837
colorado	3687
coloration	121
colorblind	165
colord	415
colored	3446
coloreds	195
colorful	2328
coloring	932
colorless	200
colors	9351
colossal	1563
colosseum	363
colossus	461
colostomy	170
colour	11281
coloured	1410
colourful	1237
colouring	310
colourless	129
colours	4324
colson	335
colt	2840
colter	173
colton	1113
coltrane	194
colts	325
colum	181
columba	126
columbia	2645
columbian	168
columbine	252
columbo	1645
columbus	2345
column	6088
columnist	483
columnists	153
columns	2018
colville	115
colvin	318
com	3374
coma	7770
comanche	636
comanches	286
comandante	296
comas	299
comatose	583
comb	3715
combat	9092
combatant	219
combatants	338
combative	246
combed	725
combination	8040
combinations	904
combine	2624
combined	4257
combines	478
combing	858
combining	805
combo	1424
combs	534
combust	119
combustible	254
combustion	772
come	2203919
comeback	2556
comebacks	186
comedian	3411
comedians	1004
comedic	272
comedies	602
comedy	9514
comely	166
comeon	221
comer	482
comers	183
comes	164503
comet	3980
cometh	495
cometo	125
comets	1044
comeuppance	149
comfort	13536
comfortable	30156
comfortably	1704
comforted	747
comforter	289
comforting	2603
comforts	1218
comfy	2010
comic	7053
comical	585
comics	2816
comin	11237
coming	389949
comings	289
comlink	202
comm	1463
comma	872
command	29479
commandant	2408
commanded	1850
commandeer	329
commandeered	328
commandeering	127
commander	36345
commanders	1377
commanding	3087
commandment	836
commandments	1216
commando	1463
commandos	733
commands	3013
commas	154
comme	440
commemorate	721
commemorating	188
commemoration	212
commemorative	322
commence	2513
commenced	344
commencement	301
commences	195
commencing	733
commend	1147
commendable	679
commendation	542
commendations	230
commendatore	302
commended	305
commensurate	123
comment	11561
commentary	1255
commentator	1665
commentators	151
commented	424
commenting	432
comments	4652
commerce	2173
commercial	10539
commercially	276
commercials	2438
commie	911
commies	676
comming	269
commiserate	116
commissaire	132
commissar	818
commissary	495
commission	9616
commissioned	1587
commissioner	13637
commissioners	364
commissioning	127
commissions	606
commit	15921
commited	315
commitment	7523
commitments	1036
commits	1008
committal	134
committed	21517
committee	15152
committees	686
committing	3785
commode	253
commodities	527
commodity	1181
commodore	1339
commodus	339
common	36698
commonality	282
commoner	594
commoners	439
commonly	1455
commonplace	545
commons	837
commonwealth	1677
commotion	2352
comms	1234
communal	927
commune	1387
communicate	7505
communicated	758
communicates	319
communicating	2140
communication	9307
communications	5425
communicator	804
communicators	206
communing	134
communion	2034
communique	159
communism	2080
communist	6994
communists	3413
communities	2338
community	26540
commute	985
commuted	219
commuter	355
commuters	272
commuting	205
como	1303
comp	748
compact	1195
compacted	135
compactor	173
compadre	521
compadres	179
companies	11033
companion	5978
companions	2498
companionship	1036
company	108073
comparable	654
comparative	407
comparatively	348
compare	7342
compared	10181
compares	610
comparing	1859
comparison	3139
comparisons	305
compartment	3336
compartmentalized	114
compartments	607
compass	3297
compasses	190
compassion	4681
compassionate	1525
compatibility	363
compatible	1479
compatriot	161
compatriots	477
comped	169
compel	987
compelled	2163
compelling	2101
compels	492
compensate	2053
compensated	703
compensating	301
compensation	3312
compensations	169
compete	6863
competed	543
competence	501
competency	261
competent	2021
competes	145
competing	3274
competition	23805
competitions	921
competitive	3677
competitiveness	136
competitor	1774
competitors	2268
compilation	192
compile	379
compiled	606
compiling	330
complacency	233
complacent	430
complain	11112
complainant	260
complained	3210
complaining	8315
complains	1101
complaint	9162
complaints	5661
complement	648
complementary	216
complements	156
complete	40210
completed	8357
completely	72777
completes	750
completing	1058
completion	1314
complex	11993
complexes	396
complexion	1363
complexities	259
complexity	1069
compliance	670
compliant	277
complicate	1205
complicated	23462
complicates	345
complicating	279
complication	1003
complications	2705
complicit	426
complicity	563
complied	255
compliment	6859
complimentary	1094
complimented	407
complimenting	321
compliments	4262
comply	1876
complying	166
component	1642
components	1808
compose	1221
composed	2367
composer	1877
composers	424
composing	602
composite	793
composition	2217
compositions	317
compost	524
composure	470
compote	202
compound	5508
compounded	231
compounds	883
comprehend	1691
comprehension	653
comprehensive	1062
comprende	445
compress	581
compressed	837
compresses	214
compressing	171
compression	856
compressions	721
compressor	403
comprise	172
comprised	376
comprises	117
compromise	5944
compromised	4367
compromises	764
compromising	1164
comps	157
compton	1067
comptroller	184
compulsion	857
compulsions	144
compulsive	984
compulsively	123
compulsory	764
compunction	115
computation	172
computational	117
computations	133
compute	819
computed	216
computer	47672
computerised	121
computerized	531
computers	8561
computing	560
comrade	13438
comrades	7996
comradeship	128
coms	125
comstock	337
comte	300
comtesse	212
con	8473
conan	1146
conceal	2165
concealed	2048
concealer	147
concealing	692
concealment	251
conceals	243
concede	1032
conceded	241
conceding	125
conceit	339
conceited	963
conceivable	634
conceivably	290
conceive	1449
conceived	2337
conceiving	175
concentrate	12157
concentrated	2042
concentrates	157
concentrating	1737
concentration	4760
concentrations	364
concentric	149
concepcion	123
concept	9181
conception	1389
concepts	1197
conceptual	347
concern	20376
concerned	31047
concerning	3789
concerns	8115
concert	13801
concerted	164
concertina	141
concerto	769
concerts	1628
concession	1074
concessions	708
concetta	247
conch	373
concha	278
conchita	280
concho	131
concierge	1507
concise	338
conclave	329
conclude	2069
concluded	2215
concludes	1109
concluding	226
conclusion	7018
conclusions	3575
conclusive	1086
conclusively	318
concoct	212
concocted	400
concocting	118
concoction	391
concord	390
concorde	521
concordia	118
concourse	250
concrete	6610
concretely	161
concubine	1364
concubines	428
concur	682
concussed	166
concussion	2812
concussions	226
conde	155
condemn	2287
condemnation	335
condemned	4089
condemning	522
condemns	352
condensation	256
condense	176
condensed	404
condenser	173
condescend	193
condescending	919
condescension	120
condiment	142
condiments	224
condition	30624
conditional	366
conditioned	693
conditioner	1317
conditioners	134
conditioning	2122
conditions	13699
condo	3005
condolence	349
condolences	3352
condom	4078
condominium	272
condominiums	138
condoms	3612
condon	180
condone	834
condoned	117
condoning	176
condor	760
condors	134
condos	629
conducive	300
conduct	8352
conducted	3123
conducting	2942
conductor	2802
conductors	263
conducts	340
conduit	908
conduits	326
cone	2089
cones	1037
coney	883
confederacy	511
confederate	1159
confederates	334
confederation	296
confer	701
conference	16610
conferences	844
conferred	228
conferring	180
confess	14303
confessed	6270
confesses	557
confessing	1230
confession	12702
confessional	797
confessions	1281
confessor	899
confetti	693
confidant	409
confidante	334
confide	1334
confided	859
confidence	16138
confidences	171
confident	11399
confidential	5120
confidentiality	1705
confidentially	378
confidently	407
confiding	207
configuration	607
configured	124
confine	832
confined	2680
confinement	1552
confines	559
confining	193
confirm	12878
confirmation	3986
confirmed	12705
confirming	1377
confirms	2513
confiscate	1062
confiscated	2174
confiscating	293
confiscation	149
conflagration	127
conflict	8125
conflicted	666
conflicting	606
conflicts	1501
confluence	150
conform	636
conformed	155
conformist	138
conformity	253
confound	507
confounded	498
confront	4228
confrontation	1855
confrontational	244
confrontations	230
confronted	2693
confronting	796
confronts	320
confucius	633
confuse	3343
confused	21737
confuses	560
confusing	6410
confusion	6054
cong	477
conga	519
congealed	116
congee	412
congenial	177
congeniality	168
congenital	450
congested	324
congestion	396
congestive	171
conglomerate	453
congo	1482
congolese	151
congrats	3154
congratulate	5432
congratulated	602
congratulates	120
congratulating	491
congratulation	553
congratulations	50847
congratulatory	137
congregate	247
congregation	2236
congress	7060
congressional	1135
congressman	4645
congressmen	509
congresswoman	601
conjecture	707
conjoined	245
conjugal	641
conjunction	634
conjure	828
conjured	409
conjurer	139
conjures	166
conjuring	346
conk	174
conked	274
conklin	248
conley	230
conlon	305
conman	238
conn	477
connally	199
connaught	128
connect	9723
connected	17429
connecticut	2383
connecting	2999
connection	24450
connections	6526
connectivity	135
connector	222
connects	2160
conned	1141
connell	840
connelly	680
conner	1435
conners	333
connery	464
conni	170
connie	7111
conning	512
conniving	643
connoisseur	637
connoisseurs	152
connolly	672
connor	7790
connors	1357
connotation	143
connotations	130
conny	299
conor	1171
conover	292
conquer	5253
conquered	2877
conquering	975
conqueror	938
conquerors	372
conquers	432
conquest	2019
conquests	540
conquistador	159
conquistadors	230
conrad	4299
conroy	687
cons	1596
conscience	11934
consciences	216
conscientious	792
conscious	5197
consciously	720
consciousness	6735
conscripted	161
conscription	194
conscripts	132
consecrate	228
consecrated	465
consecration	129
consecutive	1011
consecutively	139
consensual	819
consensus	1080
consent	6513
consented	675
consenting	497
consequence	2585
consequences	10473
consequently	810
conservation	1052
conservative	3439
conservatively	135
conservatives	563
conservatory	978
conserve	845
conserved	157
conserving	146
consider	37165
considerable	3083
considerably	1380
considerate	2280
consideration	4470
considerations	569
considered	18518
considering	13923
considers	1542
consign	150
consigned	198
consignment	708
consist	540
consisted	526
consistency	926
consistent	5053
consistently	1024
consisting	356
consists	1459
consolation	2827
console	2550
consoled	275
consoles	237
consolidate	406
consolidated	585
consolidating	133
consolidation	142
consoling	369
consonant	145
consonants	171
consort	1002
consorting	286
consortium	489
consorts	127
conspicuous	976
conspicuously	124
conspiracies	420
conspiracy	8232
conspirator	233
conspirators	564
conspire	547
conspired	964
conspiring	920
constable	6604
constables	558
constabulary	545
constance	1807
constancy	167
constant	8796
constantin	189
constantine	1635
constantino	114
constantinople	888
constantly	9765
constants	114
constanza	114
constellation	1096
constellations	477
consternation	118
constipated	584
constipation	437
constituency	533
constituent	222
constituents	628
constitute	635
constituted	191
constitutes	676
constitution	4446
constitutional	1612
constitutionally	126
constrained	264
constraint	176
constraints	439
constricted	153
constrictor	177
construct	1711
constructed	2175
constructing	590
construction	12705
constructions	298
constructive	1116
constructs	150
construed	254
consuela	282
consuelo	261
consul	2193
consular	148
consulate	2024
consult	4422
consultancy	156
consultant	3236
consultants	643
consultation	1250
consultations	235
consulted	1418
consulting	2315
consults	218
consume	2113
consumed	2760
consumer	1803
consumerism	230
consumers	826
consumes	618
consuming	1017
consummate	630
consummated	320
consummation	197
consumption	1966
contact	51750
contacted	5990
contacting	1293
contacts	6388
contagion	547
contagious	2680
contain	5752
contained	4319
container	3743
containers	1570
containing	2150
containment	1656
contains	5960
contaminants	157
contaminate	550
contaminated	2221
contaminating	283
contamination	1180
conte	290
contemplate	980
contemplated	310
contemplating	847
contemplation	397
contemplative	155
contemporaries	318
contemporary	1982
contempt	3339
contemptible	393
contemptuous	173
contend	795
contender	802
contenders	472
content	7459
contented	613
contentedly	152
contention	582
contentious	263
contentment	402
contents	3631
contessa	439
contest	12826
contestant	2019
contestants	2296
contested	273
contesting	275
contests	799
context	3474
conti	373
continent	4293
continental	1881
continents	1535
contingencies	211
contingency	905
contingent	628
continual	377
continually	1131
continuance	468
continuation	589
continue	51279
continued	7998
continues	49684
continuing	4375
continuity	912
continuous	1905
continuously	1495
continuum	861
contortionist	164
contour	253
contours	274
contra	238
contraband	1021
contraception	365
contraceptive	247
contraceptives	157
contract	25746
contracted	1371
contracting	466
contraction	694
contractions	1140
contractor	2720
contractors	1147
contracts	4482
contractual	183
contractually	124
contradict	1078
contradicted	211
contradicting	314
contradiction	1034
contradictions	604
contradictory	543
contradicts	315
contraire	316
contraption	966
contraptions	161
contrary	8629
contrast	2107
contrasting	130
contrasts	177
contreras	225
contribute	2822
contributed	1426
contributes	285
contributing	883
contribution	3229
contributions	1342
contributor	284
contributors	250
contrite	179
contrition	307
contrive	144
contrived	348
control	102782
controllable	145
controlled	7084
controller	1655
controllers	339
controlling	4751
controls	6520
controversial	2230
controversy	1494
contusion	427
contusions	691
conundrum	455
convalescence	151
convalescent	194
convalescing	121
convene	457
convened	417
convenience	3016
conveniences	204
convenient	6470
conveniently	1167
convening	166
convent	3451
convention	5906
conventional	2408
conventions	877
convents	148
converge	571
converged	145
convergence	348
converging	303
conversation	34935
conversational	257
conversationalist	212
conversations	9995
converse	668
conversely	191
conversing	697
conversion	1383
conversions	119
convert	2779
converted	2424
converter	365
convertible	1757
convertibles	119
converting	695
converts	539
convey	2461
conveyance	161
conveyed	462
conveying	191
conveyor	599
conveys	194
convict	3831
convicted	6423
convicting	165
conviction	4599
convictions	2100
convicts	1289
convince	18445
convinced	18875
convinces	378
convincing	5498
convincingly	268
convoluted	228
convoy	2726
convoys	387
convulsing	135
convulsions	426
conway	1621
coo	840
cooch	184
coochie	384
coogan	324
cooing	1609
cook	36531
cookbook	768
cookbooks	148
cooke	584
cooked	9846
cooker	813
cookery	351
cookie	8853
cookies	9466
cookin	522
cooking	20410
cookout	267
cooks	3488
cool	138139
coolant	415
cooled	1157
cooler	5011
coolers	364
coolest	2885
cooley	448
coolidge	318
coolie	271
coolies	121
cooling	2151
coolio	191
coolly	198
coolness	343
cools	809
coombs	232
coon	562
cooney	221
coons	185
coop	2963
cooped	1110
cooper	11490
cooperate	7180
cooperated	566
cooperates	187
cooperating	1558
cooperation	5539
cooperative	1977
coopers	133
coordinate	1710
coordinated	876
coordinates	5582
coordinating	638
coordination	909
coordinator	1044
coordinators	468
coors	124
coos	731
coot	433
cooter	323
cooties	347
cooze	114
cop	51701
copa	226
copacabana	355
copacetic	161
cope	4952
coped	234
copeland	323
copenhagen	2051
copernicus	528
copied	2395
copier	443
copies	7335
copilot	484
coping	1424
copious	211
copley	123
copped	543
coppens	152
copper	6283
copperfield	456
copperhead	126
coppers	1475
copping	304
coppola	213
cops	52981
copse	117
copter	325
copulate	166
copulation	199
copy	33489
copycat	1065
copycats	130
copying	1472
copyright	1098
copyrighted	167
copywriter	144
coq	280
coquette	138
coquettish	125
cor	1483
cora	2642
corabeth	681
coral	2815
coralina	130
coraline	209
corals	476
coran	147
corazon	149
corben	160
corbett	891
corbin	478
corby	256
corbyn	314
corcoran	478
cord	4885
corday	481
cordelia	1454
cordell	325
cordero	312
cordial	647
cordially	297
cordless	184
cordoba	430
cordon	953
cordoned	260
cordova	324
cords	1168
corduroy	289
cordy	386
core	9939
coreen	156
corelli	169
cores	447
corey	2927
corfu	249
cori	259
coriander	230
corina	122
corinna	188
corinne	1811
corinth	430
corinthian	145
corinthians	363
cork	2228
corked	143
corks	244
corkscrew	651
corky	876
corleone	488
corley	116
cormac	120
corman	365
cormorant	121
corn	9781
cornball	133
cornbread	434
cornea	337
corneal	150
corneas	180
corned	595
cornelia	787
cornelius	927
cornell	1239
corner	35734
cornered	1886
cornering	212
corners	4664
cornerstone	648
cornet	220
cornfed	318
cornfield	432
cornflakes	421
corning	181
cornish	561
cornmeal	135
corns	285
cornstarch	116
cornucopia	159
cornwall	1095
cornwallis	131
corny	1946
corolla	217
corona	626
coronado	187
coronal	165
coronary	894
coronation	1670
coroner	5030
coroners	121
coronet	135
corp	764
corporal	7450
corporate	7248
corporation	5237
corporations	2147
corporeal	157
corps	5775
corpse	10531
corpses	4233
corpsman	416
corpus	945
corrado	451
corral	960
correct	35595
corrected	7648
correcting	591
correction	2256
correctional	962
corrections	1648
corrective	268
correctly	5615
correctness	224
corrects	142
correlate	153
correlation	512
correspond	689
corresponded	201
correspondence	1686
correspondent	1368
correspondents	289
corresponding	725
corresponds	577
corridor	5082
corridors	1263
corrie	308
corrigan	594
corrine	547
corroborate	905
corroborated	219
corroborates	140
corroborating	233
corroboration	273
corroded	257
corrosion	228
corrosive	315
corrugated	114
corrupt	4986
corrupted	1823
corrupting	497
corruption	4868
corrupts	262
corsage	386
corset	667
corsets	208
corsica	465
corsican	243
corso	343
cort	240
cortes	248
cortex	1170
cortez	1040
cortical	271
cortina	162
cortisol	157
cortisone	265
cortland	148
corto	260
corvax	156
corvette	778
corvo	132
corvus	124
corwin	305
cory	4351
cos	25116
cosa	456
cosby	607
cosette	726
cosgrove	354
cosima	424
cosimo	601
cosine	115
cosmetic	1040
cosmetics	1370
cosmetology	125
cosmic	3976
cosmo	1555
cosmological	172
cosmologists	118
cosmology	322
cosmonaut	235
cosmonauts	144
cosmopolitan	524
cosmos	3012
cosplay	177
cossack	622
cossacks	635
cost	39485
costa	2757
costanza	371
costar	135
costas	679
costco	436
costello	1113
costing	1515
costly	1331
costner	348
costs	13561
costume	12253
costumed	175
costumes	4771
cosy	1254
cot	1370
cote	117
cotillion	383
cots	213
cotta	160
cottage	5286
cottages	379
cotter	145
cotton	7748
cottonmouth	132
cou	333
couch	14529
couches	412
cougar	1132
cougars	402
cough	5883
coughed	558
coughing	13093
coughlin	173
coughs	9145
couid	2288
couidn	223
coul	116
could	1111837
coulda	1026
couldn	233368
couldn't	750000
couldnt	308
coulson	1295
coulter	451
council	20941
councillor	1114
councillors	218
councilman	1879
councilmen	136
councilor	977
councils	375
councilwoman	392
counsel	7855
counseled	189
counseling	2627
counselling	773
counsellor	1594
counsellors	208
counselor	7670
counselors	939
counsels	140
count	62763
countdown	2541
counted	4785
countenance	629
counter	8839
counteract	455
counterattack	600
counterbalance	140
counterclockwise	170
countered	167
counterfeit	2115
counterfeiter	191
counterfeiters	149
counterfeiting	396
counterfeits	135
counterintelligence	279
counterintuitive	144
countermeasure	164
countermeasures	323
counterpart	482
counterparts	372
counterpoint	201
counterproductive	205
counters	570
counterterrorism	187
counterweight	126
countess	5597
counties	736
countin	195
counting	15069
countless	3493
countries	11055
country	125731
countryman	343
countrymen	1213
countryside	4491
counts	9673
county	17598
coup	3132
coupe	566
coupla	137
couple	138996
coupled	660
couples	6872
couplet	218
coupling	398
couplings	128
coupon	1312
coupons	1393
cour	144
courage	21070
courageous	2863
courageously	211
couric	151
courier	3039
couriers	475
course	381816
courses	2698
coursework	132
coursing	358
court	74580
courted	437
courteous	790
courtesan	747
courtesans	264
courtesies	125
courtesy	5401
courthouse	2900
courtier	191
courtiers	341
courting	1311
courtland	210
courtney	4495
courtroom	4589
courtrooms	125
courts	4100
courtship	829
courtside	230
courtyard	2581
courtyards	125
couscous	542
cousin	34395
cousins	5309
cousteau	318
couture	600
cove	2239
coven	888
covenant	1611
covent	261
coventry	429
cover	61052
coverage	3431
coveralls	209
covered	26386
covering	9576
covers	6007
covert	1877
covertly	230
covet	528
coveted	643
coveting	129
covina	123
covington	420
cow	18392
cowabunga	335
cowan	189
coward	14421
cowardice	1229
cowardly	2441
cowards	3746
cowboy	8890
cowboys	2757
cowell	330
cower	329
cowering	300
cowgirl	417
cowl	1114
cowley	288
coworker	654
coworkers	1062
cows	7517
cowshed	145
cox	1909
coxswain	135
coy	1128
coyle	304
coyne	119
coyopa	207
coyote	2413
coyotes	911
coz	1264
cozy	3560
cp	347
cpa	265
cpd	284
cpr	1537
cps	580
cpt	169
cpu	240
cq	187
cr	495
cra	169
crab	5300
crabb	348
crabbe	122
crabby	439
crabs	2468
crabtree	993
crack	20916
crackdown	206
cracked	6533
cracker	2260
crackerjack	232
crackers	2720
crackhead	539
crackheads	214
crackin	260
cracking	5798
crackle	441
crackles	1733
crackling	4462
crackpot	662
crackpots	176
cracks	4722
cracow	181
craddock	223
cradle	2703
cradled	154
craft	4812
crafted	520
crafting	213
crafts	834
craftsman	615
craftsmanship	611
craftsmen	517
crafty	1157
cragen	429
craggy	131
craic	115
craig	9781
craigslist	637
crain	164
crais	388
cram	1059
cramer	499
crammed	837
cramming	338
cramp	1650
cramped	1229
cramping	596
cramps	1150
cranberries	306
cranberry	1000
crandall	456
crane	9625
cranes	689
cranford	201
cranial	569
craniotomy	148
cranium	446
crank	2734
cranked	311
cranking	589
cranks	295
cranky	1936
crannies	156
cranny	273
cranston	416
crap	44529
crapped	544
crapper	500
crapping	351
crappy	3941
craps	877
crash	23547
crashed	7406
crasher	163
crashers	125
crashes	3395
crashing	8254
crass	612
crassus	357
cratchit	195
crate	2705
crater	2106
craters	578
crates	1744
cravan	125
cravat	245
crave	1532
craved	370
craven	793
craves	493
craving	1795
cravings	437
craw	236
crawfish	307
crawford	3449
crawl	6626
crawled	2185
crawler	306
crawlers	142
crawley	867
crawling	5562
crawls	558
crawlspace	141
crawly	119
cray	435
crayfish	365
crayon	505
crayons	563
craze	706
crazed	1119
crazier	1383
crazies	672
craziest	1489
crazily	233
craziness	1160
crazy	188767
creak	934
creaking	5853
creaks	3555
creaky	159
cream	29378
creamed	618
creamer	211
creams	817
creamy	918
crease	553
creased	146
creases	205
creasy	206
create	29323
created	29134
creates	4772
creating	9636
creatinine	119
creation	7113
creations	975
creative	8898
creatively	397
creativity	1946
creator	3276
creators	532
creature	18303
creatures	13885
cred	403
credence	329
credentials	1876
credenza	128
credibility	2230
credible	1746
credit	31029
credited	522
creditor	241
creditors	794
credits	2104
credo	246
cree	187
creech	114
creed	1442
creegan	219
creek	5700
creeks	170
creel	173
creep	6594
creeped	401
creeper	515
creepers	215
creepier	211
creepiest	142
creepin	128
creeping	1934
creeps	3581
creepy	10420
cregg	189
creighton	404
cremate	465
cremated	1451
cremation	836
crematorium	616
creme	810
crenshaw	492
creole	441
crepe	492
crepes	367
crept	766
crescendo	318
crescent	1130
cressida	124
cresswell	128
crest	1672
crested	119
crests	125
cretaceous	236
crete	646
cretin	749
cretins	295
crevasse	136
crevice	297
crevices	209
crew	33113
crewe	252
crewes	126
crewman	604
crewmen	356
crews	2718
crewson	137
crib	2874
cribbage	137
cribs	215
crichton	1865
crick	545
cricket	5321
cricketer	216
crickets	2862
crickett	153
cried	11236
crier	247
cries	10306
crike	122
crikey	603
crim	158
crime	63084
crimea	408
crimean	178
crimes	13566
criminal	31574
criminality	188
criminally	591
criminals	11335
criminology	316
criminy	116
crimp	236
crimson	1317
cringe	280
cringing	121
crinkle	129
crinkles	125
crinkling	151
crip	122
cripes	323
cripple	3003
crippled	2547
cripples	473
crippling	586
crips	237
cris	716
crises	536
crisis	13690
crisp	2234
crisper	133
crispin	252
crisps	894
crispy	1532
criss	199
crisscross	175
cristal	467
cristela	138
cristian	244
cristiano	183
cristina	2597
cristo	462
cristobal	193
crit	268
criteria	1293
criterion	202
critic	2310
critical	9636
critically	646
criticise	406
criticised	270
criticising	203
criticism	2525
criticisms	247
criticize	1882
criticized	857
criticizes	134
criticizing	895
critics	2465
critique	705
critiques	191
crittendon	130
critter	649
critters	721
crixus	383
croak	823
croaked	341
croaking	641
croaks	370
croat	142
croatia	659
croatian	481
croatoan	264
croats	186
croc	664
crochet	180
crock	886
crocker	855
crockery	303
crockett	1778
crocodile	2732
crocodiles	1394
crocs	454
croesus	123
croft	1142
croissant	715
croissants	707
croix	262
croker	123
cromwell	1449
crone	363
cronies	514
cronkite	211
cronus	150
crook	4072
crooked	3659
crooks	2133
croon	178
crooner	159
crop	3732
cropped	373
cropping	136
crops	2932
croque	147
croquet	466
croquette	118
croquettes	221
crore	822
crores	2110
crosby	1430
cross	41692
crossbones	120
crossbow	836
crossbows	121
crossed	14222
crosses	3045
crossfire	710
crossfit	172
crosshairs	354
crossing	8585
crossings	266
crossley	129
crossover	390
crossrail	186
crossroad	265
crossroads	1644
crosswalk	243
crossword	1235
crosswords	290
crotch	1516
crotchety	127
crouch	597
crouched	229
crouching	388
croup	160
croupier	317
croutons	225
crow	5042
crowbar	1071
crowd	39856
crowded	5447
crowder	577
crowding	498
crowds	3091
crowe	937
crowed	117
crowing	647
crowley	1748
crown	15281
crowned	1581
crowning	707
crowns	1835
crows	2740
croydon	266
crozier	180
cru	258
cruces	142
crucial	5474
crucially	289
crucible	360
crucified	1332
crucifix	814
crucifixes	130
crucifixion	572
crucify	1025
crud	525
cruddy	125
crude	2568
crudely	193
cruel	14872
cruelest	257
cruella	342
cruelly	630
cruelty	2534
cruickshank	185
cruise	7226
cruised	152
cruiser	1894
cruisers	572
cruises	381
cruisin	184
cruising	1602
cruller	114
crumb	906
crumble	1468
crumbled	476
crumbles	416
crumbling	1183
crumbly	125
crumbs	1706
crummy	1228
crump	272
crumpet	242
crumpets	232
crumple	167
crumpled	445
crunch	2666
crunched	172
crunches	520
crunching	1492
crunchy	951
crunk	123
crusade	1927
crusader	831
crusaders	975
crusades	514
crusading	155
crush	13497
crushed	7462
crusher	1094
crushes	699
crushing	2619
crusoe	742
crust	2791
crustacean	160
crustaceans	161
crusts	286
crusty	641
crutch	774
crutches	960
crux	226
cruz	3269
cruzeiros	144
cry	53674
crybaby	740
cryer	195
cryin	992
crying	61698
cryo	137
cryogenic	257
cryogenics	138
crypt	1224
cryptic	751
cryptography	132
crys	133
crystal	12885
crystalline	343
crystallized	195
crystals	2387
cs	411
csc	127
csi	2087
csis	225
csu	861
ct	2445
cthulhu	127
ctu	1686
cu	552
cuando	172
cuatro	182
cub	2483
cuba	5256
cuban	3159
cubans	692
cubby	589
cube	2505
cubed	144
cubes	1516
cubic	983
cubicle	965
cubicles	170
cubism	126
cubits	160
cubs	2898
cucaracha	284
cuckold	764
cuckolded	151
cuckoo	2876
cuckoos	142
cucumber	1677
cucumbers	609
cuddle	1931
cuddled	228
cuddles	394
cuddling	622
cuddly	831
cuddy	786
cue	5154
cued	154
cuervo	179
cues	656
cuesta	171
cuff	3012
cuffed	570
cufflink	115
cufflinks	424
cuffs	2965
cui	566
cuidado	115
cuisine	1912
cujo	210
culinary	1393
cull	206
culled	169
cullen	1181
culling	163
cully	476
culminated	159
culminating	186
culmination	473
culo	125
culpa	349
culpability	198
culpable	259
culpepper	300
culper	159
culprit	3655
culprits	676
cult	4811
cultivate	944
cultivated	754
cultivating	424
cultivation	350
cults	422
cultural	5293
culturally	465
culture	15640
cultured	913
cultures	2926
culver	340
culvert	152
cum	1787
cumberland	451
cumbersome	266
cumin	313
cumming	158
cummings	891
cumulative	172
cuneiform	141
cunnilingus	135
cunning	3682
cunningham	1211
cunningly	123
cunt	6777
cunts	872
cup	35016
cupboard	3735
cupboards	498
cupcake	2459
cupcakes	2243
cupid	1787
cuppa	469
cupping	125
cups	4673
cur	460
curable	220
curare	168
curate	267
curative	114
curator	1043
curb	2517
curd	623
curdled	116
curds	128
cure	17999
cured	6180
cures	1113
curfew	3011
curfews	119
curia	170
curie	395
curing	816
curio	131
curiosities	158
curiosity	5792
curious	19576
curiouser	193
curiously	531
curl	1545
curled	750
curlers	232
curley	315
curling	732
curls	1114
curly	3345
curran	292
currant	131
curren	116
currencies	193
currency	3309
current	16251
currently	9421
currents	1833
curriculum	840
currie	117
curried	137
curries	115
curro	138
curry	4271
curse	16867
cursed	7360
curses	1545
cursing	1575
cursive	149
cursor	137
cursory	171
curt	1229
curtail	126
curtain	6374
curtains	4682
curtin	152
curtis	7102
curtsey	146
curtsy	266
curvature	310
curve	3219
curveball	264
curved	928
curves	1353
curving	134
curvy	277
curzon	339
cus	201
cusack	143
cuse	268
cush	139
cushing	325
cushion	1664
cushions	884
cushy	486
cusp	325
cuss	669
cussed	138
cussing	304
custard	1154
custer	988
custodial	353
custodian	558
custodians	119
custody	15562
custom	4965
customary	1332
customer	13954
customers	16788
customize	116
customized	261
customs	5831
cut	154407
cutbacks	434
cute	52240
cuteness	182
cuter	972
cutest	1730
cutesy	180
cuthbert	543
cuticle	117
cuticles	114
cutie	2597
cuties	170
cutlass	284
cutler	1276
cutlery	735
cutlet	326
cutlets	334
cutoff	295
cutout	260
cuts	8764
cutter	2725
cutters	848
cutthroat	491
cutthroats	183
cuttin	253
cutting	15498
cuttings	228
cuttlefish	283
cutty	284
cuz	2909
cuzco	193
cv	723
cvi	214
cvs	205
cw	201
cy	1109
cyanide	1816
cyanotic	128
cyber	1872
cyberbrain	136
cyberman	118
cybermen	459
cybernetic	283
cyberspace	292
cybertron	438
cybill	183
cyborg	1445
cyborgs	353
cycle	7022
cycled	186
cycles	1319
cyclical	155
cycling	1132
cyclist	491
cyclists	262
cyclone	808
cyclones	138
cyclops	1076
cydney	149
cygnus	195
cying	148
cylinder	1432
cylinders	828
cylindrical	184
cylon	1153
cylons	1006
cymbal	217
cymbals	359
cyn	127
cyndi	503
cynic	558
cynical	2350
cynicism	559
cynics	121
cynthia	4414
cyper	141
cypher	209
cypress	464
cyprus	932
cyr	123
cyrano	467
cyril	2550
cyrus	3985
cyst	506
cystic	207
czar	814
czech	2027
czechoslovak	162
czechoslovakia	836
czechoslovakian	127
czechs	444
d've	228
da	23954
daan	169
dab	693
dabble	488
dabbled	257
dabbling	226
dabney	245
dabo	133
dabs	134
dacha	179
dachau	295
dachshund	218
dacia	151
dacoit	228
dacoits	118
dad	378540
dada	1180
dadda	123
daddies	708
daddy	100005
dade	515
dado	172
dads	2718
dae	1051
daedalus	530
daegil	235
daemon	191
daenerys	131
daeng	150
daese	225
daeso	810
daffodil	226
daffodils	292
daffy	1000
daft	2318
dafu	216
dag	849
dagen	148
dagger	4118
daggers	755
daggett	144
dagmar	342
dagny	142
dago	265
dagon	154
dagur	261
dagwood	212
dah	1106
dahak	199
dahl	496
dahlia	839
dahmer	273
dai	1430
daigoro	139
dailies	289
daily	14647
daimler	140
daimon	663
daimyo	245
dainty	639
daiquiri	291
daiquiris	167
dairy	2274
dais	351
daisaku	196
daisies	895
daisuke	1163
daisy	8489
daka	127
dakar	291
dakara	203
dake	384
dakin	199
dakota	2253
daksha	132
daktari	671
dal	853
dalai	669
dalal	162
dalby	127
dale	7794
dalek	1040
daleks	1527
dales	185
daley	639
dali	401
dalia	589
dallas	5473
dalliance	195
dally	161
dalmatian	197
dalrymple	169
dalton	3113
daly	3241
dalziel	131
dam	5177
dama	132
damage	26061
damaged	8754
damages	2601
damaging	1563
damar	153
damascus	943
dame	4968
dames	1084
damian	1549
damiano	131
damien	3247
damini	226
damm	203
damme	311
dammed	200
dammit	8389
damn	184228
damnable	200
damnation	1065
damned	14557
damnedest	381
damning	503
damnit	1001
damo	124
damocles	203
damodar	149
damon	5718
damona	144
damp	2492
dampen	224
dampening	160
damper	381
dampers	122
dampness	142
dams	537
damsel	1122
damsels	228
damul	216
dan	28601
dana	8232
danbury	245
danby	170
dance	97339
danced	5448
danceny	118
dancer	10251
dancers	4074
dances	4248
dancin	966
dancing	33491
dandelion	489
dandelions	211
dander	169
dandi	208
dandridge	175
dandruff	472
dandy	2050
dane	2024
danes	890
danforth	383
dang	4654
danged	127
danger	39518
dangerous	65974
dangerously	1562
dangers	2731
dangle	708
dangled	202
dangles	133
dangling	1036
dani	3258
danica	245
daniel	28404
daniela	866
daniele	389
daniella	519
danielle	4180
danielli	116
daniels	2870
daniken	171
danilo	405
danish	3106
dank	356
danke	932
danko	179
dann	136
danner	203
danni	577
danno	247
danny	43801
dano	158
dans	465
dansk	119
danson	261
dante	3471
dantes	144
danton	468
danube	700
danvers	899
danville	399
dany	261
danza	116
danzig	278
danziger	328
dao	691
daow	163
dap	137
daph	411
daphne	6097
daphnee	118
dapper	379
dar	700
dara	899
daran	117
darbie	124
darby	1079
darcy	2588
dare	55131
dared	4122
daredevil	587
daren	650
dares	2887
daresay	590
darfur	226
darhk	473
daria	1613
darian	174
darien	225
darin	314
daring	3359
dario	742
darius	2288
darjeeling	225
dark	73770
darken	607
darkened	572
darkening	204
darkens	121
darker	2569
darkest	2574
darkie	191
darkies	179
darkly	190
darkness	18029
darknet	117
darko	276
darkroom	511
darkseid	189
darl	324
darla	1042
darlene	1589
darlin	2779
darling	82240
darlings	1409
darlington	246
darn	7507
darnay	128
darndest	124
darned	880
darnedest	118
darnell	1217
darning	125
darnley	536
darpa	186
darrah	322
darrel	266
darrell	931
darren	4031
darrin	3954
darrow	544
darrowby	127
darryl	3171
dart	2127
dartboard	132
darth	783
dartie	237
darting	179
dartmoor	196
dartmouth	409
darts	1889
darwin	3324
darwinian	182
darwinism	167
darwyn	183
darya	148
daryl	1980
daryll	133
darzac	161
das	1958
dash	5102
dasha	213
dashboard	728
dashed	780
dasher	255
dashes	161
dashiell	115
dashing	1465
dashrath	125
dashwood	211
dass	249
dastardly	356
dat	1620
data	22478
database	5080
databases	609
datak	206
date	88407
dated	7478
dateless	122
dateline	278
dates	10660
dating	24645
dato	194
datsun	169
daughter	163071
daughters	10230
daunting	585
dauntless	209
dauphin	444
dave	25633
davenport	1314
davey	2117
david	68505
davide	490
davidson	1202
davie	483
davies	2117
davina	996
davis	12258
davison	210
davos	236
davros	274
davy	1828
dawdle	394
dawdling	298
dawes	730
dawg	2469
dawgs	147
dawkins	633
dawn	20598
dawned	757
dawning	538
dawns	412
dawson	5808
dax	1430
day	617674
daya	271
dayal	199
dayan	124
daybreak	1061
daycare	881
daydream	603
daydreaming	832
daydreams	304
daye	118
daylight	6521
daylights	400
dayna	165
days	253171
daytime	2557
dayton	592
daytona	442
daz	198
daze	552
dazed	636
dazzle	894
dazzled	544
dazzles	114
dazzling	1414
db	257
dbs	186
dc	4371
dcfs	204
dci	1375
dcp	282
dcs	170
dd	3096
ddd	198
dddd	274
ddr	304
ddt	204
de	44903
dea	2606
deac	188
deacon	2978
deacons	114
deactivate	805
deactivated	636
dead	317589
deadbeat	851
deadbeats	234
deadbolt	116
deader	309
deadlier	179
deadliest	733
deadline	4264
deadlines	545
deadlock	295
deadlocked	151
deadly	9410
deadman	133
deadwood	259
deaf	10924
deafening	436
deafness	194
deakin	115
deakins	195
deal	174929
dealer	11801
dealers	4504
dealership	1085
dealerships	141
dealin	215
dealing	21356
dealings	1599
dealio	134
deals	6971
dealt	6298
dean	19581
deandra	165
deandre	167
deane	361
deanna	734
deano	237
deans	116
deaq	223
dear	167351
dearborn	192
dearden	121
dearer	344
dearest	5967
dearie	1051
dearing	214
dearly	3351
dears	913
dearth	250
deary	208
death	189000
deathbed	1085
deathly	452
deaths	7780
deathstroke	159
deathtrap	176
deauville	256
deaver	150
deb	3980
debacle	494
debased	126
debatable	424
debate	7444
debated	473
debates	686
debating	1021
debauched	176
debauchery	525
debbie	8120
debby	262
debilitating	325
debit	502
debonair	221
deborah	2436
debra	2511
debrief	835
debriefed	235
debriefing	587
debris	3414
debs	693
debt	16464
debtor	268
debtors	328
debts	6359
debussy	175
debut	2323
debutante	403
debutantes	114
debuted	148
dec	303
decade	4633
decadence	390
decadent	704
decades	6059
decaf	1043
decanter	167
decapitate	193
decapitated	756
decapitation	325
decathlon	223
decatur	225
decay	1865
decayed	320
decaying	599
decays	130
deceased	6176
decedent	444
deceit	1410
deceitful	751
deceive	3237
deceived	3589
deceiver	293
deceives	203
deceiving	1824
deceleration	135
december	7586
decency	2884
decent	19294
decently	584
decepticon	404
decepticons	609
deception	2604
deceptions	141
deceptive	653
deceptively	191
decibels	212
decide	44806
decided	76683
decidedly	543
decider	148
decides	6440
deciding	2799
decimal	417
decimate	234
decimated	549
decipher	1142
deciphered	337
deciphering	236
decision	50446
decisions	13978
decisive	1938
decisively	187
deck	13118
deckard	211
decked	518
decker	2270
deckhand	144
decking	116
decks	1610
declan	1384
declaration	2589
declarations	262
declare	6397
declared	5867
declares	691
declaring	1115
declassified	138
decline	3068
declined	1746
declines	226
declining	554
deco	346
decode	735
decoded	424
decoder	294
decoding	355
decommissioned	301
decomp	309
decompose	304
decomposed	364
decomposing	361
decomposition	571
decompress	282
decompression	424
decontamination	384
decor	843
decorate	1898
decorated	3432
decorating	1379
decoration	1600
decorations	2040
decorative	689
decorator	911
decorators	178
decorum	572
decoy	1927
decoys	329
decrease	951
decreased	645
decreases	351
decreasing	454
decree	2017
decreed	645
decrees	335
decrepit	368
decrypt	250
decrypted	169
decryption	236
dede	634
dedicate	2324
dedicated	7262
dedicates	126
dedicating	358
dedication	2498
deduce	505
deduced	352
deduct	701
deducted	366
deductible	301
deducting	140
deduction	931
deductions	348
deductive	212
dee	5994
deed	6333
deedee	422
deeds	5015
deegan	170
deej	309
deejay	638
deeks	2310
deeley	119
deem	730
deemed	1263
deems	237
deen	193
deena	925
deep	60938
deepa	456
deepak	924
deepen	215
deepened	183
deepening	163
deepens	181
deeper	10270
deepest	3768
deeply	19685
deepu	238
deepwater	134
deer	6789
deerfield	132
deering	278
deets	306
def	689
deface	117
defaced	179
defacing	153
defamation	451
defame	229
defamed	226
default	2185
defaulted	121
defcon	328
defeat	13775
defeated	7350
defeating	915
defeatist	210
defeats	847
defecate	198
defect	1900
defected	435
defecting	151
defection	228
defective	1248
defector	331
defectors	186
defects	814
defence	7374
defenceless	521
defences	764
defend	17469
defendant	11798
defendants	1497
defended	2692
defender	1920
defenders	904
defending	6447
defends	690
defense	23479
defenseless	1386
defenses	1744
defensive	4025
defer	548
deference	297
deferred	261
defiance	1286
defiant	962
defiantly	120
defib	147
defibrillator	578
deficiencies	200
deficiency	707
deficient	297
deficit	941
deficits	194
defied	864
defies	636
defile	418
defiled	500
defiling	140
definately	135
define	4261
defined	2187
defines	1028
defining	978
definite	3634
definitely	71524
definition	4132
definitions	331
definitive	1331
definitively	475
deflate	192
deflated	209
deflect	549
deflected	264
deflecting	217
deflection	198
deflector	443
deflectors	121
deflowered	151
defne	172
deforestation	137
deformation	130
deformed	1095
deformities	173
deformity	325
defraud	215
defrauded	175
defrauding	130
defrost	314
defrosted	146
defrosting	151
deft	163
defunct	217
defuse	656
defused	217
defusing	128
defy	2546
defying	737
degas	399
degenerate	1410
degenerated	163
degenerates	410
degeneration	309
degenerative	271
degradation	593
degrade	445
degraded	636
degrading	968
degrasse	137
degree	13103
degrees	13842
dehydrated	1117
dehydration	657
dei	572
deianeira	145
deidre	251
deign	208
deimos	147
deion	155
deirdre	807
deities	382
deity	1019
deja	539
dejected	307
deke	905
dekker	552
del	7447
delacroix	306
delaine	129
delancey	132
delancy	136
delaney	1161
delano	463
delaware	993
delay	9179
delayed	4549
delaying	800
delays	1148
delbert	285
delectable	291
delegate	1139
delegated	222
delegates	1076
delegating	123
delegation	1524
delegations	131
delenn	623
delete	3365
deleted	2289
deleting	328
deleuze	136
delfina	151
delfino	286
delgado	1086
delhi	4512
deli	1466
delia	1999
deliberate	2148
deliberately	5195
deliberating	196
deliberation	440
deliberations	306
delicacies	424
delicacy	1248
delicate	8544
delicately	628
delicatessen	292
delicious	22901
deliciously	268
delight	4016
delighted	8873
delightful	4950
delightfully	300
delights	913
delilah	1342
delinda	779
deline	405
delinquency	288
delinquent	1045
delinquents	635
delirious	1445
delirium	665
delish	184
delius	125
deliver	22124
deliverance	618
delivered	12713
deliverer	145
deliveries	1916
delivering	4220
delivers	1573
delivery	15137
delko	515
dell	1493
della	2477
delle	181
dellinger	133
delmar	157
delon	132
delorean	275
delores	542
delos	173
delphi	446
delphine	967
delta	4746
deluca	533
delude	318
deluded	816
deluding	171
deluge	410
delusion	1516
delusional	2271
delusions	1632
deluxe	1253
delve	353
delving	119
dem	842
demand	14303
demanded	3013
demanding	4584
demands	8492
demarcation	132
demarco	321
demarest	124
dembe	169
demean	224
demeaning	525
demeanor	516
demeanour	159
demelza	416
demented	1035
dementia	1270
demerit	134
demerits	162
demerol	240
demetri	222
demetrius	523
demi	686
demigod	126
demille	185
demise	1701
demo	2567
democracies	214
democracy	6848
democrat	1243
democratic	4074
democratically	232
democrats	1722
demographic	556
demographics	198
demolish	855
demolished	1038
demolishing	231
demolition	1465
demolitions	183
demon	15328
demonic	1701
demons	8596
demonstrate	3918
demonstrated	1529
demonstrates	587
demonstrating	872
demonstration	4620
demonstrations	1110
demonstrators	507
demoralized	187
demoralizing	139
demos	434
demote	129
demoted	680
demotion	221
dempsey	874
dempster	116
demure	233
den	5956
dena	208
denarii	118
denby	257
dench	157
deng	436
dengue	167
denham	359
deniability	340
denial	3245
denials	200
denice	150
denied	7939
denies	1522
denigrate	130
denim	696
denis	1490
denise	6751
deniz	364
denizens	142
denmark	2893
denna	123
denning	397
dennis	11751
dennison	300
denny	5435
denomination	234
denominations	155
denominator	409
denote	184
denotes	127
denounce	974
denounced	749
denouncing	239
dens	413
dense	2668
densely	241
denser	296
densha	281
density	1336
densuke	136
dent	2259
dental	3786
dente	179
dented	499
dentist	6275
dentistry	267
dentists	661
denton	1336
dents	363
denture	116
dentures	582
denunciation	140
denver	4197
deny	15012
denying	3286
denzel	967
denzil	188
deo	529
deodorant	1032
deok	454
deon	277
depart	2640
departed	2261
departing	1339
department	42487
departmental	372
departments	1479
departs	563
departure	4341
departures	263
depend	6872
dependable	931
dependant	179
depended	1490
dependence	381
dependency	342
dependent	2376
dependents	192
depending	4766
depends	22413
depict	511
depicted	715
depicting	322
depiction	361
depictions	182
depicts	314
depleted	705
depletion	192
deplorable	449
deplore	167
deploy	1874
deployed	1765
deploying	426
deployment	1108
deployments	120
depo	115
deport	570
deportation	643
deportations	121
deported	2107
deporting	117
depose	324
deposed	509
deposit	7747
deposited	1505
depositing	204
deposition	1873
depositions	429
depositors	163
depository	277
deposits	1799
depot	2431
depots	174
depp	403
depraved	981
depravity	476
depress	418
depressed	9400
depresses	249
depressing	3938
depression	6192
depressions	170
depressive	383
deprivation	816
deprive	1122
deprived	1696
depriving	357
dept	806
depth	5495
depths	3117
deputies	1355
deputize	130
deputized	167
deputy	12440
der	2361
derail	419
derailed	427
deran	121
deranged	1360
derby	2062
derbyshire	176
dere	199
deregulation	136
derek	11306
derelict	512
dereliction	221
derevko	143
derision	152
derivative	696
derivatives	389
derive	384
derived	823
derives	270
dermal	123
dermatologist	389
dermot	625
dern	138
derogatory	280
derrick	1875
derriere	155
derringer	130
derry	279
ders	507
dervish	201
derwent	115
derya	129
des	4110
desai	392
desalvo	119
descartes	427
descend	1995
descendant	1145
descendants	1730
descended	1951
descendent	217
descendents	308
descending	1260
descends	666
descent	2619
deschamps	127
describe	13221
described	7525
describes	1800
describing	2022
description	9140
descriptions	970
descriptive	188
desdemona	528
desecrate	294
desecrated	353
desecrating	157
desecration	299
desert	19666
deserted	4918
deserter	1106
deserters	602
deserting	559
desertion	547
deserts	1134
deserve	37283
deserved	8074
deserves	13558
deserving	1110
deshawn	120
desi	489
desiccated	161
design	16691
designate	343
designated	2154
designation	366
designed	13591
designer	7017
designers	2444
designing	1579
designs	3797
desirable	1381
desire	20229
desired	2155
desiree	611
desires	6252
desiring	247
desirous	157
desist	625
desk	27820
desks	1051
desktop	379
desmond	2015
desna	167
desolate	1091
desolation	417
desoto	169
despair	5284
despaired	148
despairing	177
despatch	120
desperado	201
desperate	19211
desperately	4973
desperation	2050
despereaux	117
despicable	2246
despise	3396
despised	1175
despises	532
despising	125
despite	16632
despondent	250
despot	182
dessert	9237
desserts	1197
dessie	180
desslok	142
destabilize	209
destabilizing	184
destination	6765
destinations	516
destined	4236
destinies	532
destiny	18000
destitute	619
destroy	42078
destroyed	29789
destroyer	1962
destroyers	707
destroying	7000
destroys	2223
destruct	394
destruction	10401
destructive	2395
desu	134
det	785
detach	495
detached	1072
detachment	993
detail	15745
detailed	3731
detailing	573
details	25451
detain	1347
detained	2204
detainee	288
detainees	426
detaining	243
detainment	179
detect	4113
detectable	203
detected	3432
detecting	1173
detection	1394
detective	60633
detectives	8036
detector	2765
detectors	1032
detects	346
detention	4518
deter	539
detergent	789
deteriorate	409
deteriorated	470
deteriorates	137
deteriorating	575
deterioration	464
determination	2862
determine	7695
determined	11890
determines	865
determining	653
deterred	160
deterrent	458
detest	936
detestable	229
detested	223
detests	133
dethklok	789
dethroned	124
detonate	1605
detonated	803
detonates	215
detonating	230
detonation	1153
detonator	1750
detonators	464
detour	2050
detours	260
detox	782
detractors	130
detriment	225
detrimental	364
detritus	139
detroit	4179
deuce	1246
deuces	365
deunan	293
deus	299
deuterium	183
deuteronomy	152
deutsch	352
deutsche	250
deutschland	200
deux	617
dev	2957
deva	685
devaki	161
devalos	274
devan	135
devastate	289
devastated	3607
devastating	2913
devastatingly	143
devastation	989
devdas	403
develop	8036
developed	11679
developer	1019
developers	588
developing	4956
development	9803
developmental	260
developments	1745
develops	1030
deveraux	312
devere	120
devereaux	636
devereux	131
devi	1223
deviant	586
deviants	175
deviate	459
deviated	292
deviates	125
deviation	464
deviations	130
device	16734
devices	4059
devika	184
devil	36189
deviled	235
devilish	671
devilishly	125
deville	160
devils	3388
devin	834
devine	345
devious	1318
devise	704
devised	1332
devising	208
devlin	1779
devo	165
devoid	703
devon	4490
devonshire	257
devore	242
devote	1681
devoted	5418
devotee	496
devotees	456
devotes	128
devoting	266
devotion	3221
devotional	203
devour	1460
devoured	932
devouring	518
devours	339
devout	952
devoutly	118
devraj	128
devyn	129
dew	1834
dewar	258
dewey	3015
dewitt	430
dewy	200
dex	2632
dexter	4364
dexterity	271
dey	277
dez	395
dg	262
dgp	131
dh	175
dhabi	176
dhana	139
dhani	120
dhanraj	182
dharam	272
dharma	1650
dhd	137
dhillon	157
dhoni	226
dhoti	209
dhruv	123
dhs	574
di	8051
dia	799
diabetes	2501
diabetic	1378
diabetics	133
diablo	832
diabolic	118
diabolical	1052
diagnose	711
diagnosed	2744
diagnoses	178
diagnosing	143
diagnosis	3579
diagnostic	1125
diagnostics	403
diagonal	308
diagonally	207
diagram	984
diagrams	410
dial	7086
dialect	1595
dialectic	134
dialects	261
dialed	1424
dialing	2752
dialled	346
dialling	461
diallo	122
dialog	399
dialogue	5975
dialogues	628
dials	841
dialysis	1004
diameter	1261
diamond	13777
diamondback	128
diamonds	11128
dian	290
diana	9717
diane	9819
dianne	665
diaper	2710
diapers	2900
diaphragm	824
diaries	1193
diarrhea	1783
diarrhoea	396
diary	8423
dias	650
diaz	2336
diazepam	237
dib	548
dibble	180
dibs	1444
dic	178
dicaprio	259
dice	5425
diced	225
dices	137
dicey	453
dich	194
dichotomy	137
dick	35996
dickens	1475
dickerson	184
dickey	274
dickhead	3112
dickheads	460
dickie	2058
dicking	261
dickinson	719
dickless	152
dicks	2858
dickson	382
dickwad	163
dickweed	132
dicky	967
dictaphone	149
dictate	1735
dictated	839
dictates	788
dictating	418
dictation	564
dictator	1720
dictatorial	125
dictators	444
dictatorship	1494
dictatorships	120
dicte	284
diction	232
dictionaries	150
dictionary	2567
did	1742764
diddle	518
diddley	115
diddling	139
diddly	241
diddy	348
didem	397
diderot	117
didgeridoo	132
didi	1620
didier	654
didn	1100643
didn't	1700000
didnae	176
didnt	1434
dido	244
didrt	300
didst	413
didyou	185
die	214062
died	138432
diego	8408
diehard	130
diem	835
dien	218
dieppe	158
dierdre	120
dies	20261
diesel	2188
diet	10092
dietary	348
dieter	792
dieting	422
dietrich	922
dietrichson	126
diets	456
dietz	316
dieu	545
diff	490
differ	1743
differed	122
difference	49743
differences	5330
different	174657
differential	593
differentiate	540
differently	9453
differing	163
differs	340
difficult	60404
difficulties	3706
difficulty	4998
diffuse	468
diffused	145
diffusion	157
dig	25698
diga	125
digby	443
digest	1827
digested	427
digesting	263
digestion	706
digestive	943
digger	1776
diggers	352
diggin	363
digging	12218
diggity	213
diggle	361
diggs	304
diggy	164
digit	453
digital	5016
digitalis	217
digitally	420
digitized	148
digits	1423
dignified	1494
dignify	313
dignitaries	426
dignitary	160
dignity	7850
digoxin	143
digress	244
digs	1980
dijon	387
dike	276
dil	285
dilapidated	251
dilate	166
dilated	884
dilation	307
dilaurentis	282
dilawar	131
dilbert	326
dildo	905
dildos	289
dilemma	2195
dilemmas	157
dilettante	162
diligence	858
diligent	784
diligently	463
dilip	205
dilithium	248
dill	690
dillard	279
diller	160
dillinger	388
dillon	2495
dilly	383
dilute	264
diluted	372
dim	2484
dima	584
dimaggio	361
dimas	191
dime	6143
dimension	4595
dimensional	917
dimensions	2219
dimes	738
diminish	653
diminished	978
diminishes	196
diminishing	345
diminutive	184
dimitri	1624
dimitrios	152
dimitris	170
dimitry	132
dimka	116
dimly	149
dimmed	203
dimmer	220
dimming	161
dimple	502
dimples	628
dimwit	566
dimwits	132
din	1216
dina	1581
dinah	1485
dinanath	134
dinar	233
dinard	152
dinars	638
dine	3093
dined	715
diner	5167
dinero	309
diners	637
dines	139
dinesh	387
ding	6157
dingbat	133
dinged	210
dinger	121
dinghy	558
dinging	1039
dingle	316
dingo	940
dings	7204
dingus	184
dingy	346
dining	7250
dink	820
dinka	133
dinky	765
dinna	121
dinner	117970
dinners	2421
dinnertime	697
dino	2270
dinosaur	3748
dinosaurs	3811
dinozzo	1999
dinsdale	149
dint	169
dinu	145
dio	463
diocese	387
diogenes	134
diogo	174
dion	1001
dionne	256
dionysus	204
dior	395
diorama	194
dios	839
diosa	128
dioxide	1712
dioxin	115
dip	5272
dipesto	192
diphtheria	279
diploma	1977
diplomacy	1279
diplomas	392
diplomat	1569
diplomatic	3475
diplomats	796
dipped	1125
dipper	908
dipping	1083
dippy	187
dips	502
dipshit	773
dipstick	250
dir	219
dirac	124
dire	1877
direct	18122
directed	7864
directing	2237
direction	22341
directional	344
directions	6678
directive	1139
directives	306
directly	19104
director	43294
directorate	397
directors	4362
directory	990
directs	390
dirge	122
dirk	1858
dirt	15061
dirtbag	659
dirtbags	180
dirtied	208
dirtier	429
dirtiest	382
dirty	47462
dirtying	123
dis	1206
disa	134
disabilities	375
disability	1502
disable	1328
disabled	3575
disabling	242
disadvantage	1170
disadvantaged	282
disadvantages	267
disagree	6505
disagreeable	585
disagreed	727
disagreeing	257
disagreement	1339
disagreements	555
disagrees	472
disappear	19933
disappearance	4192
disappearances	515
disappeared	27695
disappearing	3480
disappears	4096
disappoint	6125
disappointed	15771
disappointing	3188
disappointment	4277
disappointments	488
disappoints	215
disapproval	374
disapprove	907
disapproved	299
disapproves	166
disapproving	190
disarm	1543
disarmament	246
disarmed	669
disarming	316
disarray	416
disassemble	241
disassembled	163
disaster	15366
disasters	1401
disastrous	1671
disavow	274
disband	439
disbanded	552
disbanding	117
disbarment	119
disbarred	515
disbelief	540
disbelieve	153
disc	2711
discard	876
discarded	1204
discern	438
discernible	178
discerning	383
discharge	3607
discharged	3368
discharges	233
discharging	293
disciple	1779
disciples	1989
disciplinary	1451
discipline	6542
disciplined	1303
disciplines	278
disciplining	118
disclaimer	159
disclose	1587
disclosed	669
disclosing	216
disclosure	1102
disco	4702
discoloration	314
discomfort	1360
disconcerting	410
disconnect	1559
disconnected	2230
disconnecting	177
disconnects	515
discontent	540
discontented	133
discontinue	308
discontinued	416
discord	729
discordant	326
discos	209
discotheque	263
discount	4906
discounted	278
discounts	468
discourage	888
discouraged	1293
discouraging	407
discourse	544
discourteous	139
discover	10961
discovered	26836
discoverer	126
discoveries	1904
discovering	2014
discovers	1228
discovery	8890
discredit	988
discredited	384
discreet	3827
discreetly	989
discrepancies	378
discrepancy	475
discrete	471
discretely	121
discretion	3190
discretionary	224
discriminate	550
discriminated	217
discriminating	242
discrimination	1346
discriminatory	122
discs	688
discus	177
discuss	30922
discussed	7309
discusses	168
discussing	6319
discussion	8656
discussions	1584
disdain	578
disease	20973
diseased	899
diseases	3918
disembark	330
disembarked	166
disembodied	256
disembowel	138
disenchanted	135
disenfranchised	192
disengage	678
disengaged	242
disengages	114
disfigure	121
disfigured	697
disfigurement	126
disgrace	6167
disgraced	1567
disgraceful	1430
disgracing	157
disgruntled	751
disguise	5881
disguised	2506
disguises	784
disguising	311
disgust	2809
disgusted	1861
disgusting	20786
disgustingly	270
disgusts	553
dish	14734
disha	133
disheartened	247
disheartening	137
disher	222
dishes	10980
disheveled	175
dishing	234
dishonest	1925
dishonesty	481
dishonor	903
dishonorable	472
dishonorably	159
dishonored	452
dishonour	438
dishonourable	197
dishonoured	231
dishwasher	1597
dishwashers	122
dishwashing	147
dishwater	139
dishy	128
disillusion	186
disillusioned	493
disillusionment	143
disinfect	419
disinfectant	503
disinfected	204
disinformation	189
disingenuous	149
disinherit	158
disinherited	202
disintegrate	522
disintegrated	435
disintegrates	154
disintegrating	256
disintegration	295
disintegrator	114
disinterested	257
disk	2817
disks	701
dislike	3295
disliked	625
dislikes	733
disliking	118
dislocate	125
dislocated	798
dislocation	259
dislodge	220
dislodged	232
disloyal	775
disloyalty	304
dismal	688
dismantle	930
dismantled	592
dismantling	373
dismay	413
dismayed	251
dismember	212
dismembered	506
dismemberment	223
dismiss	3436
dismissal	1180
dismissed	8012
dismisses	114
dismissing	422
dismissive	235
dismount	690
disney	2721
disneyland	1750
disobedience	669
disobedient	379
disobey	1584
disobeyed	1206
disobeying	638
disobeys	169
disorder	5236
disordered	148
disorderly	838
disorders	1077
disorganized	485
disorientated	128
disorientation	302
disoriented	795
disorienting	153
disown	465
disowned	541
disparage	158
disparaging	185
disparate	153
disparity	185
dispassionate	127
dispatch	4487
dispatched	1333
dispatcher	1560
dispatches	355
dispatching	244
dispel	395
dispelled	122
dispensary	507
dispensation	254
dispense	855
dispensed	232
dispenser	485
dispensers	120
dispensing	246
dispersal	277
disperse	1358
dispersed	618
dispersing	115
dispersion	141
displace	177
displaced	774
displacement	502
display	7373
displayed	1377
displaying	637
displays	1126
displease	261
displeased	635
displeasure	398
disposable	1195
disposal	4408
dispose	2473
disposed	1366
disposes	115
disposing	394
disposition	1391
dispossessed	173
disproportionate	209
disprove	411
disproved	124
dispute	2797
disputed	323
disputes	840
disputing	222
disqualification	151
disqualified	1218
disqualify	333
disraeli	213
disregard	1783
disregarded	267
disregarding	196
disrepair	134
disreputable	244
disrepute	139
disrespect	3349
disrespected	544
disrespectful	2024
disrespectfully	118
disrespecting	488
disrespects	120
disrobe	187
disrupt	1422
disrupted	859
disrupter	142
disrupting	681
disruption	784
disruptions	139
disruptive	536
disruptor	140
disrupts	185
diss	287
dissatisfaction	300
dissatisfied	718
dissect	625
dissected	374
dissecting	343
dissection	516
dissed	265
disseminate	131
disseminated	122
dissension	190
dissent	466
dissertation	613
disservice	256
dissident	256
dissidents	262
dissimilar	206
dissing	253
dissipate	279
dissipated	252
dissipates	127
dissociative	271
dissolute	156
dissolution	353
dissolve	1539
dissolved	1201
dissolves	407
dissolving	490
dissonance	160
dissonant	142
dissuade	415
distal	313
distance	28199
distanced	199
distances	1504
distancing	167
distant	12801
distantly	414
distaste	159
distasteful	545
distemper	154
distended	217
distilled	413
distillery	344
distinct	2436
distinction	1898
distinctions	255
distinctive	1760
distinctly	1169
distinguish	1558
distinguished	3381
distinguishes	182
distinguishing	495
distort	352
distorted	3486
distorting	249
distortion	922
distortions	259
distorts	259
distract	4777
distracted	6245
distracting	1830
distraction	3757
distractions	1465
distracts	289
distraught	1091
distress	5275
distressed	1488
distressing	807
distribute	2105
distributed	1753
distributes	166
distributing	755
distribution	3272
distributor	1019
distributors	411
district	15566
districts	858
distrust	877
distrustful	200
disturb	9707
disturbance	2735
disturbances	678
disturbed	6738
disturbing	7868
disturbingly	145
disturbs	715
disused	246
dit	299
dita	129
ditch	6152
ditched	2072
ditches	559
ditching	781
ditka	119
dito	124
ditte	268
ditto	959
ditty	327
div	155
diva	1508
divan	148
divas	197
divatox	210
dive	8872
dived	465
diver	1816
divergent	140
divers	1663
diverse	1175
diversified	199
diversify	274
diversion	2499
diversionary	185
diversions	211
diversity	1493
divert	1551
diverted	955
diverting	444
dives	763
divide	4907
divided	5308
dividend	245
dividends	374
divider	140
divides	492
dividing	961
divination	245
divine	9926
divinely	286
diving	4312
divining	116
divinity	692
division	12873
divisional	248
divisions	1652
divisive	170
divorce	25433
divorced	12374
divorcee	312
divorces	660
divorcing	859
divulge	845
divulged	147
divvy	300
divya	1652
diwali	485
diwan	214
dix	771
dixie	1880
dixieland	179
dixit	240
dixon	3789
diy	364
diya	376
diz	156
dizer	218
dizziness	840
dizzy	6217
dizzying	146
dj	4922
django	435
djaro	501
djinn	371
djs	343
dk	347
dl	388
dm	249
dmc	115
dmitri	737
dmitry	571
dmt	134
dmv	1283
dmz	173
dn	407
dna	23889
dnc	139
dnr	267
do	4419883
doa	490
doable	592
doakes	258
dob	190
dobbin	171
dobbs	1282
dobby	286
doberman	576
dobey	146
dobie	250
dobler	133
dobson	554
doc	32073
docile	590
dock	5939
docked	878
docker	166
dockers	187
docket	660
docking	1232
docks	2880
dockside	118
docs	549
docteur	133
doctor	198424
doctoral	219
doctorate	786
doctored	487
doctoring	290
doctors	24380
doctrine	1119
doctrines	188
document	7799
documentaries	631
documentary	4587
documentation	1106
documented	1342
documenting	473
documents	12070
dod	862
dodd	799
doddle	119
dodds	261
dode	116
dodge	3864
dodgeball	342
dodged	964
dodger	1098
dodgers	1476
dodges	135
dodging	1065
dodgson	128
dodgy	1373
dodie	246
dodo	994
dodson	173
doe	4361
doer	433
doers	139
does	478174
doesn	471037
doesn't	1400000
doesnt	653
doesrt	147
dog	125769
dogbert	130
doge	293
dogfight	206
dogg	544
dogged	348
doggett	625
doggie	1922
doggies	439
dogging	305
doggone	941
doggy	2505
doghouse	722
dogma	400
dogon	117
dogs	38164
doh	607
doherty	395
doi	305
doigaki	152
doilies	119
doily	161
doin	22289
doing	732145
doings	526
doir	122
doj	351
dojo	1265
dok	764
dokey	402
doko	144
doktor	178
dol	314
dolan	957
dolby	192
dolce	500
doldrums	120
dole	1006
dolemite	136
doling	153
dolittle	217
doll	15579
dollar	14367
dollars	42705
dolled	340
dollface	131
dollhouse	547
dollie	127
dollies	218
dollop	184
dolls	5385
dolly	4700
dolores	2101
dolph	231
dolphin	2641
dolphins	2805
dolt	358
dom	3500
domain	2069
domains	168
dome	3519
domeier	136
domenico	452
domes	273
domestic	6143
domestically	138
domesticated	497
domestics	138
domicile	179
domina	145
dominance	739
dominant	1946
dominate	1852
dominated	1843
dominates	458
dominating	664
domination	1270
dominator	145
dominatrix	291
domine	213
domineering	233
domingo	701
dominguez	490
domini	182
dominic	3164
dominican	712
dominicans	148
dominick	355
dominik	183
dominion	1504
dominique	1709
domino	955
dominoes	552
dominos	169
dominus	392
domo	239
don	4158644
don't	2600000
dona	1478
donaghy	462
donahue	657
donal	116
donald	8151
donaldson	616
donate	3467
donated	2426
donatella	291
donatello	1701
donates	233
donati	163
donating	978
donation	3544
donations	1875
donato	213
donavan	121
doncaster	195
donde	281
done	408760
dong	6470
dongjun	156
dongs	228
dongshi	239
donk	148
donkey	6222
donkeys	957
donn	119
donna	13918
donne	203
donned	119
donnell	666
donnelly	1131
donner	1143
donnie	3613
donny	3377
dono	167
donohue	148
donor	4586
donors	1332
donovan	3871
dons	289
dont	9523
donut	1601
donuts	1981
doo	4732
doobie	359
dooby	179
doodily	131
doodle	1075
doodles	375
doodling	220
doody	406
doof	158
doofenshmirtz	163
doofus	679
doogie	273
doohan	146
doohickey	139
dookie	191
dooku	304
dooley	939
doolittle	503
doom	3937
doomed	5660
doomsday	1133
doon	288
doop	193
door	261118
doorbell	12355
doorbells	156
doorknob	1168
doorknobs	227
doorman	2138
doormat	541
doormen	156
doornail	237
doors	26020
doorstep	3009
doorway	2213
doorways	352
doot	177
doozy	435
dopamine	674
dope	8809
doped	450
dopes	200
dopey	781
doping	455
doppelganger	453
doppler	346
dor	270
dora	2502
dorado	427
doraemon	397
doran	243
dorcas	292
dorchester	259
dore	146
doreau	277
doreen	1107
doren	264
dorfman	181
dorft	196
dori	567
doria	140
dorian	1376
dorinda	167
doris	4193
dorita	126
doritos	211
dork	2190
dorks	462
dorky	552
dorm	3453
dormammu	130
dormant	1125
dormitories	180
dormitory	1074
dorms	667
dorn	364
dorne	116
dorota	363
dorotea	161
dorothea	276
dorothy	7853
dorrie	125
dorrit	553
dorsal	269
dorset	466
dorsey	441
doruk	302
dory	689
dos	1581
dosa	328
dosage	1213
dose	4741
dosed	379
doses	1316
dosh	240
dosing	150
doss	279
dossier	791
dossiers	158
dost	1110
dostoevsky	206
dostoyevsky	278
dot	5415
dotcom	135
dote	194
doted	115
dotes	153
doth	2062
dothraki	135
doting	261
dots	2622
dotted	708
dottie	1199
dottore	316
dotty	744
dou	417
double	39770
doubled	2479
doubles	1687
doubling	907
doubloon	116
doubloons	162
doubly	575
doubt	51287
doubted	2435
doubters	163
doubtfire	169
doubtful	1326
doubting	1402
doubtless	472
doubts	6915
douce	142
doucet	125
douche	2942
douchebag	899
douchebags	179
douchey	147
doudou	127
doug	15030
dougal	682
dough	7923
doughboy	246
dougherty	142
doughnut	2000
doughnuts	2184
doughy	139
dougie	1563
douglas	6028
douglass	224
doula	156
dour	171
douse	529
doused	385
dov	536
dove	3726
dover	1187
doves	1129
dow	807
dowager	674
dowd	459
dowdy	180
dowland	131
dowling	268
down	978966
downbeat	137
downcast	155
downed	567
downer	638
downers	225
downey	713
downfall	1270
downgrade	136
downgraded	173
downhearted	133
downhill	2086
downing	923
download	500000
downloaded	1835
downloading	899
downloads	281
downplay	150
downpour	344
downright	1231
downriver	277
downs	2110
downside	1050
downsize	146
downsized	154
downsizing	271
downstairs	23403
downstream	728
downtime	330
downton	535
downtown	11608
downtrodden	267
downturn	182
downward	1050
downwards	452
downwind	288
downy	167
dowry	2556
dowsing	116
doy	184
doyle	5546
doyou	1057
doze	421
dozed	672
dozen	15139
dozens	5082
dozer	226
dozing	351
dozy	243
dp	195
dpp	147
dr	30549
drab	494
drac	151
drachmas	316
draco	464
draconian	206
dracula	2541
draculaura	190
dradis	145
draft	5608
drafted	1678
drafting	476
drafts	554
drafty	306
drag	18380
draga	166
dragan	310
dragged	10206
draggin	132
dragging	5229
dragnet	265
drago	542
dragon	19123
dragonflies	220
dragonfly	691
dragons	4439
dragonzord	128
dragoon	247
dragoons	202
drags	985
drain	6453
drainage	753
drained	2223
draining	1256
drainpipe	257
drains	1070
drake	6527
dram	226
drama	14284
dramafever	564
dramamine	163
dramas	852
dramatic	19189
dramatically	1654
dramatics	227
dramatize	156
dramatized	149
drank	11765
drape	478
draped	421
draper	1190
drapes	1060
draping	122
drastic	1698
drastically	569
drat	565
draught	630
draughts	156
draughty	138
draupadi	159
draw	28503
drawback	349
drawbacks	267
drawbridge	375
drawer	7995
drawers	2550
drawing	13056
drawings	3735
drawn	9493
draws	3093
drax	496
drayton	216
drazen	164
drazi	188
drc	454
dre	2818
drea	168
dread	1954
dreaded	1088
dreadful	6041
dreadfully	724
dreading	503
dreadlocks	195
dreadnought	172
dreads	279
dream	95089
dreamboat	217
dreamed	9835
dreamer	2048
dreamers	571
dreamin	424
dreaming	13557
dreamland	345
dreamlike	147
dreams	47210
dreamt	5506
dreamy	1037
dreamz	352
dreary	1148
dredd	125
dredge	960
dredged	175
dredging	316
dregg	358
dregs	350
drei	242
dreidel	204
dren	190
drench	226
drenched	1373
dresden	762
dress	58429
dressage	138
dressed	32547
dresser	2068
dresses	6786
dressing	9887
dressings	257
dressler	125
dressmaker	466
dressy	175
drew	15068
drexel	215
drexler	205
dreyer	328
dreyfus	333
dreyfuss	372
dribble	664
dribbles	174
dribbling	407
dried	4998
drier	418
dries	1030
driest	218
drift	3943
drifted	1474
drifter	817
drifters	261
drifting	2642
drifts	421
driftwood	299
drill	10349
drilled	1011
driller	117
drilling	2674
drills	1084
drina	206
drink	182580
drinkable	158
drinker	1357
drinkers	382
drinkin	952
drinking	44770
drinks	25643
drinkwater	137
drinky	116
drip	2660
dripped	237
dripping	2910
drippy	132
drips	556
driscoll	1107
drive	102436
drivel	534
driven	10014
driver	37474
drivers	5134
drives	9981
driveway	3240
drivin	925
driving	50866
drizzle	491
drizzling	129
droid	824
droids	656
droll	314
drona	130
drone	3600
drones	2192
droning	538
drood	125
drool	1188
drooled	129
drooling	1320
drools	118
droop	206
drooping	180
droopy	290
drop	85186
droplet	127
droplets	463
dropout	543
dropouts	192
dropped	32997
dropper	120
droppin	171
dropping	11626
droppings	670
drops	8934
drought	1891
droughts	209
drove	21309
drover	155
droves	295
drown	7935
drowned	7366
drowning	5552
drowns	822
drowsiness	118
drowsy	513
dru	266
drucker	134
drudge	156
drudgery	213
drug	36316
drugged	3278
druggie	289
druggies	124
drugging	352
druggist	192
drugs	44516
drugstore	1667
drugstores	121
druid	653
druids	504
drum	7222
drumbeat	254
drummed	226
drummer	2599
drummers	327
drumming	1337
drummond	781
drumroll	476
drums	5864
drumstick	346
drumsticks	297
drunk	56919
drunkard	1484
drunkards	432
drunken	4376
drunkenly	304
drunkenness	476
drunker	252
drunks	1368
drury	223
drusilla	220
dry	30102
dryden	212
dryer	2429
dryers	202
drying	1636
dryness	144
drywall	359
ds	2292
dsp	137
dss	133
du	5032
dual	1015
duality	176
duan	282
duane	1562
duarte	160
dub	730
dubai	2625
dubaku	208
dubbed	703
dubbie	154
dubbing	278
dubcek	146
dubenko	162
dubey	129
dubious	1018
dublin	1374
dubois	1729
dubrovnik	193
dubstep	114
dubuque	133
duc	287
duca	117
ducati	143
ducats	518
duce	617
duchamp	187
duchemin	121
duchess	3316
duchy	227
duck	16153
duckburg	241
ducked	660
duckie	283
ducking	737
duckling	467
ducklings	195
duckman	1508
ducks	4490
ducktales	397
duckula	492
duckworth	214
ducky	1999
ducobu	138
duct	2219
ducts	603
dud	1025
duda	132
dude	82190
dudek	153
dudes	6536
dudley	1655
duds	563
dudu	241
due	35669
duel	4425
dueling	361
duelling	140
duels	365
dues	1409
duet	1262
duets	199
duff	935
duffel	644
duffer	297
duffle	236
duffy	1539
dufresne	219
dug	7177
dugan	584
duggal	134
duggan	459
dugout	435
dugu	118
duh	3366
dui	827
duis	123
duk	233
dukakis	139
dukat	311
duke	14892
dukes	861
dulce	264
dulcie	145
dulcinea	477
dull	7185
dulled	172
duller	124
dulles	394
dullest	134
duluth	237
duly	1097
dum	1921
duma	331
dumas	394
dumb	29229
dumbass	1880
dumbasses	121
dumbbell	257
dumbbells	139
dumber	1048
dumbest	1324
dumbfounded	205
dumbledore	427
dumbo	685
dumbwaiter	148
dummie	137
dummies	1190
dummkopf	148
dummy	6768
dumont	527
dump	17455
dumped	12793
dumper	144
dumping	3006
dumpling	918
dumplings	1827
dumps	1681
dumpster	2793
dumpsters	349
dumpty	455
dumpy	257
dun	825
dunaway	117
dunbar	1046
dunbrook	215
dunc	122
duncan	7380
dunce	418
dundee	447
dunder	264
dune	743
dunes	941
dung	1861
dungarees	127
dungeon	2586
dungeons	788
dunham	1105
dunhill	183
dunk	1588
dunked	231
dunkin	164
dunking	240
dunkirk	499
dunlap	288
dunlop	300
dunn	1606
dunne	551
dunning	217
dunno	7363
dunphy	331
dunross	130
dunston	230
dunwoody	125
dunya	157
duo	1534
duodenum	118
dupe	441
duped	797
duper	204
duplex	233
duplicate	1745
duplicated	309
duplicates	350
duplicating	118
duplication	155
duplicitous	190
duplicity	162
dupont	580
dupre	143
dupree	529
duque	175
duquesne	352
dura	140
durability	125
durable	473
durai	198
duran	931
durand	390
durango	330
durant	1192
durante	127
durarara	193
duras	176
duration	1954
durban	229
durbin	116
duress	672
durga	819
durham	725
durian	227
during	74298
durkin	144
durn	118
durrell	219
durst	445
durwood	133
dushyant	139
dusk	1819
dusky	222
dusseldorf	282
dust	18820
dustbin	364
dusted	844
duster	597
dusters	132
dustin	1383
dusting	862
dustpan	162
dusty	3617
dutch	8403
dutchman	690
dutchy	637
duties	7236
dutiful	403
dutt	129
dutta	181
dutton	366
duty	42329
duval	860
duvall	389
duvet	465
dv	130
dvd	4515
dvds	1244
dvorak	170
dvr	330
dwarf	3477
dwarfs	880
dwarves	1073
dwayne	2789
dweeb	378
dweebs	130
dwell	2413
dwelled	121
dweller	193
dwellers	498
dwelling	1142
dwellings	239
dwells	504
dwelt	149
dwi	158
dwight	4722
dwindle	126
dwindled	142
dwindling	361
dwyer	560
dy	266
dyad	185
dye	2493
dyed	1051
dyeing	231
dyer	402
dyes	304
dyin	588
dying	49963
dyke	1511
dykes	393
dyl	142
dylan	11723
dyle	174
dynamic	3275
dynamics	979
dynamite	5256
dynamo	505
dynastic	147
dynasties	172
dynasty	3495
dysentery	514
dysfunction	719
dysfunctional	835
dyslexia	200
dyslexic	330
dyson	1285
dystrophy	126
ea	365
each	211943
eachother	324
ead	236
eadie	157
eady	129
eager	5966
eagerly	874
eagerness	269
eagle	9058
eagles	2347
eagleton	179
eah	808
eak	123
ealing	150
eally	327
eames	512
eamon	247
eamonn	168
ear	19950
earache	118
earbuds	121
eardrum	271
eardrums	329
earful	334
earhart	334
earl	11562
earle	361
earlier	42407
earliest	2620
earlobe	170
earlobes	178
earls	246
early	84836
earmarked	189
earmuffs	127
earn	16558
earned	11315
earner	275
earners	114
earnest	1196
earnestly	299
earning	2882
earnings	1335
earns	1372
earnshaw	135
earp	966
earphones	300
earpiece	479
earplugs	439
earring	1991
earrings	3827
ears	25168
earshot	195
earth	106394
earthbound	205
earthforce	185
earthling	442
earthlings	713
earthly	1750
earthman	133
earthmen	136
earthquake	5535
earthquakes	1765
earths	281
earthworm	230
earthworms	184
earthy	325
earwax	116
earwig	160
ease	12094
eased	403
easel	269
eases	244
easier	30876
easiest	3014
easily	26840
easing	406
east	35109
eastbound	330
eastbourne	117
eastenders	175
easter	4923
eastern	7614
eastman	462
easton	499
eastside	285
eastward	187
eastwood	659
easy	177337
easygoing	310
eat	197654
eaten	17689
eater	1346
eaters	612
eatery	235
eatin	873
eating	49119
eaton	472
eats	8763
eau	295
eave	120
eaves	186
eavesdrop	610
eavesdropping	1083
eazy	120
ebay	1159
ebb	374
ebba	306
ebbing	129
ebbs	116
eben	366
ebenezer	343
ebert	190
ebina	126
ebola	668
ebony	647
ebru	128
eby	169
ec	500
eccentric	2115
eccentricities	150
eccentricity	147
eccles	150
ecclesiastical	245
ece	136
ecg	214
echelon	381
echidna	219
echo	5517
echoed	423
echoes	2219
echoing	4262
echolls	146
echolocation	135
echols	134
eck	137
eckhart	459
eckland	122
ecklie	206
eclair	374
eclectic	325
eclipse	2266
eclipsed	207
eclipses	223
ecmo	147
eco	308
ecological	587
ecology	438
econ	220
economic	6081
economical	591
economically	499
economics	2028
economies	427
economist	489
economists	271
economize	130
economy	7837
ecosystem	865
ecosystems	297
ecstasy	3115
ecstatic	1211
ect	251
ectoplasm	164
ecuador	640
eczema	340
ed	26011
eda	302
edda	131
eddie	34314
eddington	235
eddy	2315
edelstein	162
edelweiss	221
edema	530
eden	3500
edgar	5206
edgardo	195
edge	19515
edged	204
edgehill	189
edgerton	141
edges	2710
edgewise	154
edging	188
edgware	134
edgy	1422
edi	213
edible	1517
edict	547
edie	2605
edifice	196
edifying	119
edina	149
edinburgh	1458
edison	2494
edit	1859
edited	1760
edith	4162
editing	2660
edition	3932
editions	478
editor	8675
editorial	1438
editorials	180
editors	999
edits	169
edmond	1015
edmonds	216
edmonton	203
edmund	2852
edmunds	225
edna	2827
edo	2117
edoardo	127
edouard	442
edson	142
edu	364
eduard	546
eduardo	2071
educate	1895
educated	5662
educating	492
education	16326
educational	2294
educator	417
educators	194
edvard	208
edward	13367
edwardian	183
edwards	3295
edwin	1649
edwina	800
ee	1529
eee	515
eeg	454
eeh	259
eejit	150
eek	244
eel	1519
eels	890
een	193
eenie	240
eeny	312
eep	595
eerie	3264
eerily	237
eero	125
eet	131
eeva	154
eew	204
eeyo	172
eeyore	317
ef	204
efendi	191
eff	331
effect	20595
effected	192
effective	9022
effectively	2498
effectiveness	456
effects	11765
effeminate	362
effendi	311
effervescent	116
effi	134
efficacy	175
efficiency	2117
efficient	4574
efficiently	806
effie	501
effigy	289
effing	286
effort	17715
effortless	359
effortlessly	312
efforts	7459
effrontery	142
effusion	166
effy	244
eg	125
egad	214
egan	984
egbert	183
egg	19000
egged	195
egghead	547
eggheads	181
egging	172
eggman	918
eggnog	712
eggplant	911
eggplants	155
eggs	24897
eggshell	273
eggshells	300
eggy	164
egil	160
eglee	118
ego	5980
egocentric	172
egoist	177
egoistic	124
egomaniac	270
egon	817
egor	200
egos	545
egotistical	455
egregious	266
egress	215
egypt	7553
egyptian	4085
egyptians	1931
eh	75178
ehh	1141
ehhh	221
ehi	178
ehm	411
ehrlich	204
ei	890
eichmann	717
eid	326
eiffel	1512
eiger	126
eight	61400
eighteen	3635
eighteenth	217
eighth	4350
eighties	425
eights	522
eighty	1955
eiji	666
eiko	380
eileen	2451
ein	791
einar	612
eine	205
eins	233
einstein	5348
eiroy	156
eisen	155
eisenhower	1181
eisenstein	239
eisner	122
eisuke	195
eitan	120
either	137448
ej	269
ejaculate	350
ejaculated	132
ejaculation	356
eject	815
ejected	625
ejecting	129
ejection	328
ejector	217
ek	285
eke	153
ekg	899
eko	308
ekrem	115
el	13551
ela	370
elaborate	3535
eladio	115
elaine	5491
elam	183
elan	122
elanna	474
elapsed	292
elastic	902
elasticity	206
elated	431
elation	248
elba	276
elbe	183
elbow	3668
elbows	1751
elder	9722
elderly	3734
elderman	5415
elders	4064
eldest	3050
eldon	283
eldorado	251
eldridge	493
ele	289
eleanor	4759
eleazar	123
elect	1262
elected	5987
electing	199
election	12060
elections	3829
elective	383
electoral	670
electorate	244
electra	544
electric	12125
electrical	6880
electrically	237
electrician	1259
electricians	204
electricity	12789
electrics	269
electrified	508
electrify	114
electrifying	326
electro	345
electrocute	334
electrocuted	1077
electrocution	363
electrode	220
electrodes	536
electrolyte	143
electrolytes	282
electromagnet	121
electromagnetic	1803
electromagnetism	170
electron	1037
electronic	7860
electronically	451
electronics	2558
electrons	1096
electroshock	296
electrostatic	158
elegance	1226
elegant	5512
elegantly	292
elek	116
elektra	244
element	6645
elemental	579
elementals	125
elementary	3640
elements	7774
elena	10323
eleni	317
eleonora	190
elephant	9951
elephants	4319
elevate	663
elevated	1813
elevates	129
elevating	165
elevation	714
elevator	17231
elevators	1531
eleven	7136
eleventh	537
elf	2721
elfy	128
elgar	182
elgin	323
eli	7912
elia	352
eliane	125
elias	2077
elicit	256
elie	116
elif	265
eligibility	160
eligible	1815
elijah	2439
eliminate	5563
eliminated	4584
eliminates	442
eliminating	994
elimination	2603
eliminations	164
elin	491
elina	254
elinor	398
elio	157
eliot	1838
elis	135
elisa	1483
elisabeth	1979
elisabetta	122
elise	2488
eliseo	120
elisha	205
eliska	118
elissa	170
elite	4812
elites	329
elitist	353
elixir	950
eliyahu	126
eliza	2746
elizabeth	18247
elizabethan	235
elk	1116
elka	712
elke	218
elkins	359
elks	160
ell	913
ella	5041
elle	1279
ellen	12762
eller	163
ellery	224
elli	200
ellie	8003
elling	135
ellingham	373
ellington	234
elliot	8266
elliott	2726
ellipse	146
elliptical	345
ellis	4011
ellison	864
ellman	126
ello	256
ellsberg	131
ellsworth	279
elly	780
ellyn	126
elm	977
elmer	1025
elmira	128
elmo	1162
elmore	217
elms	165
elocution	127
elodie	257
eloise	992
elon	241
elongated	377
elope	1459
eloped	1134
elopement	150
eloping	499
eloquence	321
eloquent	695
eloquently	278
elric	138
elroy	528
els	213
elsa	3376
elsbeth	197
else	340756
elsewhere	7693
elsie	1063
elspeth	319
elster	128
elton	1318
elude	400
eluded	539
eludes	253
eluding	125
elusive	1543
elven	121
elves	1988
elvin	338
elvira	1292
elvis	6024
elway	127
elwood	512
ely	491
elyse	343
elysian	204
elysium	173
elza	120
em	125033
ema	336
emaciated	184
email	800000
emailed	738
emailing	271
emails	2421
emanates	126
emanating	388
emancipated	400
emancipation	518
emanuel	369
emanuelle	165
emasculated	183
emasculating	124
embalmed	298
embalming	526
embankment	391
embarassed	213
embarassing	258
embargo	453
embark	1010
embarked	639
embarking	281
embarrass	5081
embarrassed	13972
embarrasses	268
embarrassing	15455
embarrassingly	120
embarrassment	3168
embassies	336
embassy	7375
embed	156
embedded	1768
embellish	245
embellished	211
ember	445
embers	454
embezzle	134
embezzled	401
embezzlement	756
embezzler	170
embezzling	422
embittered	167
emblem	711
embodied	344
embodies	291
embodiment	512
embody	350
emboldened	129
embolism	426
embossed	137
embrace	7510
embraced	1705
embraces	550
embracing	1123
embroider	218
embroidered	523
embroidery	580
embroiled	185
embry	144
embryo	880
embryonic	198
embryos	646
emcee	451
emerald	2125
emeralds	794
emerge	2575
emerged	2319
emergence	408
emergencies	1525
emergency	34359
emergent	179
emerges	1030
emerging	1383
emerson	1589
emery	1075
emf	211
emh	114
emi	676
emigrant	119
emigrants	167
emigrate	392
emigrated	420
emigrating	153
emigration	283
emiko	142
emil	2298
emile	1563
emilia	1510
emiliano	226
emilie	865
emilio	2284
emily	23792
emin	114
emine	225
eminem	273
eminence	2537
eminent	903
eminently	209
emir	953
emissaries	222
emissary	873
emission	381
emissions	939
emit	538
emits	452
emitted	336
emitter	295
emitters	181
emitting	444
emma	21005
emmalin	337
emmanuel	778
emmanuelle	320
emme	168
emmeline	211
emmerich	135
emmet	1049
emmett	2218
emmi	152
emmie	170
emmit	165
emmitt	151
emmy	2029
emmys	211
emo	387
emoji	249
emojis	185
emon	148
emory	452
emotion	7482
emotional	16018
emotionally	4936
emotionless	172
emotions	10289
emp	489
empanadas	163
empath	129
empathetic	240
empathic	120
empathize	331
empathy	1396
emperor	17360
emperors	922
emphasis	1163
emphasise	178
emphasize	806
emphasized	216
emphasizing	120
emphatic	194
emphatically	302
emphysema	291
empire	16875
empires	760
empirical	383
employ	2756
employed	3432
employee	8759
employees	9481
employer	3251
employers	1149
employing	524
employment	3867
employs	449
emporium	430
empower	301
empowered	629
empowering	358
empowerment	263
empress	3104
emptied	1786
empties	492
emptiness	1510
empty	39482
emptying	581
emre	174
emrys	120
ems	775
emt	683
emts	410
emu	245
emulate	435
emulsion	147
emy	299
en	8029
ena	137
enable	1446
enabled	1134
enabler	139
enables	770
enabling	509
enact	360
enacted	395
enamel	340
enamored	251
encampment	339
encased	342
enceladus	164
encephalitis	284
enchant	265
enchante	150
enchanted	2001
enchanting	1207
enchantment	542
enchantress	306
enchilada	301
enchiladas	268
encino	192
encircle	209
encircled	235
enclave	154
enclose	222
enclosed	1097
enclosing	129
enclosure	550
encoded	762
encompass	141
encompasses	148
encore	1430
encores	115
encounter	6100
encountered	2928
encountering	317
encounters	1660
encourage	5075
encouraged	3390
encouragement	1775
encourages	724
encouraging	2789
encroaching	190
encrusted	154
encrypted	1452
encryption	1163
encyclopaedia	210
encyclopedia	820
encyclopedias	223
end	237387
endanger	1190
endangered	1960
endangering	762
endangerment	370
endangers	187
endearing	593
endearment	194
endeavor	1061
endeavors	421
endeavour	562
endeavours	178
ended	29775
endemic	161
ender	192
enderby	121
endgame	522
endicott	243
ending	12835
endings	1267
endless	6543
endlessly	1284
endo	546
endocarditis	115
endora	382
endorphins	344
endorse	893
endorsed	435
endorsement	1072
endorsements	334
endorsing	220
endoscopy	133
endow	156
endowed	563
endowment	385
ends	28242
endurance	1424
endure	4987
endured	1981
endures	386
enduring	1049
enema	567
enemas	140
enemies	20563
enemy	42799
energetic	1613
energies	1171
energize	339
energized	289
energizing	139
energon	389
energreen	116
energy	41290
enfants	135
enfield	128
enforce	1390
enforced	682
enforcement	4585
enforcer	597
enforcers	212
enforcing	325
eng	330
engage	5676
engaged	17285
engagement	10535
engagements	624
engages	302
engaging	1631
engel	268
engels	218
engine	40282
engineer	10471
engineered	1246
engineering	6649
engineers	3967
engines	8653
england	28505
english	55677
englishman	2159
englishmen	656
englishwoman	126
engorged	144
engrave	171
engraved	1218
engraver	115
engraving	431
engravings	170
engrossed	298
engulf	289
engulfed	602
engulfs	119
enhance	1573
enhanced	1282
enhancement	438
enhancements	145
enhancer	130
enhancers	129
enhances	286
enhancing	265
enid	892
enigma	1022
enigmatic	476
enjoy	63294
enjoyable	1525
enjoyed	12603
enjoying	13542
enjoyment	1150
enjoys	2364
enlarge	633
enlarged	802
enlargement	293
enlarging	135
enlighten	1573
enlightened	1376
enlightening	554
enlightenment	1704
enlist	1081
enlisted	1799
enlisting	257
enlistment	199
enmity	911
ennis	416
ennui	133
enoch	538
enochian	115
enola	118
enormity	243
enormous	9624
enormously	1116
enos	350
enough	376973
enquire	726
enquired	281
enquirer	208
enquiries	885
enquiring	269
enquiry	1372
enrage	129
enraged	829
enraptured	116
enrich	446
enriched	471
enriching	162
enrichment	204
enrico	970
enright	302
enrique	1761
enrol	134
enroll	653
enrolled	1056
enrolling	156
enrollment	263
enron	686
ensemble	860
ensenada	125
enshrined	148
ensign	2354
enslave	500
enslaved	897
enslavement	167
enslaving	125
ensnare	122
ensue	176
ensued	248
ensues	136
ensuing	265
ensure	6394
ensured	476
ensures	417
ensuring	610
ent	423
entail	384
entailed	116
entails	425
entangled	634
entanglement	254
entanglements	153
entendre	126
enter	27074
entered	13850
entering	9047
enterprise	6274
enterprises	1579
enterprising	379
enters	3448
entertain	4399
entertained	1429
entertainer	990
entertainers	448
entertaining	3754
entertainment	8594
entertainments	166
entertains	175
enthralled	271
enthused	139
enthusiasm	3764
enthusiast	518
enthusiastic	2229
enthusiastically	284
enthusiasts	356
entice	613
enticed	275
enticing	493
entire	68282
entirely	15891
entirety	509
entities	750
entitle	156
entitled	6463
entitlement	292
entitles	249
entity	1657
entombed	214
entomologist	176
entourage	964
entrails	496
entrance	13616
entranced	202
entrances	930
entrap	213
entrapment	451
entrapped	143
entre	242
entreat	399
entree	597
entrees	673
entrenched	294
entrepreneur	1358
entrepreneurial	254
entrepreneurs	662
entrez	150
entries	928
entropy	367
entrust	1349
entrusted	2050
entrusting	282
entry	9269
entwined	351
enunciate	117
envelop	136
envelope	7330
enveloped	280
envelopes	1315
envelops	159
enver	122
enviable	210
envied	787
envies	201
envious	1666
environment	12101
environmental	3477
environmentalist	239
environmentalists	241
environmentally	340
environments	884
envisage	117
envision	443
envisioned	488
envoy	1082
envoys	322
envy	7089
enya	142
enys	251
enzo	1743
enzyme	692
enzymes	537
eo	114
eod	159
eoe	472
eon	157
eonni	483
eons	476
eoraha	631
ep	659
epa	565
epcot	213
eph	160
ephemeral	256
ephesus	132
ephraim	501
ephram	955
epi	1154
epic	4458
epicenter	379
epics	157
epidemic	2403
epidemics	226
epidermis	155
epidural	459
epifanio	212
epilepsy	813
epileptic	583
epilogue	207
epinephrine	417
epipen	153
epiphany	844
episcopalian	116
episode	16500
episodes	2325
epitaph	348
epithelials	206
epitome	491
epoch	248
epoxy	160
eppes	515
epps	328
eps	190
epsilon	333
epsom	201
epstein	788
equal	12433
equality	2088
equalizer	147
equally	5408
equals	4526
equate	252
equation	2866
equations	1326
equator	866
equatorial	227
equestria	247
equestrian	334
equilibrium	627
equine	190
equinox	476
equip	271
equipment	17536
equipments	152
equipped	3104
equitable	224
equity	1046
equivalent	3011
er	46383
era	7442
eradicate	822
eradicated	455
eradicating	117
eradication	174
eras	229
erase	4864
erased	3344
eraser	593
erasers	225
erases	224
erasing	539
erasmus	288
ere	2297
erect	1000
erected	653
erectile	303
erection	1575
erections	260
erectus	439
eren	631
eres	193
erez	140
ergo	669
erh	139
eri	331
eric	27842
erica	6304
erich	1048
erick	212
erickson	545
ericson	146
ericsson	208
erie	308
erik	5109
erika	1512
eriko	212
eriksen	235
erikson	115
eriksson	315
erin	5755
erinn	190
eris	142
erkki	160
erlich	282
erling	170
erlynne	144
erm	14625
ermine	195
ern	169
erna	228
ernest	3153
ernestine	216
ernesto	2091
ernie	5087
ernst	1612
erode	172
eroded	362
eroding	180
erogenous	182
erol	249
eros	688
erosion	608
erotic	2820
erotica	321
eroticism	261
err	2050
errand	3003
errands	2598
errant	335
erratic	1272
erratically	326
erred	208
errol	975
erroneous	214
error	7563
errors	1669
errr	146
ers	221
erskine	252
erstwhile	117
ert	149
erudite	161
erupt	680
erupted	772
erupting	352
eruption	1333
eruptions	609
erupts	355
erwin	517
ery	159
es	5269
esa	232
esau	148
escalade	364
escalante	233
escalate	639
escalated	590
escalates	198
escalating	597
escalation	417
escalator	568
escalators	175
escapade	299
escapades	260
escape	45553
escaped	18891
escapee	247
escapees	235
escapes	2244
escaping	3876
escargot	201
escarpment	143
escher	186
escobar	1352
escort	10537
escorted	1312
escorting	955
escorts	889
escrow	575
escudos	200
ese	919
esha	248
eskimo	899
eskimos	444
esme	709
esmeralda	829
eso	271
esophageal	120
esophagus	417
esoteric	321
esp	491
espada	205
espanol	129
esparza	224
especial	141
especially	54148
espen	283
espenson	188
esperanza	499
espheni	319
espinosa	329
espinoza	148
espionage	1597
esplanade	142
espn	403
espo	129
esposito	1063
espresso	1711
espressos	124
esprit	139
esquire	499
ess	252
essay	3118
essays	798
esse	117
essen	228
essence	4707
essential	5938
essentially	4894
essentials	668
essex	1333
essie	204
est	2818
esta	915
establish	5968
established	6899
establishes	287
establishing	1172
establishment	3479
establishments	313
estas	264
estate	16813
estates	1192
este	430
esteban	1340
esteem	1224
esteemed	1540
estela	227
estella	355
estelle	1119
estep	306
ester	496
estes	179
estevez	159
esther	4918
estimate	3363
estimated	2560
estimates	1061
estimating	212
estimation	476
esto	228
estonia	475
estonian	341
estoy	221
estrada	248
estranged	741
estrella	314
estrogen	490
estuarda	150
estuary	267
esu	283
eszter	121
et	7814
eta	1751
etat	268
etc	3644
etcetera	780
etch	195
etched	589
etching	152
etchings	169
eternal	9873
eternally	1333
eternity	6636
eth	203
ethan	10374
ethanol	397
ethel	3271
ether	1057
ethereal	522
ethic	787
ethical	1900
ethically	363
ethics	3222
ethiopia	941
ethiopian	494
ethnic	1540
ethnicity	236
ethos	195
ethyl	158
etienne	865
etiquette	1315
eto	164
etomidate	162
eton	399
etruscan	155
ets	119
etsuko	287
etta	473
ettore	312
etty	169
eu	1865
euan	141
eucalyptus	275
eucharist	120
euclid	252
eudora	148
eugen	212
eugene	4061
eugenia	546
eugenics	301
eugenie	231
eugenio	371
eugh	428
euh	140
eul	203
eula	120
eulogy	838
eun	5008
eunice	1047
eunuch	1183
eunuchs	383
euphemism	564
euphemisms	128
euphoria	632
euphoric	304
euphrates	168
eur	115
eurasia	147
eurasian	171
eureka	1163
eurgh	283
euro	2058
europa	585
europe	24042
european	8504
europeans	1356
europol	136
euros	6606
eurovision	227
eurydice	283
eusebio	121
eustace	395
euston	169
euthanasia	395
ev	1278
eva	11633
evac	777
evacuate	4232
evacuated	1801
evacuating	686
evacuation	2621
evacuees	116
evade	941
evaded	313
evading	522
eval	308
evaluate	1261
evaluated	445
evaluating	329
evaluation	2509
evaluations	477
evan	8778
evander	314
evangelical	266
evangelina	157
evangeline	232
evangelist	158
evans	5231
evanston	151
evaporate	499
evaporated	472
evaporates	300
evaporating	175
evaporation	199
evaristo	153
evasion	805
evasive	1182
eve	18346
evel	310
evelyn	4386
evelyne	205
evemhing	313
even	744544
evenin	433
evening	95321
evenings	2430
evenly	939
evens	366
event	23463
eventful	368
events	15804
eventual	397
eventuality	241
eventually	22679
ever	444088
everbody	136
everest	1678
everett	1831
everglades	498
evergreen	382
everlasting	1977
everly	132
evermore	355
evers	394
evert	237
everthing	200
everton	263
everwood	288
every	388520
everybody	188532
everyday	12627
everyman	234
everyone	246032
everypony	259
everythin	117
everything	519795
everythings	152
everytime	1077
everywhere	45430
evey	792
eveybody	316
eveyone	497
eveything	680
evgeny	120
evi	235
evian	247
evict	713
evicted	1153
evicting	179
eviction	994
evidence	73113
evidenced	154
evidences	560
evident	1321
evidentiary	189
evidently	2626
evie	2522
evil	52175
evildoers	193
evilly	674
evilness	136
evils	989
eviscerate	130
eviscerated	143
evita	320
evo	424
evocative	240
evoke	397
evoked	177
evokes	234
evolution	5369
evolutionary	1423
evolve	1910
evolved	4060
evolves	331
evolving	1150
evos	168
evp	149
evy	214
ew	6926
ewa	295
ewan	607
ewe	287
ewell	162
ewing	2062
ewings	286
eww	1491
ex	10780
exacerbate	124
exacerbated	128
exact	18213
exacting	274
exactly	189513
exaggerate	2343
exaggerated	1769
exaggerates	256
exaggerating	2132
exaggeration	832
exalt	114
exalted	634
exam	11573
examination	4677
examinations	668
examine	6694
examined	4025
examiner	2189
examiners	242
examines	243
examining	1868
example	31952
examples	2584
exams	5116
exasperated	315
exasperating	166
excalibur	697
excavate	337
excavated	512
excavating	327
excavation	759
excavations	364
excavator	316
exceed	936
exceeded	956
exceeding	455
exceedingly	699
exceeds	530
excel	794
excelled	330
excellence	1476
excellencies	134
excellency	7933
excellent	36849
excellently	174
excels	199
excelsior	408
except	68440
excepted	167
excepting	217
exception	5946
exceptional	3398
exceptionally	1192
exceptions	1687
excerpt	149
excerpts	147
excess	2382
excesses	351
excessive	2618
excessively	418
exchange	18494
exchanged	2041
exchanges	575
exchanging	982
exchequer	181
excise	285
excitable	315
excite	1133
excited	38640
excitedly	834
excitement	7805
excites	716
exciting	25052
exclaim	545
exclaiming	3426
exclaims	3474
exclalmlng	149
exclamation	610
exclamations	157
exclude	1013
excluded	1365
excludes	150
excluding	433
exclusion	422
exclusive	6060
exclusively	1779
exclusivity	197
excommunicate	120
excommunicated	362
excommunication	170
excrement	788
excruciating	819
excruciatingly	159
exculpatory	130
excursion	826
excursions	244
excuse	219855
excused	2141
excuses	7477
excusing	217
exec	460
execs	247
execute	4748
executed	6959
executes	167
executing	823
execution	6833
executioner	1890
executioners	331
executions	905
executive	8515
executives	1496
executor	540
exemplary	1059
exempt	593
exempted	161
exemption	381
exercise	13015
exercised	526
exercises	2860
exercising	1348
exert	777
exerted	199
exerting	205
exertion	342
exerts	134
exes	841
exeter	436
exfil	223
exhale	1485
exhales	16267
exhaling	1116
exhaust	1803
exhausted	10362
exhausting	2393
exhaustion	1360
exhaustive	285
exhausts	145
exhibit	4263
exhibited	533
exhibiting	414
exhibition	4198
exhibitionist	181
exhibitions	314
exhibits	796
exhilarated	156
exhilarating	723
exhilaration	174
exhumation	266
exhume	315
exhumed	312
exigent	125
exile	3605
exiled	1332
exiles	322
exist	28526
existed	7236
existence	11448
existential	566
existing	2352
exists	10509
exit	12688
exited	634
exiting	652
exits	2600
exley	202
exodus	798
exonerate	402
exonerated	494
exorbitant	266
exorcise	432
exorcised	141
exorcism	1220
exorcisms	160
exorcist	747
exoskeleton	206
exotic	4352
expand	4084
expanded	1482
expanding	2695
expands	584
expanse	544
expansion	2359
expansive	192
expect	69614
expectancy	544
expectant	311
expectation	1416
expectations	4638
expected	27140
expecting	27676
expects	2982
expediency	124
expedient	243
expedite	591
expedited	232
expediting	125
expedition	5026
expeditionary	212
expeditions	622
expel	1411
expelled	3840
expelling	221
expend	168
expendable	822
expended	195
expenditure	409
expenditures	221
expense	5065
expenses	6320
expensive	24978
experience	47824
experienced	10323
experiences	5392
experiencing	3226
experiment	13242
experimental	2993
experimentation	609
experimented	693
experimenting	1590
experiments	5936
expert	18181
expertise	3171
expertly	186
experts	5881
expiration	653
expire	673
expired	2347
expires	644
expiry	159
explain	84368
explained	9346
explaining	5113
explains	7850
explanation	14934
explanations	1833
expletive	120
explicit	1016
explicitly	529
explode	8064
exploded	4391
explodes	2082
exploding	2690
exploit	2518
exploitation	1189
exploited	1533
exploiters	126
exploiting	1073
exploits	942
exploration	1894
explorations	114
exploratory	324
explore	5904
explored	1106
explorer	1589
explorers	1105
explores	218
exploring	2731
explosion	17799
explosions	3783
explosive	4879
explosives	5673
expo	618
exponential	249
exponentially	453
export	1450
exported	284
exporting	291
exports	480
expose	6124
exposed	9534
exposes	395
exposing	1861
exposition	335
exposure	4171
exposures	124
express	14103
expressed	3130
expresses	707
expressing	1922
expression	9438
expressionism	140
expressions	1378
expressive	524
expressly	468
expressway	457
expulsion	712
expunged	268
exquisite	3048
exquisitely	240
exsanguination	186
extend	4539
extended	3554
extending	943
extends	1015
extension	3572
extensions	674
extensive	2755
extensively	454
extent	4350
extenuating	405
exterior	1539
exterminate	1467
exterminated	710
exterminating	229
extermination	784
exterminator	734
exterminators	160
external	2534
externally	194
extinct	2352
extinction	2088
extinctions	130
extinguish	743
extinguished	726
extinguisher	917
extinguishers	229
extort	525
extorted	220
extorting	235
extortion	1989
extortionist	134
extra	38335
extract	2973
extracted	1274
extracting	532
extraction	1784
extractor	165
extracts	222
extracurricular	506
extradite	288
extradited	275
extradition	1057
extramarital	191
extraneous	174
extraordinaire	387
extraordinarily	1251
extraordinary	15889
extrapolate	232
extras	1581
extrasensory	121
extraterrestrial	2337
extraterrestrials	1280
extravagance	366
extravagant	1278
extravaganza	361
extreme	10829
extremely	19901
extremes	931
extremism	220
extremist	566
extremists	694
extremities	505
extremity	206
extricate	207
exuberance	243
exuberant	248
exude	174
exxon	237
ey	1258
eyal	155
eye	81953
eyeball	1438
eyeballing	241
eyeballs	1892
eyebrow	1051
eyebrows	2683
eyed	735
eyeful	202
eyeglasses	291
eyeing	635
eyelash	399
eyelashes	876
eyelid	441
eyelids	1127
eyeliner	468
eyes	179260
eyesight	1746
eyesore	399
eyewitness	2481
eyewitnesses	933
eyre	621
ez	250
ezekiel	1029
ezequiel	248
ezra	2871
fa	3241
faa	598
fab	721
faber	780
fabian	1062
fabiana	120
fabien	344
fabienne	136
fabio	1362
fabiola	185
fabius	145
fable	520
fabled	335
fables	297
fabre	141
fabri	257
fabric	4971
fabricate	420
fabricated	739
fabricating	221
fabrication	520
fabrice	380
fabrics	731
fabrizio	493
fabulous	9853
fabulously	236
facade	846
face	225482
facebook	5832
faced	7028
facedown	302
faceless	620
facelift	199
faceoff	119
faces	21771
facet	227
facetime	180
facetious	217
facets	239
facial	4259
facials	181
facilitate	794
facilitated	206
facilitating	152
facilitator	164
facilities	3545
facility	9502
facing	10917
facsimile	190
fact	124995
faction	993
factions	716
facto	405
factor	5601
factored	148
factories	3049
factoring	147
factors	2051
factory	20341
facts	16365
factual	422
faculties	566
faculty	2555
fad	1142
fade	4205
faded	1984
fades	2917
fading	2524
fado	224
fae	1217
faeces	238
faerie	132
fag	3990
fagan	174
faggot	4411
faggots	1048
faggy	172
fagin	306
fagot	172
fags	1534
fah	183
fahey	116
fahrenheit	800
fai	1097
faii	380
fail	19258
failed	26879
failing	5050
failings	353
fails	4577
failsafe	215
failure	16251
failures	1851
fain	260
faint	7053
fainted	3881
fainter	145
faintest	906
fainting	913
faintly	937
faints	267
fair	65474
fairbanks	617
fairchild	595
faire	347
fairer	568
fairest	617
fairfax	863
fairfield	262
fairground	341
fairgrounds	173
fairies	2015
fairly	8109
fairmont	191
fairness	1495
fairplay	192
fairs	431
fairview	285
fairway	252
fairy	11562
fairyland	202
fairytale	817
fairytales	298
fais	146
faisal	275
fait	433
faith	36815
faithful	7503
faithfully	1187
faithfulness	312
faithless	406
faiths	278
faizal	140
fajitas	135
fake	31355
faked	2641
faker	377
fakes	1213
faking	3166
fakir	287
falafel	408
falco	786
falcon	2932
falcone	504
falconer	332
falconetti	171
falcons	335
falk	490
falkland	117
falklands	340
fall	87762
fallacy	201
fallback	253
fallen	18795
fallible	140
fallin	1098
falling	28291
fallmont	137
fallon	2886
fallopian	195
fallout	1200
fallow	235
falls	18897
fallujah	309
falmouth	168
false	19075
falsehood	351
falsely	1090
falsetto	404
falsified	467
falsify	190
falsifying	226
falsone	204
falstaff	218
falter	516
faltered	130
faltering	197
falters	114
fam	832
fame	7372
famed	667
familia	323
familial	365
familiar	23348
familiarity	505
familiarize	235
families	22338
famille	117
family	294543
famine	1805
famished	922
famous	37634
famously	764
fan	27372
fanatic	1118
fanatical	478
fanaticism	209
fanatics	769
fancie	125
fancied	1287
fancier	244
fancies	1200
fanciest	151
fanciful	319
fancy	25771
fandango	213
fandor	193
fane	325
fanfan	159
fanfare	1699
fang	3068
fangs	1523
fanned	194
fannie	256
fanning	417
fanny	5554
fans	13116
fansub	115
fanta	318
fantasia	297
fantasies	3215
fantasize	729
fantasized	333
fantasizing	450
fantastic	32288
fantastical	276
fantastically	436
fantasy	11031
fantine	139
fantomas	289
fantozzi	237
far	182287
farad	130
faraday	1105
farage	278
farah	445
faraway	1146
farber	392
farce	1603
fare	4542
fared	244
fares	701
farewell	10937
farewells	372
farfetched	169
fargo	1386
farhad	407
farhan	144
farid	545
farida	136
farik	165
farina	142
faring	248
faris	149
farkas	158
farkle	547
farley	1253
farm	24254
farmed	319
farmer	9046
farmers	6480
farmhand	208
farmhouse	1292
farming	2871
farmington	199
farmland	522
farms	2673
farmyard	159
farnese	221
farnham	126
farnon	734
farnsworth	971
farnum	267
faro	235
farouk	261
farquhar	114
farr	445
farraday	219
farragut	273
farrah	521
farrel	132
farrell	1512
farrells	114
farris	146
farrow	667
farsi	466
fart	5480
farted	890
farther	4220
farthest	655
farthing	273
farting	1696
farts	2432
farty	141
faruk	498
fascinate	324
fascinated	3008
fascinates	449
fascinating	10378
fascination	1262
fascism	1178
fascist	2841
fascists	1429
fashion	16521
fashionable	1686
fashionably	247
fashioned	1571
fashions	586
faso	151
fassbender	116
fast	99084
fastball	494
fasted	151
fasten	1719
fastened	614
faster	35547
fastest	4859
fastidious	194
fasting	977
fat	45737
fatah	338
fatal	6284
fatale	299
fatalities	612
fatality	518
fatally	441
fatass	146
fate	27299
fated	767
fateful	836
fateh	236
fates	1046
fathead	242
father	437537
fathered	515
fatherhood	380
fathering	116
fatherland	1199
fatherless	343
fatherly	448
fathers	7504
fathi	120
fathom	935
fathoms	305
fatigue	1628
fatigued	335
fatigues	189
fatih	127
fatima	1192
fatma	412
fats	873
fatso	2095
fatted	138
fatten	417
fattened	150
fattening	466
fatter	1009
fattest	285
fattie	126
fatties	190
fatty	3707
fatuous	132
fatwa	146
faucet	1080
faucets	222
faulkner	677
fault	87420
faultless	122
faults	2002
faulty	1458
faun	210
fauna	415
fauntleroy	176
faust	575
fausta	117
faustino	152
fausto	477
faustus	170
faut	114
faux	543
fave	200
favela	207
favor	43370
favorable	938
favorably	231
favore	141
favored	750
favoring	223
favorite	41153
favorites	2765
favoritism	224
favors	4428
favour	13830
favourable	452
favourably	148
favoured	404
favourite	11650
favourites	757
favours	1676
favre	121
fawcett	318
fawkes	238
fawlty	676
fawn	698
fawning	274
fax	3471
faxed	641
faxes	215
faxing	167
fay	1653
faye	1441
fayed	460
fayeed	176
fayette	158
faze	226
fazio	636
fb	144
fbi	25798
fc	332
fcc	329
fda	1035
fdny	119
fdr	581
fe	1766
fealty	211
fear	64352
feared	5027
fearful	1796
fearfully	207
fearing	1407
fearless	3004
fearlessly	209
fearlessness	130
fears	7266
fearsome	1191
feasibility	148
feasible	569
feast	7431
feasted	154
feasting	462
feasts	312
feat	1637
feather	4308
feathered	665
feathers	5207
featherstone	341
feathery	133
feats	501
feature	4953
featured	1100
features	4993
featuring	1184
feb	135
february	6027
fecal	293
feces	824
feck	272
feckin	406
fecking	129
feckless	164
fed	15965
fede	194
federal	16026
federales	264
federally	127
federals	124
federation	4310
federico	1104
fedex	321
fedor	331
fedora	300
feds	5007
fedya	299
fee	8109
feeble	1319
feed	31409
feedback	3049
feeder	549
feeders	228
feeding	9476
feeds	3459
feel	444014
feelers	352
feelgood	117
feelin	3253
feeling	122065
feelings	42843
feels	57388
feeney	271
feeny	1108
fees	4203
feet	83295
fei	2428
feign	327
feigned	218
feigning	241
fein	189
feinberg	153
feinstein	146
feint	193
feisty	1105
fel	114
fela	211
felder	320
feldman	850
feli	173
felice	482
felicia	1738
felicitations	126
felicity	3465
feline	514
felipe	1699
felix	8852
feliz	333
fell	61371
fella	14583
fellas	15736
fellatio	243
felled	307
feller	732
fellers	284
felling	213
fellini	450
fellow	35335
fellowes	142
fellows	6186
fellowship	1351
fells	118
felon	1399
felonies	838
felonious	164
felons	514
felony	3617
felsham	251
felt	93826
felton	520
fema	463
female	29953
females	3951
feminine	3078
femininity	397
feminism	483
feminist	1384
feminists	355
femme	700
femoral	567
femur	803
fen	441
fence	11402
fenced	300
fences	1743
fenchurch	142
fencing	1334
fend	1228
fender	1122
fenders	157
fending	195
feng	2818
fenn	115
fennel	623
fenner	691
fentanyl	401
fenton	1290
fenway	295
fenwick	374
fer	592
feral	624
ferb	239
ferdie	230
ferdinand	1451
ferdinando	218
ferdy	122
ferenc	248
ferengi	714
ferg	389
fergie	309
fergus	1026
ferguson	2560
ferhat	148
feri	151
feride	594
fermat	290
ferment	215
fermentation	172
fermented	389
fermenting	121
fermi	137
fermin	227
fern	1362
fernand	538
fernanda	505
fernandes	179
fernandez	715
fernando	3444
ferns	318
ferocious	1526
ferociously	162
ferocity	322
feroz	215
ferran	137
ferrante	230
ferrar	147
ferrara	767
ferrari	3184
ferraris	223
ferraro	197
ferrars	120
ferreira	136
ferrell	264
ferrer	242
ferret	1018
ferrets	316
ferries	228
ferrigno	122
ferris	2152
ferro	154
ferrous	165
ferry	4034
ferrying	126
ferryman	214
fertile	1917
fertilised	122
fertiliser	211
fertility	1830
fertilization	218
fertilize	313
fertilized	377
fertilizer	1323
fertilizers	209
fervent	358
fervently	211
fervor	301
fervour	194
fess	436
fest	1072
fester	966
festering	384
festival	11823
festivals	840
festive	1433
festivities	1093
festivity	136
fet	171
feta	195
fetal	767
fetch	12029
fetched	602
fetches	137
fetching	874
fete	342
fetid	139
fetish	1314
fetishes	191
fett	168
fetters	120
fettuccine	154
fetus	1350
fetuses	184
feud	1558
feudal	530
feuding	205
feuds	214
fever	14430
fevered	155
feverish	745
feverishly	114
fevers	310
few	231375
fewer	3116
fewest	120
fey	406
feynman	155
fez	1520
ff	340
ffp	153
fi	2915
fianc	340
fiance	3313
fiancee	2937
fiasco	1091
fiat	1070
fib	498
fibber	126
fibbing	207
fiber	1958
fiberglass	299
fibers	1527
fibonacci	184
fibre	661
fibres	602
fibrillation	158
fibrosis	240
fibrous	126
fibs	155
fibula	213
fickle	985
fiction	5387
fictional	1213
fictitious	582
ficus	166
fiddle	2248
fiddled	169
fiddler	727
fiddles	135
fiddlesticks	213
fiddling	704
fide	624
fidel	1247
fidelity	1066
fidget	177
fidgeting	345
fidgety	183
fido	496
fiduciary	134
fie	565
fief	217
field	50617
fielder	310
fielding	1444
fields	12290
fieldwork	143
fiend	1514
fiendish	368
fiends	483
fierce	4761
fiercely	811
fiercest	320
fiero	118
fierro	181
fiery	2267
fiesta	969
fievel	167
fifa	248
fife	628
fifi	812
fifteen	9662
fifteenth	347
fifth	13690
fifties	503
fifty	10941
fig	1247
figaro	714
figg	156
figgins	136
figgis	255
figgy	156
fight	159911
fighter	10121
fighters	5832
fightin	755
fighting	58657
fights	9619
figment	587
figs	651
figueroa	265
figurative	176
figuratively	480
figure	81048
figured	40590
figurehead	293
figures	11488
figurine	341
figurines	377
figuring	3649
fiind	425
fiire	125
fiirst	441
fiive	118
fiji	726
fikret	136
fil	192
filament	193
filaments	167
file	33969
filed	6981
files	18385
filet	1024
filial	460
filibuster	169
filii	279
filing	3115
filings	238
filip	453
filipe	293
filipino	846
filipinos	204
filippo	497
fill	30683
fille	139
filled	23319
filler	348
fillet	485
fillets	163
fillies	140
filling	7055
fillings	445
fillmore	440
fillory	246
fills	2713
filly	769
film	71407
filmed	4083
filming	7364
filmmaker	1316
filmmakers	846
filmmaking	555
filmore	114
films	16089
filmy	129
filomena	126
filter	2715
filtered	477
filtering	348
filters	913
filth	3656
filthiest	141
filthy	12179
filtration	238
fin	3010
fina	187
final	45614
finale	3103
finalise	151
finalised	183
finalist	445
finalists	981
finality	145
finalize	504
finalized	503
finalizing	125
finally	99904
finals	3983
finance	4624
financed	817
finances	2047
financial	13153
financially	1998
financials	821
financier	377
financiers	218
financing	1322
finch	4341
fincher	171
finches	209
finchley	169
find	626520
finder	961
finders	459
finding	30196
findings	2520
findlay	122
finds	23019
fine	400530
fined	788
finely	620
finer	1479
finery	252
fines	975
finesse	868
finest	8852
finger	26967
fingered	492
fingering	355
fingermarks	147
fingernail	800
fingernails	2566
fingerprint	2454
fingerprinted	210
fingerprinting	143
fingerprints	9361
fingers	26736
fingertip	161
fingertips	1304
fini	159
finicky	225
finish	74299
finished	65659
finishes	2171
finishing	6553
finite	528
finito	305
fink	1055
finkelstein	158
finland	1729
finlay	545
finley	923
finn	6445
finna	128
finnegan	604
finnerty	238
finney	479
finnish	1195
finns	230
finny	131
fins	920
finsbury	124
finster	262
fiona	5497
fiore	170
fir	1000
firat	117
fire	157532
firearm	1239
firearms	1902
fireball	1274
fireballs	306
firebird	241
firebrand	149
firebug	115
firecracker	708
firecrackers	707
fired	41193
firefight	517
firefighter	1198
firefighters	942
firefighting	121
fireflies	751
firefly	731
firehouse	840
firelight	127
fireman	2338
firemen	1552
fireplace	2751
fireplaces	156
firepower	1302
fireproof	234
fires	8921
fireside	239
firestone	155
firestorm	385
firewall	846
firewalls	250
firewater	127
firewood	1739
firework	425
fireworks	5648
firing	14695
firm	20482
firma	132
firmament	260
firmer	252
firmin	138
firmly	2787
firmness	202
firms	1309
firs	183
first	656387
firstborn	621
firsthand	1205
firstly	2037
firsts	256
firth	286
fiscal	747
fischer	1363
fischoeder	135
fish	61813
fishbowl	230
fished	993
fisher	4915
fisheries	268
fisherman	3213
fishermen	2177
fishers	142
fishery	144
fishes	1588
fishies	163
fishin	378
fishing	17170
fishlegs	464
fishman	282
fishmonger	242
fishnet	173
fishnets	121
fishy	2873
fisk	900
fiske	283
fission	317
fissure	371
fissures	170
fist	7118
fistfight	259
fistful	349
fisticuffs	193
fists	2584
fit	43502
fitch	871
fitness	1782
fits	9779
fitted	2080
fitter	319
fittest	734
fitting	4606
fittings	430
fitz	3171
fitzgerald	1836
fitzpatrick	829
fitzroy	303
fitzsimmons	117
fitzwilliam	150
fitzy	245
five	183626
fiver	824
fives	931
fix	59349
fixable	177
fixate	118
fixated	579
fixation	584
fixed	22575
fixer	653
fixes	991
fixin	382
fixing	6867
fixit	175
fixture	401
fixtures	426
fizz	498
fizzing	181
fizzle	171
fizzled	115
fizzy	425
fjord	349
fjords	185
fl	335
flab	145
flabbergasted	267
flabby	500
flaccid	240
flack	1169
flaco	194
flag	13907
flagg	375
flagged	837
flagging	158
flagpole	508
flagrant	291
flagrante	115
flags	3169
flagship	643
flagstaff	253
flaherty	373
flail	242
flailing	351
flair	1279
flak	619
flake	965
flaked	243
flakes	1145
flaking	151
flaky	550
flam	196
flambeau	116
flamboyant	437
flame	7500
flamenco	497
flames	7145
flamethrower	313
flamethrowers	117
flaming	2120
flamingo	712
flamingos	352
flammable	741
flan	363
flanagan	621
flanders	1357
flange	172
flank	2361
flanked	177
flanking	213
flanks	455
flannagan	124
flannel	746
flannery	324
flannigan	221
flap	1790
flapjack	132
flapjacks	224
flapper	138
flapping	1346
flappy	143
flaps	956
flare	2304
flared	293
flares	1217
flaring	216
flash	14418
flashback	898
flashbacks	487
flashed	965
flasher	180
flashes	1693
flashing	2396
flashlight	3016
flashlights	589
flashpoint	166
flashy	1147
flask	1273
flasks	167
flat	26848
flatbed	204
flatbread	130
flatbush	215
flatfoot	229
flatline	449
flatlined	132
flatlining	259
flatly	284
flatmate	390
flatmates	135
flats	2230
flatten	651
flattened	712
flatter	2645
flattered	4218
flatterer	221
flattering	2480
flatters	141
flattery	1151
flatulence	366
flaubert	165
flaunt	598
flaunting	355
flavia	470
flavio	175
flavius	250
flavor	4859
flavored	414
flavorful	122
flavors	1591
flavour	1575
flavoured	180
flavours	532
flaw	2216
flawed	1302
flawless	1542
flawlessly	219
flaws	1888
flax	327
flay	429
flayed	211
flea	2102
fleabag	259
fleas	1438
fleck	238
flecks	241
fled	6436
fledged	119
fledgling	303
flee	5096
fleece	878
fleeced	159
fleed	490
fleeing	2254
flees	421
fleet	8685
fleeting	1433
fleets	454
fleetwood	323
fleischer	148
fleischman	1206
fleming	2152
flemish	488
flemming	426
flesh	16064
fleshy	384
fletch	493
fletcher	5548
fleur	1392
fleury	239
flew	10994
flex	890
flexibility	670
flexible	2233
flexing	300
flick	2873
flicka	268
flicked	215
flicker	567
flickering	579
flickers	172
flicking	354
flicks	626
flier	670
fliers	738
flies	11093
flight	38504
flightless	202
flights	3503
flighty	263
flik	184
flim	173
flimsy	627
flinch	601
flinched	176
flinching	177
fline	183
fling	2460
flinging	227
flings	279
flint	2658
flintstone	292
flintstones	208
flip	9047
flippant	230
flipped	3060
flipper	565
flippers	450
flippin	369
flipping	2120
flips	902
flirt	3488
flirtation	348
flirtatious	299
flirted	723
flirting	4702
flirts	348
flirty	619
flit	251
flitting	172
flo	1324
float	5801
floated	1076
floater	354
floaters	136
floating	7661
floats	1482
floaty	122
flock	3314
flocked	239
flocking	261
flocks	496
floe	138
flog	509
flogged	523
flogging	479
floki	250
flood	6263
flooded	2983
floodgates	259
flooding	1874
floods	1372
floor	66456
floorboard	373
floorboards	814
floored	431
flooring	319
floors	5165
floozies	127
floozy	473
flop	1645
flophouse	168
flopped	295
flopping	277
floppy	753
flops	325
flor	399
flora	3159
floral	670
floren	182
florence	5828
florentine	463
flores	1027
florian	481
florida	9889
florin	158
florins	305
floris	184
florist	1280
florists	153
florrick	1687
florrie	124
floss	1165
flossie	166
flossing	233
flotation	138
flotilla	149
flotsam	177
flounder	360
floundering	192
flour	3620
flourish	1557
flourished	569
flourishes	259
flourishing	477
flout	115
flow	11524
flowed	856
flower	19199
flowered	227
flowering	471
flowerpot	210
flowers	37699
flowery	557
flowing	4634
flown	3665
flows	3432
floyd	3277
flu	5765
flubber	125
fluctuate	116
fluctuating	286
fluctuation	274
fluctuations	486
flue	182
fluent	971
fluently	291
fluff	916
fluffy	1994
fluid	5325
fluids	2290
fluke	1074
flung	759
flunk	642
flunked	812
flunking	309
flunky	284
fluorescent	513
fluoride	205
flurry	301
flush	5260
flushed	1643
flushes	1158
flushing	1487
flustered	699
flute	3245
flutes	286
flutter	936
fluttered	144
fluttering	810
flutters	225
fluttershy	476
flux	843
fly	56595
flyboy	174
flyer	2227
flyers	1855
flyin	482
flying	36023
flynn	5032
flynt	161
flyover	244
flypaper	132
flytrap	122
flywheel	120
fm	1033
fn	138
fo	1229
foa	556
foal	471
foam	3315
foaming	408
foamy	150
fob	336
focal	473
foch	117
focus	28619
focused	8612
focuses	462
focusing	2685
fodder	669
foe	2013
foes	801
foetal	133
foetus	299
fog	5768
fogarty	161
fogg	282
fogged	151
foggiest	270
foggy	1264
foghorn	650
fogs	114
foibles	124
foie	597
foil	1167
foiled	424
foils	120
fok	298
fol	266
fold	5355
folded	1920
folder	1676
folders	430
folding	1397
folds	1031
foley	1580
foliage	452
folies	131
folio	151
folk	7245
folke	121
folklore	791
folks	35431
folksy	180
follicle	150
follicles	213
follies	438
follow	96529
followed	28510
follower	1017
followers	4166
followin	121
following	39136
follows	6072
folly	1586
folsom	455
fon	324
fond	9227
fonda	397
fondant	137
fonder	205
fondest	266
fondle	395
fondled	181
fondling	319
fondly	604
fondness	653
fondue	694
fong	1791
fonseca	153
font	5589
fontaine	698
fontainebleau	172
fontana	361
fonts	146
fonz	155
fonzie	230
foo	1070
food	127657
foodie	162
foods	3684
foodstuffs	142
fook	301
fool	65432
fooled	7627
foolhardy	359
foolin	410
fooling	6967
foolish	12268
foolishly	678
foolishness	1673
foolproof	833
fools	10969
foon	551
foosa	121
foosball	310
foot	44588
footage	11171
football	25398
footballer	559
footballers	268
footballs	175
footbridge	151
footfalls	190
foothills	404
foothold	503
footie	129
footing	969
footlights	130
footlocker	166
footloose	269
footman	448
footmen	145
footnote	316
footnotes	122
footpath	276
footprint	1378
footprints	3258
footsie	155
footstep	191
footsteps	12944
footstool	119
footwear	513
footwork	508
footy	266
fop	185
for	5174060
fora	450
forage	323
foraging	329
foray	190
forbade	744
forbear	120
forbearance	130
forbes	1362
forbid	7033
forbidden	8938
forbidding	430
forbids	943
force	63737
forced	27813
forceful	645
forcefully	567
forceps	548
forces	22284
forcible	187
forcibly	897
forcing	5024
ford	8320
fordham	349
fords	142
fordyce	151
fore	1214
forearm	664
forearms	300
forebears	120
foreboding	723
forecast	1741
forecasting	128
forecasts	200
foreclose	256
foreclosed	315
foreclosure	448
forefather	136
forefathers	865
forefinger	183
forefront	592
forego	322
foregone	219
foreground	324
forehand	132
forehead	5776
foreheads	249
foreign	24370
foreigner	3255
foreigners	4056
foreman	4260
foremost	1695
forensic	4361
forensically	138
forensics	4861
foreperson	120
foreplay	1240
forerunner	128
foresaw	279
foresee	935
foreseeable	366
foreseen	551
foresight	586
foreskin	404
forest	24943
forestall	115
forester	382
forestry	280
forests	3482
foretell	265
foretold	629
forever	68510
forevermore	283
forewarned	216
forfeit	1617
forfeited	365
forfeits	133
forfeiture	167
forgave	1904
forge	2962
forged	3438
forger	604
forgeries	453
forgers	125
forgery	1607
forges	164
forget	188628
forgetful	752
forgetfulness	260
forgets	2634
forgettable	185
forgetting	8105
forging	687
forgive	71915
forgiven	5979
forgiveness	8399
forgives	1082
forgiving	1918
forgo	308
forgot	64169
forgotten	31150
forints	180
forjust	229
fork	5032
forked	265
forklift	443
forks	1300
forlorn	454
form	40833
forma	116
formal	6824
formaldehyde	496
formalities	1386
formality	1953
formally	2011
forman	860
format	872
formation	3879
formations	623
formative	236
forme	199
formed	7394
former	19422
formerly	1381
formica	221
formidable	2113
forming	2725
formless	117
formosa	124
forms	9776
formula	6745
formulas	580
formulate	370
formulated	290
formulating	128
formulation	157
fornell	300
fornicate	231
fornicating	214
fornication	434
fornicator	132
forrest	1882
forrester	1074
forsake	943
forsaken	1194
forsaking	311
forster	365
forstman	134
forsyte	710
forsyth	177
forsythe	390
fort	10152
forte	688
fortescue	290
forth	12049
forthat	518
forthcoming	1001
forthe	2451
forthem	176
forthis	490
forthright	313
forthwith	555
fortier	125
forties	360
fortification	137
fortifications	277
fortified	689
fortify	302
fortitude	666
fortnight	1476
fortnum	115
fortress	4100
fortresses	301
forts	430
fortuitous	287
fortuna	240
fortunate	6127
fortunately	6660
fortunato	133
fortune	23379
fortunes	1976
fortuneteller	205
fortwo	126
forty	6023
forum	1673
forums	194
forward	59064
forwarded	772
forwarding	738
forwards	1401
forwhat	187
foryou	2132
foryour	474
fosca	114
fosco	119
foss	341
fossa	122
fosse	172
fossil	2296
fossilised	162
fossilized	266
fossils	1431
foster	11435
fostered	249
fostering	213
fosters	302
fou	212
fouad	157
foucault	185
fought	22170
foul	7784
fouled	522
fouling	139
fouls	204
found	337382
foundation	9122
foundations	1516
founded	3308
founder	2528
founders	787
founding	1647
foundling	233
foundry	496
fountain	5040
fountains	731
fouquet	222
four	166957
fournier	231
fours	1335
foursome	397
fourteen	3499
fourteenth	300
fourth	18301
foust	384
fowl	625
fowler	1951
fox	13409
foxes	1101
foxhole	336
foxholes	119
foxtrot	638
foxx	197
foxxy	375
foxy	1123
foy	286
foyer	639
foyle	947
fozzie	405
fp	133
fps	139
fr	1386
fra	209
fracas	170
frack	209
fracking	422
fractal	207
fraction	1822
fractions	384
fracture	3648
fractured	2090
fractures	1873
fracturing	230
frag	160
fragile	5388
fragility	221
fragment	1753
fragmentation	155
fragmented	359
fragments	2849
fragrance	2204
fragrances	169
fragrant	993
fraid	207
frail	1280
frailty	282
fraiser	171
frak	468
frakking	263
frame	11555
framed	4284
frames	1664
framework	742
framing	1111
frampton	259
fran	4381
franc	535
franca	358
francais	167
france	29172
frances	3146
francesca	2207
francesco	1423
franchise	1658
franchises	244
francie	759
francine	3201
francis	11123
francisca	194
franciscan	164
francisco	11606
franck	669
franco	4101
francois	1856
francoise	532
francs	7004
frandsen	139
frank	68472
frankel	254
franken	118
frankenstein	2937
frankfurt	1216
frankfurter	148
frankie	13299
frankincense	194
franklin	8022
frankly	12691
franklyn	230
frankness	293
franks	1051
franky	1305
frannie	876
franny	1227
frans	243
franta	166
frantic	1298
frantically	463
frantisek	118
frantz	168
franz	3662
franzen	124
fras	310
fraser	2336
frasier	4461
frat	1861
fraternal	288
fraternities	181
fraternity	2181
fraternize	152
fraternizing	271
frau	1786
fraud	9599
frauds	513
fraudulent	620
fraught	438
fraulein	794
fray	592
frayed	414
frazer	755
frazier	745
frazzled	316
freak	20578
freakazoid	215
freaked	6395
freakin	3659
freaking	11630
freakish	295
freakishly	218
freaks	4764
freaky	3260
freckle	268
freckled	116
freckles	830
fred	20224
freda	513
freddie	6654
freddo	293
freddy	7491
frederic	882
frederica	120
frederick	3295
fredericks	263
fredericksburg	118
frederico	245
frederik	671
fredo	459
fredrick	168
fredricks	121
fredrik	443
free	137598
freebie	436
freebies	251
freebo	201
freed	4264
freedman	326
freedom	33196
freedoms	663
freefall	189
freeing	953
freelance	1432
freelancer	273
freelancers	131
freelancing	157
freeloader	255
freeloaders	181
freeloading	154
freely	4764
freeman	3571
freemason	151
freemasonry	156
freemasons	306
freer	369
frees	499
freestyle	593
freeway	2443
freeways	299
freeze	17372
freezer	4052
freezers	185
freezes	1001
freezing	9255
frei	123
freight	2119
freighter	1289
freighters	177
freja	158
frell	289
frelling	144
fremen	253
fremont	516
french	53911
frenchie	412
frenchies	177
frenchman	1948
frenchmen	720
frenchy	672
frenetic	146
frenzied	352
frenzy	1408
freon	149
frequencies	1570
frequency	4780
frequent	2250
frequented	326
frequently	2679
frequents	169
frere	182
fresca	142
fresco	475
frescoes	195
fresh	40049
freshen	1868
freshener	342
freshening	165
fresher	531
freshest	268
freshly	1297
freshman	3134
freshmen	765
freshness	495
freshwater	608
fresno	675
fret	1439
frets	139
fretting	368
freud	2180
freudian	429
freund	225
frey	382
freya	1472
frg	154
fri	164
friar	1089
friars	248
fricassee	128
frick	462
frickin	1980
fricking	713
friction	1368
frida	840
friday	27696
fridays	1178
fridge	9213
fridges	258
fried	8345
frieda	847
friedman	690
friedrich	982
friend	308204
friendless	254
friendlier	306
friendlies	242
friendliest	179
friendliness	174
friendly	17294
friends	230464
friendship	19225
friendships	1270
fries	5920
frieza	154
frig	348
frigate	339
frigg	333
friggin	2401
frigging	1440
fright	2825
frighten	4329
frightened	14246
frightening	4663
frighteningly	167
frightens	1198
frightful	975
frightfully	702
frigid	919
friis	120
frills	276
frilly	233
fringe	1406
fringes	376
frisbee	978
frisco	530
frisk	631
frisked	159
frisky	753
frist	120
frits	172
frittata	252
fritter	303
fritters	455
fritz	3492
fritzi	166
frivolity	169
frivolous	1098
frizzy	239
frm	519
fro	676
frobisher	619
frock	665
frocks	172
frodo	763
frog	7160
froggy	696
frogman	123
frogs	3045
frohike	167
frolic	485
frolicking	252
from	1709582
fromage	147
fromm	343
frond	263
fronds	133
froning	183
front	135341
frontal	1396
fronted	180
frontier	2897
frontiers	528
fronting	259
frontline	605
fronts	985
froot	144
frost	4455
frostbite	626
frosted	413
frosti	200
frosting	880
frosty	1305
froth	277
frothing	152
frothy	176
frou	156
frown	1361
frowned	354
frowning	368
frowns	269
frowny	118
froy	226
froze	2460
frozen	11992
frs	183
fructose	253
frugal	352
fruit	17773
fruitcake	890
fruitcakes	115
fruitful	669
fruition	282
fruitless	386
fruits	3447
fruity	818
frump	132
frumpy	132
frustrate	209
frustrated	4753
frustrating	3246
frustration	2606
frustrations	505
frutti	203
fry	6923
frye	598
fryer	610
frying	1732
frylock	711
fs	160
fsa	160
fsb	416
ft	622
ftl	419
fu	8617
fubuki	405
fuchs	267
fuchsia	328
fuck	260121
fuckable	115
fucked	27883
fucker	8421
fuckers	3037
fuckface	298
fuckhead	373
fuckin	36802
fucking	232845
fucks	2945
fuckup	216
fuckwit	173
fudd	176
fudge	1879
fudged	126
fue	157
fuego	400
fuehrer	547
fuel	13066
fueled	740
fueling	282
fuelled	348
fuels	804
fuentes	593
fugitive	4020
fugitives	1137
fugly	143
fugu	156
fugue	344
fuhrer	2003
fuhrman	180
fuji	967
fujii	236
fujikawa	124
fujiko	420
fujimoto	181
fujimura	120
fujio	149
fujisawa	132
fujita	249
fujiwara	257
fuk	120
fukasaku	136
fukuda	171
fukunaga	131
fukuoka	185
fukushima	325
ful	147
fulbright	129
fulcrum	415
fulfil	1367
fulfill	5472
fulfilled	3816
fulfilling	1531
fulfillment	653
fulfills	256
fulfilment	216
fulham	167
full	129735
fullback	204
fuller	2463
fullerton	175
fullest	944
fullmetal	146
fullness	382
fully	16943
fulton	890
fulvio	115
fum	139
fumble	461
fumbled	201
fumbles	144
fumbling	333
fume	161
fumes	1679
fumi	226
fumigate	141
fumigated	190
fumiko	225
fuming	299
fumio	156
fun	165693
function	9130
functional	1635
functionality	154
functioned	203
functioning	2361
functions	3052
fund	8719
fundamental	3616
fundamentalist	353
fundamentalists	181
fundamentally	1013
fundamentals	460
funded	1257
funding	3748
fundraiser	1554
fundraisers	160
fundraising	588
funds	6662
funeral	25423
funerals	1882
funerary	151
funfair	172
fung	1466
fungal	254
fungi	385
fungus	1700
funhouse	133
funk	2232
funky	3239
funnel	1043
funneled	136
funnels	126
funnest	132
funnier	1402
funnies	153
funniest	1612
funnily	350
funny	123924
funyuns	122
fur	6156
furies	390
furillo	233
furious	6452
furiously	352
furlong	235
furlough	523
furman	158
furnace	1934
furnaces	319
furnish	591
furnished	954
furnishing	171
furnishings	329
furniture	10487
furrier	126
furrow	170
furrowed	119
furrows	135
furry	1518
furs	987
further	43839
furthermore	2435
furthest	830
furtive	197
fury	4065
fusco	498
fuse	4054
fused	861
fuselage	371
fuses	829
fushimi	142
fusiliers	143
fusing	181
fusion	2291
fuss	7333
fussed	134
fusses	199
fussing	1160
fussy	1262
futari	200
futile	1721
futility	386
futon	510
future	86832
futures	1159
futuristic	467
fuzz	1085
fuzzy	2617
fx	194
fyi	1145
fyodor	467
ga	3760
gaalan	146
gab	845
gaba	119
gabba	123
gabbana	162
gabbar	412
gabbing	242
gabby	2126
gabe	3975
gabi	2097
gable	769
gabler	139
gables	379
gabon	144
gabor	216
gabriel	8036
gabriela	444
gabriele	208
gabriella	718
gabrielle	3654
gaby	1763
gacy	298
gad	361
gaddafi	464
gadge	134
gadget	2551
gadgets	988
gae	374
gael	306
gaelic	611
gaeta	269
gaetano	393
gaff	483
gaffer	417
gaffigan	164
gaffney	262
gafoor	114
gag	3387
gaga	1368
gagarin	371
gage	1072
gagged	550
gagging	2048
gaggle	248
gagnon	174
gags	1433
gah	1179
gai	275
gaia	849
gaiety	280
gail	3671
gailey	136
gaily	198
gain	12620
gained	5057
gaines	918
gainey	125
gaining	2539
gains	1413
gait	546
gaius	1259
gal	5694
gala	1983
galactic	1453
galactica	1211
galactus	294
galahad	339
galan	299
galapagos	649
galatea	117
galavan	215
galavant	157
galaxies	2729
galaxy	7968
galba	146
gald	115
gale	2658
galen	1125
gales	161
galia	200
galicia	180
galilee	668
galileo	1667
galina	259
gall	1352
gallagher	2336
gallant	1850
gallantly	158
gallantry	366
gallardo	146
gallbladder	373
galleon	203
galleria	204
galleries	786
gallery	7134
galley	946
galleys	322
gallifrey	289
gallipoli	231
gallivanting	374
gallo	941
gallon	1294
gallons	1992
gallop	802
galloped	148
galloping	899
gallops	131
galloway	409
gallows	1822
gallstones	182
gallup	173
galore	477
galoshes	233
galra	121
gals	1693
galt	321
galu	265
galvan	208
galvanized	169
galveston	343
galvin	383
galway	185
galweather	135
galya	197
gam	239
gama	217
gamal	135
gambino	131
gambit	623
gamble	5755
gambled	981
gambler	2575
gamblers	1219
gambles	286
gambling	10714
gamboa	260
gambon	195
gamby	178
game	157501
gameboy	126
gamekeeper	370
gamer	452
gamera	279
gamers	300
games	32623
gaming	1642
gamma	2626
gammy	250
gamora	255
gams	116
gamut	141
gan	585
ganache	124
gance	124
ganda	127
gandalf	644
gander	634
gandhi	2528
gandhiji	266
gandy	116
ganesh	889
ganesha	370
gang	27722
ganga	1170
gangbang	124
gangbanger	301
gangbangers	249
gangbusters	165
ganged	203
ganges	752
ganging	312
gangland	266
gangmo	451
gangnam	357
gangotri	200
gangplank	164
gangrene	551
gangs	3473
gangsta	603
gangster	5095
gangsters	2945
gangway	607
gani	146
ganja	333
gann	142
ganna	121
gannicus	279
gannon	447
ganpati	130
gant	538
gantry	311
gantu	162
gantz	153
ganymede	291
ganz	325
ganzel	152
gao	1425
gaol	141
gap	4983
gape	164
gaping	778
gaps	1306
gar	561
gara	130
garage	17652
garages	420
garak	310
garb	423
garbage	15709
garber	350
garbled	884
garbo	401
garcia	4921
garcon	154
gard	147
garda	156
garde	831
garden	27044
gardener	3488
gardeners	480
gardenia	269
gardenias	182
gardening	1742
gardens	4131
gardiner	354
gardner	2701
gare	400
gareth	1240
garfield	1499
garfunkel	284
gargamel	149
gargano	116
gargantuan	212
gargle	292
gargles	120
gargling	275
gargoyle	491
gargoyles	361
garibaldi	1120
garish	199
garland	1907
garlands	340
garlic	4136
garment	1376
garments	813
garner	955
garnered	124
garnet	674
garnett	366
garnier	319
garnish	803
garnished	147
garo	142
garret	1044
garrett	4088
garrick	296
garrido	171
garrincha	127
garris	138
garrison	2781
garrisons	141
garrity	710
garrote	124
garrow	342
garroway	191
garry	763
garson	241
garter	601
garters	366
garth	1336
garuda	204
garvey	796
garvin	409
garwood	176
gary	20553
garza	975
gas	41535
gascoigne	218
gascon	140
gaseous	230
gases	1642
gash	633
gaskell	130
gasket	459
gaslight	115
gasoline	3455
gasp	5613
gaspar	314
gaspard	275
gaspare	124
gasped	120
gasping	16948
gasps	45214
gassai	118
gassed	658
gasses	202
gassing	230
gassy	292
gaston	1403
gastric	659
gastritis	136
gastrointestinal	129
gastronomy	123
gat	334
gate	25308
gateau	129
gated	304
gatehouse	124
gatekeeper	378
gaten	133
gates	10658
gateway	1754
gateways	141
gath	178
gather	15484
gathered	8592
gatherer	144
gatherers	139
gathering	6886
gatherings	534
gathers	784
gatlin	114
gatling	196
gato	401
gator	1559
gatorade	325
gators	413
gatsby	528
gatto	116
gattu	124
gatwick	160
gauche	284
gaucho	256
gaudy	385
gauge	1640
gauges	268
gauguin	330
gaul	704
gaulle	681
gauls	369
gault	388
gauna	294
gaunt	344
gauntlet	1071
gauntlets	120
gaurav	599
gauri	687
gauss	239
gaussian	182
gautam	522
gautham	141
gauthier	194
gautier	164
gauze	960
gav	267
gave	186445
gavel	1839
gaveston	204
gavin	4892
gaviria	215
gavrilo	157
gawain	343
gawd	534
gawk	177
gawking	421
gawping	127
gay	42536
gaya	195
gayathri	133
gayatri	397
gaydar	170
gaye	435
gayer	184
gayest	214
gayle	921
gaylord	327
gayness	120
gaynor	181
gays	2125
gaz	508
gaza	693
gaze	3469
gazebo	528
gazed	462
gazelle	693
gazelles	211
gazes	202
gazette	912
gazillion	196
gazing	889
gazpacho	279
gbh	193
gbs	207
gchq	152
gcpd	187
gcs	275
gcse	127
gd	331
gdansk	198
gdp	173
gdr	319
ge	1046
gear	13780
gearbox	470
geared	376
gearing	406
gears	1877
geary	313
gecko	543
geckos	136
ged	534
gedda	128
geddes	224
gee	15564
geek	2945
geeks	1093
geeky	333
gees	300
geese	1688
geet	274
geeta	618
geetha	648
geez	7525
geezer	1433
geezers	309
gefilte	141
gehrig	312
geiger	771
geils	291
geir	169
geisha	1251
geishas	178
geiss	127
geist	142
gekko	249
gel	2113
gelatin	361
gelatinous	124
gelato	345
gelder	116
gelding	166
geldof	120
gellar	222
geller	413
gelman	150
gels	157
gem	2863
gemini	1186
gemma	4248
gems	1539
gemstone	237
gemstones	138
gen	1146
gena	360
genaro	173
gendarme	289
gendarmerie	188
gendarmes	475
gender	2801
genders	183
gene	10796
genealogy	275
general	76816
generalissimo	308
generalize	124
generally	6401
generals	3184
generate	2370
generated	1554
generates	776
generating	970
generation	13163
generational	147
generations	6895
generator	4311
generators	1118
generic	807
generosity	2629
generous	12622
generously	855
genes	4014
genesis	1613
genetic	6597
genetically	1732
geneticist	216
geneticists	134
genetics	1226
geneva	2693
genevieve	1116
geng	123
genghis	765
genial	164
genie	2254
genies	295
genii	202
genital	509
genitalia	461
genitals	1210
genius	24032
geniuses	1593
genji	532
gennaro	508
gennosuke	163
genny	277
geno	236
genoa	725
genocide	1156
genome	858
genomex	198
genovese	320
genre	1350
genres	223
gent	838
genta	136
gente	156
genteel	230
gentile	352
gentiles	328
gentle	12745
gentleman	27345
gentlemanly	379
gentlemen	86660
gentleness	491
gentler	401
gentlest	187
gentlewoman	121
gently	8463
gentrification	122
gentry	864
gents	2325
genuine	6921
genuinely	2870
genus	228
genzaburo	157
geo	309
geoff	2353
geoffrey	3734
geographic	767
geographical	483
geographically	230
geography	1957
geologic	149
geological	1235
geologist	836
geologists	681
geology	851
geometric	434
geometrical	132
geometry	1324
geon	150
geordi	461
geordie	686
georg	1123
george	69441
georges	2344
georgetown	812
georgette	332
georgi	193
georgia	6215
georgian	694
georgiana	254
georgians	118
georgie	5436
georgina	961
georgy	313
geothermal	205
geppetto	241
ger	271
gerald	4325
geraldine	689
geraldo	537
geranium	177
geraniums	222
gerard	3086
gerardo	334
gerber	371
gerbil	447
gerbils	146
gerd	221
gerda	713
gere	323
gerhard	290
gerhardt	408
geri	330
geriatric	367
geriatrics	141
germ	826
germain	467
germaine	803
german	36610
germane	127
germanic	346
germanicus	145
germans	14122
germany	18972
germinate	119
germs	2004
geronimo	1227
gerrard	251
gerri	116
gerrit	241
gerry	4176
gershon	132
gershwin	266
gerson	464
gert	479
gertie	641
gertrud	318
gertrude	1666
gerty	182
gervais	326
gervase	281
gesserit	120
gestalt	114
gestapo	3183
gestation	179
gesture	5741
gestures	1685
gesturing	122
gesundheit	496
get	2883193
geta	167
getaway	2684
getcha	387
gethsemane	116
gets	146064
gettin	10829
getting	331186
getty	261
gettysburg	563
getup	577
getyou	142
getz	154
geum	445
geun	231
geyser	323
geysers	207
gg	281
ggot	158
gh	119
ghana	312
ghani	143
ghastly	1649
ghb	449
ghee	208
ghent	122
gherkin	128
gherkins	124
ghetto	2949
ghettos	199
ghosh	139
ghost	35051
ghostbusters	433
ghosting	133
ghostly	1018
ghosts	13576
ghoul	684
ghoulish	196
ghouls	721
ghraib	159
ght	490
ghul	214
gi	2054
gia	1081
giacinto	118
giacomo	876
gian	293
giancarlo	275
gianelli	123
gianluca	177
gianna	211
gianni	1445
giant	23227
giants	3359
giardella	155
giardello	168
gib	184
gibb	177
gibbering	1079
gibberish	2284
gibbers	268
gibbler	135
gibbon	246
gibbons	986
gibbs	7369
gibby	381
giblets	165
gibraltar	764
gibson	3222
gid	147
giddap	380
giddy	1392
giddyap	326
giddyup	487
gideon	3232
gidget	150
gie	248
gifford	574
gift	48891
gifted	3529
gifting	124
gifts	11365
gig	7723
gigantic	3066
giggle	1719
giggled	124
giggles	9098
giggling	7525
giggs	143
gigi	2587
gigolo	1000
gigolos	146
gigs	1564
gii	225
gil	5406
gila	268
gilbert	4395
gilberte	224
gilberto	274
gilchrist	179
gilda	604
gilded	462
giles	2150
gilfoyle	160
gilgamesh	163
gill	1452
gilles	1102
gillespie	432
gillette	397
gilliam	425
gillian	1536
gillie	146
gillies	280
gilligan	660
gillingham	123
gillis	382
gills	800
gilly	609
gilman	224
gilmore	1571
gilou	246
gilroy	499
gilson	120
gilt	212
gim	482
gimbert	182
gimlet	138
gimme	9685
gimmick	756
gimmicks	280
gimmie	122
gimp	523
gimpy	205
gin	6118
gina	8069
ginette	280
ging	135
ginge	116
ginger	7134
gingerbread	838
gingers	120
ginko	146
ginnie	313
ginny	2451
gino	2536
ginormous	247
gins	135
ginsberg	317
ginsburg	123
ginseng	596
ginza	471
gio	434
gioia	245
gion	145
giordano	300
giordino	180
giorgio	1715
giorgos	118
giorno	299
giovanna	948
giovanni	3090
giovannino	195
gipsy	247
gir	340
giraffe	1566
giraffes	474
girard	422
girardi	301
girder	146
girdle	646
giri	192
girl	402557
girlfriend	56475
girlfriends	4994
girlie	1422
girlies	316
girlish	362
girls	159061
girly	1200
giro	219
girolamo	120
girth	310
gis	181
gisaeng	208
gisborne	479
gisburne	165
giscard	124
gisela	234
gisele	223
giselle	908
gist	762
git	1635
gita	675
gitano	197
gitmo	209
gittes	145
giulia	1129
giuliana	204
giuliani	173
giuliano	576
giulietta	114
giulio	910
giuseppe	1498
give	811919
giveaway	589
given	87738
givens	529
giver	701
gives	47900
giveth	286
givin	1223
giving	82085
giza	422
gizmo	763
gizmoduck	167
gizmos	187
gizzard	174
gizzards	118
gk	164
gl	201
glacial	296
glacier	1378
glaciers	904
glad	102848
glade	345
glades	478
gladiator	1123
gladiators	865
gladly	4458
gladness	193
gladney	128
gladstone	640
gladys	2746
glam	327
glamis	135
glamorous	2302
glamour	1670
glance	3216
glanced	474
glances	664
glancing	309
gland	841
glands	993
glandular	210
glare	957
glaring	611
glaser	208
glasgow	1438
glass	50103
glasses	22604
glassware	171
glassy	231
glastonbury	184
glaucoma	303
glaze	580
glazed	568
glazer	128
glazing	173
gleam	460
gleaming	604
gleams	128
glean	196
gleaned	172
gleason	494
gleb	249
glee	2414
gleefully	121
glen	4063
glencora	127
glenda	600
glendale	326
glenn	6131
glib	337
glick	172
glide	1097
glider	540
gliders	207
glides	194
gliding	465
glimmer	674
glimpse	3313
glimpsed	299
glimpses	340
glinda	245
glint	295
glisten	151
glistening	455
glitch	1302
glitches	264
glitter	1759
glittering	802
glitters	220
glittery	150
glitz	239
glo	219
gloat	946
gloating	493
glob	183
global	9793
globalization	305
globally	337
globe	4762
globes	413
globetrotters	182
glock	711
glomgold	123
gloom	976
gloomy	2291
gloria	8921
gloriana	200
glories	468
glorified	828
glorify	391
glorious	6982
gloriously	200
glory	16221
gloss	972
glossop	154
glossy	372
gloucester	734
gloucestershire	121
glove	5789
glover	723
gloves	9750
glow	4165
glowed	221
glowing	3105
glows	583
glub	179
glucose	741
glue	5170
glued	1674
glug	286
gluing	246
glum	734
gluten	595
glutes	165
gluteus	126
glutton	484
gluttony	357
glycerin	135
glycol	123
glyn	130
glynn	328
glyphs	129
gm	825
gmo	162
gmos	206
gnarled	123
gnarly	615
gnat	254
gnats	139
gnaw	367
gnawed	221
gnawing	489
gnaws	126
gnocchi	392
gnome	1007
gnomes	611
go	2738504
goa	3340
goad	208
goading	132
goal	18194
goalie	949
goalkeeper	489
goals	4374
goanna	265
goat	9922
goatee	547
goats	3201
gob	1328
gobber	252
gobble	1080
gobbled	254
gobbledygook	114
gobbler	137
gobbles	123
gobbling	383
gobby	128
gobi	361
goblet	407
goblets	144
goblin	1587
goblins	805
gobs	178
gobshite	156
god	611924
goda	183
godard	388
godavari	202
godber	129
goddam	918
goddamit	181
goddammit	2542
goddamn	37270
goddamned	1775
goddamnit	782
goddard	601
goddaughter	329
goddess	9359
goddesses	587
godfather	4281
godforsaken	904
godfrey	1327
godiva	247
godless	663
godlike	251
godliness	228
godly	401
godmother	1674
godot	205
godown	228
godparents	247
godric	117
gods	20335
godsend	599
godsey	411
godson	543
godspeed	872
godwin	219
godzilla	1810
goebbels	874
goemon	293
goer	120
goering	461
goes	151195
goethe	621
goetz	226
gofer	153
goff	296
gog	142
goggle	130
goggles	1783
gogh	1321
gogo	341
gogol	330
goguryeo	743
goh	253
gohan	489
goi	175
goin	24873
going	1520767
goings	379
goingto	406
goir	134
goji	115
goku	1372
gol	226
golan	237
gold	61935
golda	268
goldar	433
goldberg	1348
golden	21644
goldfarb	164
goldfinger	197
goldfish	2062
goldie	1383
goldilocks	646
golding	174
goldman	1572
goldmine	265
golds	155
goldsmith	432
goldstein	608
goldwater	156
goldy	135
golem	533
golf	13415
golfer	610
golfers	255
golfing	693
goli	240
goliath	1715
gollum	356
golly	2051
gomer	197
gomes	134
gomez	2116
gomorrah	446
gon	1888
gona	316
gonads	184
gondo	173
gondola	556
gone	240082
goner	941
goners	180
gong	3732
gongs	116
gongsun	149
goni	115
gonna	1188190
gonnae	206
gonorrhea	523
gonzaga	149
gonzales	806
gonzalez	762
gonzalo	1581
gonzo	798
goo	2233
goober	290
goobers	123
gooch	188
good	1741730
goodall	130
goodbye	77514
goodbyes	1204
goode	354
goodfellas	124
goodfellow	197
goodie	478
goodies	1093
gooding	144
goodly	271
goodman	1391
goodness	24190
goodnight	12889
goodrich	136
goods	11659
goodson	175
goodwill	2058
goodwin	1325
goody	1919
goodyear	156
gooey	555
goof	1064
goofball	325
goofed	357
goofing	688
goofy	1921
google	900000
googled	876
googling	338
googly	269
gook	524
gooks	253
goomer	163
goon	1769
goonies	151
goons	2375
goop	310
goose	7019
gooseberry	258
goosebumps	489
goosey	157
gooshie	124
gop	131
gopal	976
gopala	177
gopher	630
gophers	217
gopi	802
gor	160
gora	161
goran	668
gorbachev	466
gord	281
gordana	180
gordie	304
gordo	862
gordon	17605
gordy	640
gore	1296
gored	159
goren	389
gorge	1214
gorged	114
gorgeous	16895
gorges	179
gorging	129
gorgon	305
gorgonzola	174
gori	135
gorilla	3496
gorillas	1176
goring	275
gorky	267
gorman	741
gormley	163
gorn	150
gornt	171
goro	1110
gorski	164
gort	117
gory	621
goryeo	227
gosh	25335
gosling	340
gospel	2450
gospels	569
goss	361
gossamer	222
gossip	7839
gossiping	866
gossips	433
gossipy	153
got	1968389
gota	217
gotcha	6660
goten	169
goth	740
gotham	3402
gothenburg	314
gothic	941
goths	290
goto	567
gots	950
gott	266
gotta	230351
gotten	35001
gottfried	238
gotti	276
gottlieb	251
gotto	183
gouda	235
gouge	532
gouged	261
gough	131
gouging	207
goulash	536
gould	681
gourd	663
gourds	139
gourmet	1311
gout	703
gov	303
gove	141
goverment	189
govern	1460
governance	311
governed	885
governess	999
governing	744
government	61646
governmental	386
governments	2415
governor	19790
governors	850
governorship	139
governs	316
govind	320
govinda	414
govt	337
gow	138
gowan	225
gowda	133
gowen	114
gower	341
gown	4501
gowns	970
gowri	248
gowron	208
goy	234
goya	495
goyo	114
gp	642
gpa	492
gps	5074
gq	271
gr	515
gra	160
grab	48653
grabbed	10579
grabber	172
grabbing	3154
grabby	178
grable	192
graboid	157
grabs	2863
grace	37180
graced	386
graceful	1585
gracefully	747
graceland	361
graces	892
gracey	149
gracia	221
gracias	3292
gracie	2852
graciela	178
gracing	138
gracious	4566
graciously	689
grad	1622
grade	17882
graded	345
grader	550
graders	668
grades	5075
gradient	598
grading	434
gradual	554
gradually	3657
graduate	6927
graduated	5462
graduates	1049
graduating	1690
graduation	5220
grady	2641
graeme	374
graf	325
graff	541
graffiti	1900
graft	1200
grafted	204
grafting	167
grafton	221
grafts	272
graham	8620
grail	1935
grain	4895
grainger	351
grains	1381
grainy	260
gram	1742
gramercy	188
grammar	1561
grammatical	134
grammy	988
grammys	235
gramophone	618
gramp	126
grampa	736
gramps	1687
grampy	133
grams	3135
gran	2713
granada	592
granary	189
grand	45183
grandad	2006
grandbaby	136
grandchild	1719
grandchildren	3465
granddad	3678
granddaddy	712
granddaughter	4799
granddaughters	225
grande	1585
grander	285
grandest	375
grandeur	906
grandfather	24064
grandfathers	444
grandiose	406
grandis	127
grandkid	121
grandkids	1194
grandly	157
grandma	35216
grandmama	361
grandmas	292
grandmaster	411
grandmother	20515
grandmothers	464
grandpa	31767
grandpapa	148
grandpappy	152
grandparent	175
grandparents	3508
grandpas	158
grands	188
grandson	8524
grandsons	364
grandstand	230
grandstanding	181
granduncle	126
grandview	212
grange	620
granger	1759
granite	1387
grannie	200
grannies	248
granny	9765
granola	435
granpa	140
grant	22210
granted	10275
grantham	462
granting	800
grantman	122
grants	1302
granville	785
grape	2224
grapefruit	1032
grapes	3164
grapevine	555
graph	757
graphic	1946
graphics	856
graphite	247
graphs	225
grappa	223
grapple	273
grappling	535
gras	1626
grasp	4071
grasped	502
grasping	784
grass	13219
grassed	225
grasses	460
grasshopper	1091
grasshoppers	376
grassland	287
grasslands	360
grasso	125
grassroots	255
grassy	431
grat	118
grata	195
grate	754
grated	233
grateful	19921
gratefully	252
grater	215
grates	130
gratification	430
gratified	242
gratify	129
gratifying	580
gratin	240
grating	406
gratis	229
gratitude	5948
gratuitous	266
gratuity	218
grau	120
grave	21831
gravedigger	328
gravel	1575
gravely	709
graves	4234
gravesite	126
gravest	188
gravestone	405
gravestones	199
graveyard	3625
graveyards	291
gravimetric	117
gravitas	161
gravitate	150
gravitation	195
gravitational	1748
graviton	185
gravity	8781
gravy	2924
gray	11667
graydon	126
grayer	217
grayling	139
grays	160
grayson	3844
graysons	273
graystone	155
graze	831
grazed	682
grazer	128
grazia	320
graziano	172
grazie	1175
graziella	117
grazing	925
grease	3812
greaseball	158
greased	710
greaser	160
greasing	179
greasy	2310
great	545768
greater	14569
greatest	32692
greatly	3762
greatness	2886
greats	582
greaves	190
grecian	191
greco	417
gredenko	243
greece	4679
greed	4123
greedy	5776
greek	11339
greeks	2992
greeley	279
greely	174
green	52557
greenback	153
greenbacks	190
greenberg	553
greendale	575
greene	3182
greener	683
greenery	342
greenfield	300
greengrocer	192
greenhill	142
greenhorn	282
greenhouse	1692
greenhouses	145
greenie	307
greenish	142
greenland	961
greenleaf	323
greenpeace	314
greenpoint	156
greens	1588
greenspan	221
greenville	146
greenway	299
greenwich	1041
greenwood	367
greer	1529
greet	6059
greeted	1352
greeting	3009
greetings	12651
greets	583
greg	17299
gregg	1034
greggs	164
gregoire	204
gregor	1158
gregorian	184
gregorio	651
gregory	4016
gregson	809
gremlin	277
gremlins	258
grenada	199
grenade	3674
grenades	2046
grenadier	117
grenadiers	154
grenadine	123
grendel	374
grendizer	582
grenoble	166
grenouille	168
gresham	242
greta	2841
gretch	187
gretchen	3000
grete	144
gretel	676
gretzky	212
grew	24208
grey	10729
greyhound	640
greyhounds	155
greys	187
gribble	243
grid	5217
griddle	191
gridley	138
gridlock	240
grids	327
grief	10054
griefs	144
grier	223
grievance	587
grievances	696
grieve	1992
grieved	389
grieves	449
grieving	2472
grievous	773
griff	1301
griffen	132
griffin	5027
griffith	1502
griffiths	294
grift	211
grifter	392
grifters	145
griggs	351
grigori	238
grigoriev	121
grigory	377
grill	4265
grille	326
grilled	2395
grilling	708
grills	201
grim	3248
grimace	228
grimaldi	275
grime	301
grimes	1319
grimlock	238
grimm	1274
grimoire	222
grimsby	161
grimsdale	142
grimy	288
grin	1615
grinch	415
grind	3111
grinder	1234
grinders	145
grinding	2218
grindr	180
grinds	455
grindstone	235
gringo	1353
gringos	459
grinning	995
grins	152
grip	7167
gripe	269
griping	247
gripped	509
gripping	512
grips	824
gris	127
griselda	265
grisha	421
grisham	163
grisly	546
grissom	1463
gristle	215
griswold	298
grit	865
grits	681
gritty	474
grizz	168
grizzlies	252
grizzly	1372
gro	576
groan	2586
groaning	23492
groans	38867
groat	173
grocer	829
groceries	3227
grocers	121
grocery	4210
grodd	322
grody	142
grog	517
grogan	456
groggy	465
grohl	190
groin	1071
gromit	264
groom	7954
groomed	482
groomer	126
grooming	1040
grooms	415
groomsmen	134
groot	1157
groove	2411
grooves	455
groovin	145
grooving	192
groovy	1584
grope	464
groped	303
groping	665
gross	13387
grosse	186
grossed	307
grosser	156
grossest	164
grossing	160
grossly	449
grossman	372
grosvenor	173
grotesque	1173
grotto	537
grouch	393
groucho	345
grouchy	477
ground	62860
groundbreaking	672
grounded	4367
grounder	257
grounders	244
groundhog	393
grounding	375
groundless	186
grounds	8236
groundskeeper	286
groundwater	210
groundwork	424
group	64761
grouped	223
grouper	196
groupie	700
groupies	592
grouping	285
groupon	124
groups	10365
grouse	508
grout	245
grove	3431
grovel	605
groveling	329
grovelling	153
grover	1739
groves	840
grovy	159
grow	46010
growed	243
grower	226
growers	302
growin	219
growing	24779
growl	1737
growled	116
growling	16293
growls	9614
grown	23266
grownup	620
grownups	725
grows	8294
growth	6104
grozny	115
grr	674
grrr	710
grrrr	147
gru	311
grub	1622
grubby	633
gruber	1030
grubs	268
grudge	4170
grudges	840
gruel	422
grueling	448
gruelling	178
gruesome	1583
gruff	430
grug	374
grumble	482
grumbles	739
grumbling	1412
grumio	242
grump	199
grumpy	2316
grundy	476
grunge	259
grungy	149
grunkle	187
grunt	3681
grunting	41866
gruntlng	503
grunts	48253
grunwald	172
gryffindor	118
gs	968
gsa	196
gsr	366
gsw	432
gt	2751
gti	129
gto	211
gu	3395
gua	186
guac	157
guacamole	726
guadalajara	294
guadalcanal	386
guadalupe	335
guam	467
guan	861
guang	400
guangdong	276
guangzhou	419
guano	244
guantanamo	584
guapo	242
guarantee	15493
guaranteed	4936
guaranteeing	289
guarantees	1966
guarantor	351
guaranty	114
guard	43270
guarded	2834
guardhouse	248
guardia	278
guardian	8218
guardians	1989
guardianship	339
guarding	3115
guardo	187
guardrail	131
guards	19757
guardsman	156
guardsmen	208
guatemala	950
guatemalan	212
guava	325
gucci	792
guddi	172
guddu	347
gudrun	340
guerilla	478
guerillas	315
guerin	157
guernica	152
guero	145
guerra	234
guerre	259
guerrero	530
guerrilla	1044
guerrillas	778
guess	250320
guessed	5777
guesses	989
guessing	9912
guesswork	323
guest	30128
guesthouse	687
guests	22805
guevara	541
guff	285
guffawing	168
guffaws	194
guggenheim	364
guglielmo	131
gugu	517
guh	146
gui	580
guidance	4837
guide	14614
guidebook	360
guided	2343
guideline	155
guidelines	1086
guides	1581
guiding	1575
guido	1767
guild	1757
guildenstern	116
guilders	490
guile	335
guillaume	1132
guillermo	897
guillotine	1203
guillotined	137
guilt	11973
guiltless	121
guilty	42459
guinea	3671
guineas	1106
guinevere	617
guinness	819
guise	831
guitar	15191
guitarist	747
guitars	1042
gujarat	209
gujarati	160
guk	337
gul	504
gulab	165
gulag	333
gulch	209
gulf	3316
gulfstream	122
gull	566
gullet	282
gullible	1090
gulliver	540
gulls	720
gullu	153
gully	550
gulp	992
gulping	577
gulps	1198
gum	7462
gumball	318
gumbel	144
gumbo	572
gumby	150
gumdrops	117
gumiho	214
gummer	170
gummi	273
gummy	661
gump	393
gumption	250
gums	1015
gumshoe	174
gun	133072
guna	197
gunboat	166
gunderson	387
gunfight	586
gunfighter	341
gunfire	8452
gung	398
gunga	171
gunilla	120
gunk	316
gunman	1735
gunmen	954
gunn	1067
gunnar	1610
gunned	896
gunner	1390
gunners	366
gunnery	496
gunning	1119
gunny	833
gunplay	155
gunpoint	1089
gunpowder	1984
guns	37893
gunship	147
gunships	134
gunshot	16763
gunshots	8505
gunslinger	252
gunsmith	117
gunter	538
gunther	1549
gunvald	397
guo	2432
guoxiong	114
guppy	363
gupta	1217
gurgle	157
gurgles	693
gurgling	1642
gurjit	117
gurn	131
gurney	1363
gurren	214
guru	2960
guruji	321
gurus	158
gus	10715
gush	304
gushed	123
gusher	139
gushing	623
gussie	310
gust	493
gusta	237
gustaf	189
gustafson	133
gustav	1960
gustave	594
gustavo	1129
guster	281
gusting	345
gusto	650
gusts	280
gut	8020
guten	529
gutenberg	223
guth	117
guthrie	1071
gutierrez	494
gutless	605
guto	122
guts	14598
gutsy	481
gutted	963
gutter	2827
gutters	611
gutting	217
guttural	267
guv	3066
guvnor	225
guy	435832
guys	442241
guzman	487
guzzle	205
guzzler	146
guzzling	187
gwan	282
gwang	216
gwen	6813
gwendolen	232
gwendolyn	365
gwi	389
gwon	141
gwyn	126
gwyneth	364
gye	183
gyeong	402
gyles	131
gym	13513
gymnasium	631
gymnast	600
gymnastics	1534
gymnasts	208
gyms	259
gyn	128
gynaecologist	208
gynecologist	910
gynecology	154
gyoi	132
gyp	298
gypo	154
gypsies	2076
gypsum	160
gypsy	4682
gyro	407
gyroscope	166
gyu	1031
gyul	178
gyum	144
gyung	288
ha	107974
haa	341
haaa	145
haas	527
hab	199
habeas	398
haben	166
haber	217
haberdashery	135
habib	605
habibi	117
habit	11536
habitable	492
habitat	1771
habitation	224
habitats	346
habits	4723
habitual	400
habitually	141
habla	314
hablo	162
hace	151
hacer	176
hachi	413
hachiro	143
hacienda	461
hack	6138
hacked	3800
hacker	2378
hackers	1028
hackett	580
hacking	2222
hackman	191
hackney	265
hacks	599
hacksaw	339
hacky	244
had	1274537
hada	136
hadar	417
haddad	135
haddie	421
haddock	427
hades	1655
hadi	152
hadji	582
hadley	827
hadn	44545
hadn't	500000
hadrian	398
hadron	163
hadrt	202
hadst	154
hae	2083
haematoma	119
haemorrhage	406
haemorrhaging	175
haemosu	199
haeshin	193
hafiz	160
hag	2167
hagan	398
hagar	190
hagen	1102
haggard	417
haggerty	234
haggis	277
haggle	434
haggling	307
hagman	130
hagrid	177
hags	294
hague	624
hah	4418
haha	1582
hahaha	718
hahahaha	174
hahn	537
hai	1958
haider	248
haifa	271
haig	344
haiku	327
hail	11884
hailed	749
hailey	1098
hailing	755
hails	302
hailstorm	135
haim	316
haines	840
hair	101852
hairball	194
hairbrush	457
haircut	5212
haircuts	498
hairdo	895
hairdresser	2192
hairdressers	297
hairdressing	255
hairdryer	229
haired	441
hairless	521
hairline	644
hairnet	158
hairpiece	160
hairpin	607
hairpins	149
hairs	3680
hairspray	352
hairstyle	992
hairstyles	180
hairstylist	128
hairy	4402
haiti	1171
haitian	423
haitians	125
haj	196
haji	480
hajime	286
hajj	249
hajji	436
hak	301
hakam	155
hakan	341
hakata	145
hakeem	742
hakim	505
hakone	155
hakuna	177
hal	5363
hala	131
halal	244
halbach	153
halcyon	152
haldeman	152
halder	134
haldol	214
hale	2872
haleh	287
halen	217
hales	299
haley	4158
half	138527
halfback	123
halford	213
halftime	597
halfway	9225
halfwit	247
halibut	804
halifax	691
halil	309
halima	158
halina	118
halitosis	162
hall	36354
hallam	309
halle	524
hallelujah	5269
haller	215
halley	737
hallgrim	209
halliburton	154
halliday	386
hallie	810
halligan	116
halliwell	520
hallmark	591
hallmarks	186
hallo	1680
halloran	311
hallow	169
hallowed	1663
halloween	8004
hallows	145
halls	3002
hallucinate	357
hallucinated	131
hallucinating	1424
hallucination	1292
hallucinations	2052
hallucinogen	139
hallucinogenic	277
hallucinogens	126
hallway	6066
hallways	747
hallyu	138
halo	1670
haloperidol	114
halos	139
halpern	152
halpert	156
halsey	429
halstead	541
halsted	118
halston	151
halt	8189
halted	493
halter	284
halting	144
halved	205
halves	884
halvorsen	197
ham	7982
hama	204
hamada	384
hamaji	121
haman	213
hamas	323
hamburg	1828
hamburger	2814
hamburgers	1367
hamdi	151
hamed	139
hamer	152
hamid	710
hamill	214
hamilton	6063
hamish	951
hamlet	3414
hamlets	114
hamlin	211
hamm	177
hammelburg	150
hammer	11015
hammered	1454
hammerhead	593
hammerheads	131
hammering	1565
hammers	891
hammersley	235
hammersmith	259
hammerstein	158
hammett	172
hammock	802
hammocks	143
hammond	4355
hammy	297
hamoudi	168
hamp	133
hamper	719
hampered	157
hampshire	1340
hampstead	327
hampton	1302
hamptons	1271
hams	334
hamster	1623
hamsters	397
hamstring	200
hamza	347
han	9522
hana	1787
hanadarko	178
hanako	291
hanaoka	152
hanbury	123
hanbyul	222
hancock	938
hand	206247
handa	200
handbag	2003
handbags	441
handball	392
handbook	824
handbrake	345
handcrafted	183
handcuff	975
handcuffed	1304
handcuffs	4414
handed	9089
handel	264
handful	4700
handfuls	186
handgun	960
handguns	318
handheld	295
handicap	1451
handicapped	1936
handicaps	145
handing	3980
handiwork	784
handjob	244
handkerchief	3164
handkerchiefs	443
handle	67089
handlebar	131
handlebars	294
handled	7759
handler	1552
handlers	425
handles	2765
handling	7022
handmade	730
handmaiden	249
handoff	166
handout	460
handouts	427
handover	558
handpicked	332
handprint	306
handprints	134
handrail	132
hands	176291
handset	270
handshake	1873
handshakes	217
handsome	27462
handsomely	620
handsomer	135
handsomest	344
handstand	169
handsy	191
handwriting	4109
handwritten	514
handy	6634
handyman	1144
haneda	165
hanes	140
haney	138
hang	97778
hangar	1674
hangars	114
hanged	4818
hanger	821
hangers	506
hangin	1649
hanging	34808
hangings	197
hangman	873
hangnail	117
hangout	510
hangouts	149
hangover	2646
hangovers	270
hangs	4789
hangzhou	242
hani	934
hania	138
hanim	332
hanji	180
hank	18609
hanka	292
hankering	262
hankie	255
hankmed	525
hanks	731
hanky	607
hanley	585
hanlon	320
hanna	4818
hannah	12632
hannay	156
hanne	505
hannes	478
hannibal	3792
hannigan	232
hannon	139
hanoi	471
hanover	566
hans	6717
hansa	125
hansan	126
hansel	655
hansen	1884
hanseong	124
hansom	123
hanson	1963
hansson	182
hanukkah	615
hanuman	957
hanyang	172
hanzawa	209
hanzo	423
hao	772
haole	138
hap	1165
haphazard	201
hapless	331
happ	183
happen	186041
happend	518
happened	375703
happenin	666
happening	77052
happenings	323
happens	100847
happenstance	146
happier	8150
happiest	4399
happily	9592
happiness	27844
happy	262141
haps	140
hapsburg	129
haqqani	152
har	705
hara	2241
harada	317
harakiri	171
harald	819
haram	227
harans	157
harass	1434
harassed	1419
harassing	2200
harassment	3410
harbin	258
harbinger	300
harbor	6263
harbored	200
harboring	697
harbors	268
harbottle	125
harbour	2592
harbouring	191
harbours	175
harcourt	514
hard	242871
hardball	497
hardcastle	227
hardcore	1450
harden	580
hardened	1087
hardening	184
hardens	239
harder	25812
hardest	6179
hardheaded	188
hardin	420
harding	1306
hardison	741
hardly	34482
hardman	363
hardness	221
hardship	1688
hardships	1091
hardsub	268
hardware	3762
hardwick	341
hardwicke	169
hardwired	211
hardwood	438
hardworking	1082
hardy	2839
hare	2160
harebrained	188
harem	1234
hares	282
hargrave	120
hargreaves	217
hargrove	398
hari	2001
haris	162
harish	228
harishchandra	224
hark	997
harken	307
harker	692
harkin	157
harkness	360
harkonnen	302
harlan	1768
harland	183
harlee	401
harleen	129
harlem	1982
harlequin	235
harley	3001
harlin	121
harlock	120
harlon	167
harlot	687
harlots	158
harlow	502
harm	26574
harman	256
harmed	2454
harmful	1542
harming	841
harmless	5794
harmon	1492
harmonic	338
harmonica	1244
harmonics	133
harmonies	330
harmonious	518
harmonium	181
harmonize	179
harmonizing	185
harmony	5002
harms	511
harness	2423
harnessed	459
harnesses	213
harnessing	274
harold	9771
haroun	126
harp	1831
harper	7993
harpies	156
harping	369
harpo	219
harpoon	627
harpoons	131
harps	178
harpsichord	271
harpy	363
harridan	117
harriet	4311
harrigan	344
harriman	279
harrington	965
harris	9124
harrisburg	206
harrison	6412
harrods	258
harrogate	189
harrow	471
harrowing	369
harry	46028
harsh	7507
harsher	268
harshest	260
harshly	748
harshness	172
hart	3505
hartford	617
hartley	1362
hartman	738
hartmann	540
haru	775
haruhi	221
haruka	445
haruki	131
haruko	535
harumi	320
harun	166
haruna	243
haruo	236
harv	517
harvard	5148
harve	222
harvest	5655
harvested	723
harvester	299
harvesters	136
harvesting	785
harvests	258
harvey	11810
harwood	293
haryana	118
has	1035310
hasan	993
hasegawa	322
hash	2472
hashem	132
hashimoto	378
hashish	423
hashtag	806
hasidic	152
hasil	132
haskell	1292
haskins	205
hasn	70449
hasn't	600000
hass	118
hassan	2868
hasselhoff	460
hassle	2123
hassled	302
hassles	338
hassling	644
hast	1729
hasta	734
haste	2352
hasten	643
hastened	156
hastily	557
hastings	3745
hasty	2329
hat	35828
hatake	151
hatamoto	115
hatch	5398
hatchback	271
hatched	1087
hatcher	481
hatchery	124
hatches	684
hatchet	1425
hatching	512
hatchlings	163
hate	128153
hated	18529
hateful	1397
hater	535
haters	624
hates	15968
hatfield	434
hath	4323
hathaway	1042
hathaways	130
hathor	129
hathorne	184
hatice	288
hatin	133
hating	2923
hatred	6973
hats	6092
hatshepsut	155
hatsuko	158
hatter	620
hattie	1249
hatton	245
hattori	450
hatun	297
hau	283
haughty	458
haul	4731
hauled	1232
hauler	121
hauling	1443
hauls	209
haunt	3128
haunted	6247
haunting	2184
hauntings	121
haunts	1222
hauptmann	315
haus	114
hauser	798
haute	304
hav	402
hava	261
havana	1859
have	4764010
havea	241
havel	177
haven	258463
haven't	650000
havens	245
havent	421
haverford	221
havers	368
haves	176
haveto	280
haveyou	168
havin	2416
having	206106
havisham	336
havoc	1944
havre	291
haw	569
hawaii	6172
hawaiian	1846
hawaiians	127
hawes	194
hawk	5280
hawke	1000
hawker	213
hawkes	906
hawkeye	1818
hawkgirl	141
hawking	1174
hawkins	2494
hawks	1532
hawley	202
hawthorn	223
hawthorne	937
hay	4300
hayakawa	261
hayama	235
hayami	160
hayase	137
hayashi	496
hayat	774
hayato	353
hayden	2007
haydn	164
haydon	136
hayek	173
hayes	3852
hayley	2907
hayloft	133
haynes	635
hayride	250
hays	257
hayseed	129
haystack	1180
haystacks	135
hayward	701
haywire	621
haywood	210
hayworth	292
hazama	163
hazard	2607
hazardous	1028
hazards	589
haze	1135
hazel	2638
hazelnut	367
hazelnuts	121
hazelwood	167
hazing	510
hazlitt	159
hazmat	578
hazy	821
hazzard	346
hbo	724
hd	443
he	5516364
hea	239
head	266844
headache	10008
headaches	3044
headband	451
headboard	231
headbutt	126
headdress	289
headed	21258
header	569
headers	114
headfirst	259
headgear	318
headhunter	209
headhunters	151
headin	510
heading	26098
headland	149
headless	1170
headlight	450
headlights	1332
headline	2529
headliner	250
headlines	2857
headlining	199
headlock	207
headlong	297
headman	518
headmaster	3064
headmistress	782
headphones	1870
headpiece	172
headquarter	377
headquarters	12437
headroom	120
heads	30350
headscarf	142
headset	605
headsets	141
headshot	251
headshots	201
headstone	542
headstones	159
headstrong	588
headway	546
heady	396
heal	9653
healed	4405
healer	1520
healers	289
healey	493
healing	5907
heals	1292
health	34788
healthcare	796
healthier	1277
healthiest	330
healthy	20853
healy	885
heap	2855
heaped	188
heaping	120
heaps	879
hear	360665
heard	269851
heared	173
hearin	215
hearing	34211
hearings	1085
hearn	159
hears	6292
hearsay	969
hearse	1015
hearst	885
heart	213914
heartache	1244
heartaches	173
heartbeat	5062
heartbeats	606
heartbreak	1314
heartbreaker	422
heartbreakers	114
heartbreaking	979
heartbroken	1626
heartburn	674
hearted	718
heartfelt	1052
hearth	600
hearthat	125
hearties	115
heartily	609
heartland	825
heartless	2772
hearts	20232
heartstrings	243
heartthrob	171
heartwarming	282
hearty	1261
hearyou	154
heat	29645
heated	2781
heater	1953
heaters	321
heath	2009
heathcliff	500
heathen	979
heathens	568
heather	8248
heathrow	635
heating	3234
heats	618
heatstroke	163
heatwave	169
heave	2058
heaved	139
heaven	44231
heavenly	4655
heavens	11304
heaves	151
heavier	2636
heavies	171
heaviest	609
heavily	15326
heaviness	167
heaving	490
heavy	38220
heavyset	118
heavyweight	1279
heavyweights	118
hebrew	2559
hebrews	224
hebrides	172
hebron	136
hecate	195
hecht	262
heck	13118
heckle	211
heckler	167
heckling	190
hecky	141
hectares	391
hectic	1126
hector	7501
hed	129
hedda	337
hedge	1777
hedgehog	1619
hedgehogs	379
hedges	667
hedging	152
hedley	1356
hedonism	121
hedvig	200
hedwig	160
hedy	196
hee	6207
heed	2374
heeded	181
heeds	252
heel	4241
heels	7238
heep	148
heer	203
heera	264
hef	296
heffernan	241
hefner	725
heft	140
hefty	893
hegel	202
heh	20476
hehe	317
hei	709
heidegger	150
heidelberg	260
heidi	3579
heifer	461
heifers	152
heigh	127
height	8753
heighten	209
heightened	778
heights	5126
heike	133
heil	2762
heimdall	119
heimlich	403
hein	353
heine	135
heineken	274
heini	129
heinie	263
heinous	1526
heinrich	1479
heinz	873
heir	6278
heiress	890
heirloom	991
heirlooms	263
heirs	1152
heis	188
heisenberg	308
heisman	202
heist	2350
heists	238
heisuke	140
heita	138
heitor	174
heizaburo	138
hejust	237
hel	1376
held	34733
helen	17910
helena	4896
helene	1541
heleno	116
helens	141
helga	1472
helge	250
heli	115
helicopter	10980
helicopters	2234
helios	288
helipad	220
heliport	156
helium	1322
helix	542
hell	304275
hella	509
hellboy	120
hellcat	203
hellcats	219
helle	412
heller	1184
hellfire	579
hellhole	806
hellhound	131
hellinger	126
hellish	704
hellman	320
hello	1400000
hellos	153
hells	635
hellsing	197
helluva	454
helm	1778
helmand	346
helmer	238
helmet	7341
helmets	1510
helms	148
helmsley	124
helmsman	325
helmut	687
helo	580
heloise	234
help	666286
helped	41235
helper	1610
helpers	666
helpful	10173
helpin	219
helping	41832
helpings	164
helpless	6843
helplessly	343
helplessness	622
helpline	145
helps	17480
helpyou	119
helsing	599
helsinki	819
helter	163
helvetica	147
hem	864
hema	139
hemant	190
hematoma	657
hemi	119
hemingway	1094
hemisphere	1230
hemispheres	153
hemlock	546
hemmed	207
hemming	157
hemmings	125
hemoglobin	238
hemorrhage	1003
hemorrhagic	255
hemorrhaging	927
hemorrhoid	254
hemorrhoids	482
hemp	586
hen	3430
hence	4836
henceforth	1305
hench	125
henchman	529
henchmen	741
henderson	3824
hendon	120
hendricks	1032
hendrik	247
hendrix	1341
heng	188
henhouse	323
henk	204
henley	452
henna	729
hennessey	372
hennessy	486
henning	704
henny	300
henpecked	130
henri	3506
henrickson	216
henrietta	1113
henriette	448
henrik	1613
henriksen	123
henrique	140
henry	47491
hens	1450
henshaw	544
henson	556
heo	634
hep	642
heparin	268
hepatic	196
hepatitis	887
hepburn	517
hephaestus	240
her	2154982
hera	1592
heracles	133
herald	1576
heralded	138
heralds	190
herb	3677
herbal	1549
herbalife	182
herbalist	163
herbert	3021
herbie	1137
herbivores	177
herbs	2545
herc	699
herculaneum	125
hercule	526
hercules	7521
herd	5119
herded	271
herder	247
herders	175
herding	395
herds	1063
here	3138591
here's	900000
hereabouts	286
hereafter	1506
hereby	4186
hereditary	1090
heredity	203
hereford	259
herein	275
heres	163
heresy	869
heretic	852
heretical	200
heretics	642
hereto	394
heretofore	140
herewith	192
heritage	3215
herm	133
herman	4600
hermann	1276
hermano	327
hermaphrodite	197
hermes	900
hermetically	154
hermia	193
hermie	187
hermione	640
hermit	1213
hermitage	319
hermits	124
hermosa	120
hernan	193
hernandez	1079
hernando	374
herndon	120
herne	141
hernia	892
hero	42093
herod	856
heroes	11601
heroic	3908
heroically	304
heroics	499
heroin	7848
heroine	2571
heroines	270
heroism	1020
heron	447
herons	118
herot	142
herpes	1264
herr	9443
herrera	269
herrick	279
herring	1502
herrings	216
herriot	938
herrmann	661
hers	11120
herschel	363
herself	42884
hershel	213
hershey	368
hertfordshire	161
herto	354
hertz	377
hervey	123
herzog	271
hes	1155
hesitant	745
hesitantly	116
hesitate	5398
hesitated	982
hesitates	263
hesitating	788
hesitation	2007
hess	673
hesse	349
hesselboe	163
hester	1051
heston	366
het	373
hetero	318
heterosexual	873
hetman	244
hetrick	119
hetty	1871
heung	484
hew	152
hewes	962
hewitt	689
hewlett	270
hewn	125
hex	789
hexagon	117
hexagonal	130
hexenbiest	166
hey	1149292
heya	216
heyday	307
heydrich	289
heyes	323
heylia	116
heywood	481
hezbollah	274
hg	142
hh	160
hi	320316
hia	133
hiatt	122
hiatus	292
hibbert	258
hibernate	233
hibernating	271
hibernation	523
hibiscus	258
hic	233
hiccup	1856
hiccups	1313
hick	930
hickey	964
hickman	339
hickok	388
hickory	428
hicks	2013
hid	11076
hidaka	134
hidalgo	175
hidden	25143
hide	60133
hideaki	131
hideaway	512
hideki	163
hideko	199
hideo	608
hideous	3722
hideously	327
hideout	2208
hideouts	183
hides	3372
hideyoshi	420
hidin	238
hiding	40387
hie	168
hier	305
hierarchical	118
hierarchy	1032
hieroglyphics	374
hieroglyphs	301
higashi	140
higashida	156
higgins	4930
higgs	730
high	140078
highball	228
highbrow	180
higher	23354
highest	10590
highfalutin	123
highland	1082
highlander	486
highlanders	257
highlands	1103
highlight	1669
highlighted	598
highlighting	190
highlights	1355
highly	16045
highness	17174
highnesses	142
highs	576
highschool	211
highsmith	167
hightail	262
hightailed	121
hightower	460
highway	10103
highwayman	265
highwaymen	129
highways	892
higuchi	322
hija	139
hijab	226
hijack	875
hijacked	1398
hijacker	227
hijackers	439
hijacking	719
hijikata	127
hijo	314
hikari	542
hikaru	1823
hike	4118
hiked	315
hiker	219
hikers	332
hikes	183
hiking	2012
hikmet	162
hil	203
hilarious	6069
hilary	2022
hilda	3008
hilde	372
hildegard	173
hildur	142
hildy	621
hill	25054
hillary	2779
hillbillies	316
hillbilly	970
hiller	158
hilliard	392
hillier	119
hillman	463
hills	11575
hillside	853
hillsides	128
hilltop	383
hilly	424
hilt	594
hilton	1818
him	2431059
hima	140
himalaya	160
himalayan	315
himalayas	1043
himanshu	182
himawari	160
hime	131
himiko	224
himmel	142
himmler	1264
himself	109748
himura	161
himuro	114
hin	163
hina	129
hinata	221
hinault	282
hinazuki	204
hind	1375
hindenburg	463
hinder	680
hindered	228
hindering	232
hindi	1969
hindley	263
hindrance	384
hindsight	793
hindu	2033
hinduism	172
hindus	800
hindustan	235
hines	429
hing	630
hinge	508
hinged	140
hinges	1322
hinkle	196
hinkley	117
hinky	321
hino	165
hint	5757
hinted	505
hinting	526
hinton	131
hints	1194
hip	9131
hipper	124
hippie	2056
hippies	1220
hippo	1099
hippocampus	236
hippocrates	118
hippocratic	234
hippodrome	169
hippopotamus	378
hippos	440
hippy	697
hips	3846
hipster	525
hipsters	291
hira	137
hiram	439
hirano	144
hirata	168
hirayama	170
hire	16865
hired	22838
hires	887
hiring	4204
hiro	1120
hirohito	147
hiroki	280
hiroko	474
hiromi	465
hirono	205
hirose	117
hiroshi	1820
hiroshima	1378
hiroyuki	213
hirsch	443
hiruma	168
his	1666361
hisako	217
hisashi	183
hispanic	871
hispanics	139
hiss	1047
hisself	529
hisses	1972
hissing	4800
hissy	186
historian	1570
historians	913
historic	3205
historical	4774
historically	1043
histories	877
history	69119
hit	177770
hitch	2688
hitchcock	1284
hitched	1279
hitchens	157
hitches	132
hitchhike	434
hitchhiked	202
hitchhiker	451
hitchhikers	246
hitchhiking	532
hitching	404
hither	886
hitherto	287
hitler	16449
hitman	872
hitmen	167
hitomi	690
hitori	163
hitoshi	172
hitotsu	159
hits	15034
hitter	799
hitters	339
hittin	448
hitting	16244
hittite	167
hittites	197
hiv	2051
hive	1835
hives	852
hiya	6746
hiyah	266
hjalmar	296
hk	1618
hm	21429
hmm	102607
hmmm	2258
hmmmm	158
hmmph	171
hmo	217
hmong	121
hmph	1612
hms	380
ho	29883
hoa	162
hoagie	260
hoard	487
hoarded	121
hoarder	269
hoarders	129
hoarding	540
hoarse	498
hoarsely	187
hoax	1761
hob	146
hobart	467
hobbes	652
hobbies	1714
hobbit	624
hobbits	226
hobble	215
hobbled	116
hobbling	121
hobbs	1552
hobby	5399
hobgoblin	123
hobie	402
hobo	1071
hoboken	337
hobos	270
hobson	786
hoc	182
hochstetter	367
hock	791
hocked	171
hockey	6389
hockney	223
hocks	131
hocus	222
hod	147
hodder	127
hodge	621
hodges	1345
hodgins	1743
hodiak	141
hodja	687
hodor	163
hoe	797
hoedown	255
hoes	502
hofer	177
hoff	335
hoffa	291
hoffman	2295
hoffmann	324
hoffmans	145
hofstadter	122
hog	2850
hogan	4595
hogarth	289
hogg	331
hogging	507
hogs	808
hogue	131
hogwarts	356
hogwash	333
hoh	228
hoho	152
hoi	749
hoist	1163
hoisted	337
hoisting	115
hojo	174
hokage	296
hoke	209
hokey	294
hokkaido	866
hokuto	129
hol	526
hola	2467
holbrook	426
holcomb	150
hold	262367
holden	2908
holder	1969
holders	633
holdin	664
holding	46938
holdings	1118
holdout	120
holds	11004
holdup	1014
hole	40658
holed	1430
holes	11505
holger	471
holi	430
holiday	19399
holidays	8107
holier	164
holies	158
holiest	370
holiness	2893
holistic	331
holl	174
holla	567
holland	4229
hollandaise	254
hollander	392
holler	2165
hollered	210
hollerin	116
hollering	846
hollers	203
holley	128
holli	638
holliday	502
holling	816
hollingsworth	159
hollis	1575
hollister	468
hollow	4761
holloway	943
hollowed	210
hollows	179
holly	12610
hollywood	15691
holm	591
holman	338
holmes	8509
holocaust	1363
holodeck	615
hologram	1444
holograms	327
holographic	691
holosuite	192
holst	287
holstein	114
holster	938
holt	3787
holtz	243
holy	51499
holyfield	143
hom	189
homage	1318
hombre	808
hombres	210
home	556894
homeboy	869
homeboys	262
homecoming	2614
homegirl	196
homegrown	259
homeland	5720
homeless	9106
homelessness	204
homely	501
homemade	2871
homemaker	268
homeopathic	161
homeowner	402
homeowners	368
homepage	149
homer	7887
homeroom	773
homerun	184
homes	11826
homeschool	123
homeschooled	136
homesick	1421
homespun	123
homestead	584
homesteaders	124
hometown	3828
homeward	252
homework	13202
homeworld	619
homey	1817
homeys	198
homicidal	1069
homicide	11008
homicides	1030
homie	1748
homies	715
homing	967
homme	123
homo	2750
homoerotic	114
homophobe	208
homophobia	248
homophobic	647
homos	452
homosexual	2955
homosexuality	1123
homosexuals	1032
homunculus	193
hon	7387
honcho	295
honda	1280
hondo	376
honduras	429
hone	488
honed	342
honest	56234
honestly	31501
honesty	6350
honey	135631
honeybee	212
honeybees	135
honeybun	138
honeybunch	118
honeybunny	143
honeycomb	289
honeycutt	191
honeydew	180
honeymoon	9650
honeymooners	202
honeys	442
honeysuckle	257
hong	14048
hongkong	184
honing	218
honk	2000
honked	145
honking	8117
honks	4744
honky	534
honnold	182
honolulu	1192
honor	62722
honorable	5282
honorably	367
honorary	1074
honore	239
honored	7316
honoria	278
honoring	913
honors	2626
honour	20377
honourable	2333
honourably	131
honoured	2402
honouring	211
honours	1001
honza	164
hoo	4760
hooah	114
hooch	807
hoochie	209
hood	10873
hooded	754
hoodie	1057
hoodies	188
hoodlum	619
hoodlums	750
hoodoo	210
hoods	934
hoodwinked	149
hooey	245
hoof	1039
hoofbeats	365
hoofs	165
hook	20015
hookah	182
hooke	166
hooked	8265
hooker	6042
hookers	2395
hookfang	312
hooking	2026
hooks	2106
hookup	545
hookups	153
hooky	705
hooli	188
hooligan	719
hooliganism	197
hooligans	917
hoon	580
hoop	1265
hooper	993
hoopla	194
hoops	1381
hoorah	198
hooray	4212
hoosegow	115
hoosier	121
hoot	1363
hooten	336
hooter	352
hooters	556
hootie	163
hooting	1604
hoots	766
hoover	2194
hoovering	117
hooves	1446
hop	10501
hope	226993
hoped	11315
hopeful	2122
hopefully	14389
hopefuls	150
hopeless	7445
hopelessly	997
hopelessness	314
hopes	11409
hopewell	141
hopi	208
hopin	495
hoping	37769
hopkins	2159
hopkirk	118
hopped	1144
hopper	1581
hoppers	145
hopping	1221
hoppy	298
hops	564
hopscotch	257
hora	338
horace	2751
horacio	225
horatio	2360
horde	824
hordes	634
hori	220
horik	139
horizon	4284
horizons	1033
horizontal	1324
horizontally	273
horlicks	133
hormonal	642
hormone	1353
hormones	2785
horn	22716
hornblower	558
horne	479
horned	367
horner	268
hornet	922
hornets	432
horns	6541
hornsby	145
hornstock	171
horny	5357
horoscope	1340
horoscopes	396
horowitz	425
horrendous	945
horrible	32492
horribly	1995
horrid	1492
horrific	1829
horrified	1243
horrifying	1296
horror	8635
horrors	1671
hors	999
horse	62923
horseback	1541
horsehair	122
horseman	1440
horsemen	978
horseplay	161
horsepower	1605
horseradish	310
horses	27542
horseshit	743
horseshoe	636
horseshoes	341
horsey	529
horsie	184
horsing	316
horst	718
horsy	116
hortense	606
hortensia	157
horticulture	141
horton	999
horus	355
horvath	214
hos	810
hosanna	332
hose	4157
hosea	114
hosed	243
hoses	562
hoshi	619
hoshino	270
hosing	134
hoskins	524
hosokawa	131
hospice	934
hospitable	671
hospital	98076
hospitalised	169
hospitality	3562
hospitalization	196
hospitalized	1247
hospitals	5457
hoss	1598
hossein	198
host	11183
hostage	9667
hostages	6367
hosted	809
hostel	1986
hostels	168
hostess	2748
hostesses	300
hostetler	116
hostile	5297
hostiles	605
hostilities	467
hostility	1502
hosting	2062
hosts	1682
hot	123994
hotaru	290
hotbed	223
hotcakes	266
hotch	1106
hotchkiss	230
hotchner	398
hotdog	446
hotdogs	265
hotel	70659
hotels	4429
hothead	517
hotheaded	186
hotheads	117
hothouse	161
hotline	1030
hotly	126
hotness	264
hotpot	165
hots	863
hotshot	1356
hotshots	151
hotspot	209
hotter	3339
hottest	3501
hottie	1286
hotties	365
hotwire	128
hou	617
houdini	1412
houghton	222
houlihan	449
hound	2470
hounded	427
hounding	577
hounds	1281
hour	112782
hourglass	535
hourly	601
hours	151156
house	388585
houseboat	508
houseboy	244
housebroken	145
housecleaning	126
housed	722
houseful	127
houseguest	312
houseguests	178
household	5802
households	488
housekeeper	3406
housekeepers	188
housekeeping	1501
housemaid	505
houseman	274
housemate	130
housemates	182
houses	18338
housewarming	711
housewife	2297
housewives	1351
housework	1019
housing	4846
houston	5532
hove	159
hovel	382
hover	947
hovercraft	297
hovered	180
hovering	1384
hovers	210
hovv	339
how	2140365
how's	600000
howard	16500
howards	166
howdy	5267
howe	1096
howell	771
however	40098
howie	1852
howl	1874
howled	187
howler	141
howling	5459
howls	1579
hows	371
howser	185
howto	213
howyou	158
hoy	397
hoyle	479
hoynes	317
hoyt	1120
hp	565
hpd	597
hpv	150
hq	2830
hr	1259
hrithik	124
hrothgar	137
hrs	247
hrt	174
hs	238
hsi	114
hsia	217
hsiang	197
hsiao	415
hsien	145
hsing	170
hsu	392
ht	750
hu	2260
hua	2014
huai	196
huan	211
huang	2293
hub	1519
hubba	398
hubbard	800
hubbell	225
hubble	1273
hubbub	384
hubby	2099
hubcaps	182
huber	311
huberman	184
hubert	1746
hubie	130
hubot	206
hubots	115
hubris	404
hubs	144
huck	1606
huckleberry	451
hud	439
huddle	1130
huddled	519
hudson	5067
hue	734
huer	190
huerta	200
hues	218
huevos	252
huey	1445
huff	961
huffing	381
huffs	572
huffy	283
hug	16724
huge	51581
hugely	974
hugged	1728
hugger	329
hugging	2447
huggins	267
huggy	316
hugh	5614
hughes	3177
hughie	261
hugo	5436
hugs	1978
huguette	156
huh	274656
hui	1268
hula	725
hulk	4376
hulks	278
hull	3305
hullabaloo	193
hullen	120
hullo	274
hulls	140
hulme	123
hum	3428
huma	124
human	102595
humane	1339
humanely	156
humanichs	128
humanism	145
humanist	199
humanitarian	1363
humanities	205
humanity	10845
humanize	117
humankind	1014
humanly	590
humanoid	724
humanoids	219
humans	22912
humber	120
humbert	148
humberto	126
humble	7837
humbled	704
humblest	126
humbling	336
humbly	1470
humboldt	299
humbug	530
humdinger	145
humdrum	231
hume	353
humerus	230
humid	736
humidifier	140
humidity	1100
humidor	121
humiliate	2929
humiliated	4801
humiliates	172
humiliating	4067
humiliation	3350
humiliations	172
humility	1622
humm	123
hummed	127
hummel	252
hummer	586
humming	9986
hummingbird	529
hummingbirds	214
hummus	534
humongous	423
humor	8919
humoring	165
humorless	114
humorous	748
humour	3396
hump	2617
humpback	309
humpbacks	141
humped	240
humph	441
humphrey	2474
humphreys	186
humphries	302
humping	923
humps	365
humpty	683
hums	1897
humvee	456
hun	1266
hunahpu	252
hunan	185
hunch	4408
hunchback	770
hunched	281
hunches	418
hundred	49823
hundreds	19379
hundredth	363
hung	18378
hungarian	2555
hungarians	501
hungary	1839
hunger	8049
hungover	587
hungrier	279
hungry	55259
hungy	132
hunh	176
hunk	2388
hunker	207
hunks	194
hunky	444
hunnicutt	445
huns	461
hunt	21068
hunted	3560
hunter	15097
hunters	5768
huntin	242
hunting	19043
huntingdon	114
huntington	721
huntley	532
huntress	300
hunts	1159
huntsman	309
huntsmen	856
huntsville	220
huo	395
hup	2103
hur	426
hurdle	772
hurdles	540
hurl	952
hurled	524
hurley	993
hurling	326
hurls	119
huron	177
hurrah	2097
hurray	2077
hurricane	4245
hurricanes	678
hurried	996
hurriedly	215
hurries	204
hurry	130182
hurrying	964
hurst	348
hurt	161421
hurtful	1138
hurtin	348
hurting	15089
hurtling	328
hurts	30804
hury	278
hus	165
husband	159394
husbandry	145
husbands	5387
hush	6469
hushed	744
husk	349
huskies	237
husks	147
husky	561
hussain	467
hussar	121
hussars	170
hussein	1480
hussy	748
hustle	3333
hustled	388
hustler	1103
hustlers	353
hustling	828
huston	305
hut	7776
hutch	1561
hutchings	115
hutchins	209
hutchinson	552
huts	911
hutt	158
hutton	1319
hutu	166
huw	169
huxley	636
huxtable	284
huygens	190
huzzah	421
hwa	1812
hwan	858
hwang	2544
hy	362
hyacinth	769
hyah	4376
hyatt	339
hybrid	2176
hybrids	692
hyde	2716
hyderabad	1194
hydra	1614
hydrangeas	190
hydrant	540
hydrate	360
hydrated	424
hydration	183
hydraulic	914
hydraulics	463
hydro	332
hydrocarbons	183
hydrochloric	268
hydroelectric	188
hydrogen	2928
hydroponic	176
hydroponics	150
hydrothermal	123
hydroxide	238
hye	1180
hyena	854
hyenas	748
hyeok	250
hyeon	519
hyeong	404
hyeongnim	122
hygiene	1657
hygienic	409
hygienist	297
hymen	325
hymie	493
hymn	1299
hymns	681
hyneman	228
hynes	118
hyo	1218
hyoid	235
hype	1019
hyped	242
hyper	822
hyperactive	263
hyperbaric	131
hyperbole	167
hyperdrive	370
hyperion	292
hypersensitive	126
hyperspace	714
hypertension	367
hypertensive	156
hyperventilate	148
hyperventilating	444
hyphen	144
hypnosis	1504
hypnotherapy	144
hypnotic	755
hypnotise	116
hypnotised	193
hypnotism	309
hypnotist	363
hypnotize	621
hypnotized	1023
hypnotizing	145
hypo	187
hypochondriac	332
hypocrisy	1285
hypocrite	2598
hypocrites	802
hypocritical	885
hypodermic	342
hypotensive	265
hypotenuse	167
hypothalamus	198
hypothermia	717
hypothermic	172
hypotheses	234
hypothesis	1891
hypothetical	1394
hypothetically	1424
hypoxia	237
hypoxic	123
hysterectomy	320
hysteria	1268
hysteric	143
hysterical	3868
hysterically	746
hysterics	362
hyuga	288
hyuk	1059
hyun	3821
hyundai	222
hyung	2448
hyungnim	463
hyunto	190
i	27086011
i'd	1500000
i'll	2000000
i'm	2500000
i've	1800000
ia	1550
iab	353
iad	232
iadc	236
iago	271
iain	235
iam	219
ian	12239
ianto	211
iarge	119
iast	1560
iaw	424
ib	198
iben	312
iberian	137
ibex	149
ibis	260
ibiza	634
ibm	764
ibn	493
ibo	138
ibrahim	1212
ibs	157
ibsen	214
ibuprofen	324
ic	201
icac	165
icarly	267
icarus	667
icc	175
ice	57545
iceberg	1563
icebergs	279
icebox	669
icebreaker	263
icecream	199
iced	2407
iceland	1966
icelandic	552
iceman	516
ices	192
ich	1244
ichabod	550
ichelangelo	235
ichi	1012
ichigo	230
ichikawa	261
ichiro	481
ici	315
icicle	282
icicles	230
icing	1214
ick	343
icky	542
ico	209
icon	1666
iconic	1116
iconography	138
icons	572
icu	1726
icy	2228
id	16835
ida	2709
idaho	1322
ide	186
idea	263097
ideal	8087
idealism	457
idealist	586
idealistic	541
idealists	154
idealized	171
ideally	778
ideals	2596
ideas	32182
ident	197
identical	5062
identifiable	304
identification	4483
identified	8056
identifies	525
identify	12538
identifying	1484
identities	1870
identity	15281
ideological	597
ideologically	115
ideologies	259
ideology	1278
ides	183
idi	144
idiocy	477
idiom	203
idiot	62357
idiotic	2438
idiots	12614
idle	2953
idleness	287
idling	578
idly	607
ido	186
idol	6759
idolatry	143
idolize	162
idolized	273
idols	1040
idon	154
idris	331
ids	1478
idyll	119
idyllic	394
ie	801
iearn	378
iearned	128
ieast	1047
ied	490
ieds	167
ieft	685
ieji	149
iet	3384
ieyasu	484
if	2630800
ife	246
iff	125
iffy	374
ifhe	539
ifi	252
ifield	170
ifit	262
ifl	835
ifs	1674
ifthat	158
ifthe	294
ifthere	207
ifthey	323
ifthis	114
ifwe	827
ifyou	3447
ig	450
iga	488
igarashi	171
iggy	682
ight	1475
iglesias	225
igloo	357
ignacio	875
ignasi	182
ignatius	246
ignazio	147
ignite	1078
ignited	632
ignites	297
igniting	195
ignition	2407
ignoble	160
ignominious	124
ignoramus	265
ignorance	3278
ignorant	4919
ignore	15550
ignored	4896
ignores	750
ignoring	3780
igor	3079
igt	310
iguana	653
iguanas	248
iguchi	126
ihab	244
ihop	186
ii	44152
iib	203
iife	2165
iii	3766
iike	8435
iin	142
iittle	751
iive	381
ij	120
ijust	517
ik	288
ikari	231
ike	4009
ikea	561
ikebukuro	168
ikeda	264
iko	141
iku	169
il	3870
ila	139
ilan	201
ilana	1064
ilaria	175
ilene	236
iliac	136
iliad	170
ilija	136
iljimae	206
ilk	244
ill	24763
illegal	19658
illegally	2591
illegals	409
illegible	153
illegitimate	1283
illicit	968
illinois	2236
illiteracy	124
illiterate	1281
illness	8825
illnesses	802
illogical	699
ills	378
illuminate	628
illuminated	577
illuminates	226
illuminati	275
illuminating	478
illumination	387
illusion	6299
illusionist	187
illusions	2060
illusory	134
illustrate	617
illustrated	776
illustrates	251
illustrating	128
illustration	402
illustrations	506
illustrator	276
illustrious	1115
illyria	126
ilona	427
ils	157
ilsa	474
ilse	358
ily	188
ilya	716
ilyas	116
ilyich	239
im	6553
ima	572
image	21669
imagery	957
images	9802
imaginable	706
imaginary	3402
imagination	13415
imaginations	674
imaginative	853
imagine	71873
imagined	10353
imagines	478
imaging	1206
imagining	3821
imaginings	126
imai	175
imam	1105
iman	164
imbalance	642
imbecile	2240
imbeciles	551
imbedded	130
imbibe	130
imbued	260
imelda	181
imf	396
imhotep	132
imi	184
imitate	1331
imitated	257
imitates	3001
imitating	3224
imitation	1378
imitations	275
imma	122
immaculate	893
immanuel	136
immaterial	503
immature	2277
immaturity	149
immeasurable	309
immeasurably	127
immediate	8061
immediately	47938
immediatly	114
immemorial	196
immense	2772
immensely	1063
immensity	162
immerse	436
immersed	815
immersion	385
immigrant	1661
immigrants	2366
immigrated	228
immigration	3656
imminent	2189
immobile	277
immobilize	162
immobilized	228
immodest	138
immoral	1973
immorality	301
immortal	4976
immortality	2072
immortalize	115
immortalized	199
immortals	618
immovable	202
immune	3674
immunities	114
immunity	8186
immutable	162
imogen	477
imogene	201
imp	415
impact	11206
impacted	491
impacting	151
impacts	657
impair	149
impaired	901
impairment	249
impala	444
impale	183
impaled	478
impart	446
imparted	131
impartial	870
impartiality	149
impassable	236
impasse	381
impassioned	196
impatience	554
impatient	3283
impatiently	249
impeach	193
impeached	158
impeachment	320
impeccable	1332
impeccably	163
impede	326
impeded	116
impediment	488
impeding	217
impending	907
impenetrable	866
imperative	1668
imperceptible	137
imperfect	898
imperfection	300
imperfections	404
imperial	7073
imperialism	561
imperialist	371
imperialists	194
imperious	145
impersonal	480
impersonate	520
impersonated	192
impersonating	974
impersonation	430
impersonations	119
impersonator	391
impersonators	131
impertinence	435
impertinent	858
impervious	386
impetuous	547
impetus	191
implacable	197
implant	1711
implantation	148
implanted	975
implanting	124
implants	1473
implausible	182
implement	1321
implementation	361
implemented	594
implementing	334
implements	246
implicate	803
implicated	966
implicates	165
implicating	289
implication	638
implications	1421
implicit	243
implicitly	314
implied	1322
implies	1294
implode	310
imploded	180
imploding	116
implore	1095
implored	151
imploring	117
implosion	363
imply	1389
implying	2622
impolite	931
import	1723
importance	7014
important	164386
importantly	5376
importation	140
imported	2167
importer	232
importing	448
imports	671
impose	2262
imposed	1322
imposes	206
imposing	1085
imposition	432
impossibility	469
impossible	53527
impossibly	367
imposter	963
imposters	182
impostor	1249
impostors	208
impotence	576
impotent	1658
impound	811
impounded	489
impoverished	477
impractical	494
impregnable	427
impregnate	258
impregnated	440
impresario	238
impress	7819
impressed	14417
impresses	366
impressing	390
impression	13849
impressionable	557
impressionism	174
impressionist	307
impressionists	231
impressions	2150
impressive	15272
impressively	116
imprint	889
imprinted	367
imprints	181
imprison	641
imprisoned	3107
imprisoning	155
imprisonment	2153
improbable	692
impromptu	520
improper	1082
improperly	296
impropriety	248
improv	775
improve	7114
improved	4226
improvement	3128
improvements	1043
improves	704
improving	2161
improvisation	443
improvise	1680
improvised	737
improvising	492
imprudent	235
impudence	490
impudent	709
impulse	3362
impulses	1429
impulsive	1972
impulsively	182
impunity	420
impure	701
impurities	265
impurity	171
imran	289
imre	223
in	7337058
ina	542
inaba	134
inability	1155
inaccessible	511
inaccurate	555
inaction	172
inactive	457
inadequacy	196
inadequate	1104
inadmissible	637
inadvertently	700
inalienable	157
inane	242
inanimate	398
inappropriate	4992
inappropriately	363
inari	180
inasmuch	163
inaudible	5343
inaudibly	322
inaugural	447
inaugurate	271
inaugurated	250
inauguration	883
inauspicious	323
inbound	677
inbox	276
inbred	409
inbreeding	181
inc	1983
inca	1045
incalculable	164
incan	165
incandescent	177
incantation	492
incantations	177
incapable	2832
incapacitate	163
incapacitated	561
incapacity	116
incarcerate	121
incarcerated	928
incarceration	599
incarnate	491
incarnation	519
incarnations	124
incas	383
ince	116
incendiary	465
incense	1586
incensed	197
incentive	1306
incentives	367
inception	294
incessant	391
incessantly	334
incest	832
incestuous	269
inch	7906
incheon	351
inches	7524
inching	122
incidence	250
incident	17339
incidental	310
incidentally	2055
incidentals	127
incidents	2796
incinerate	304
incinerated	546
incinerator	491
incision	1376
incisions	291
incisor	141
incisors	163
incite	507
incited	287
incitement	146
inciting	444
inclination	619
inclinations	166
incline	281
inclined	2456
include	7716
included	6201
includes	4161
including	23813
inclusion	276
inclusive	348
incognito	641
incoherent	419
incoherently	285
income	6446
incomes	207
incoming	4492
incommunicado	126
incomparable	578
incompatible	468
incompetence	1177
incompetent	2620
incompetents	134
incomplete	2198
incomprehensible	856
inconceivable	693
inconclusive	757
inconsequential	277
inconsiderate	753
inconsistencies	396
inconsistency	167
inconsistent	728
inconsolable	240
inconspicuous	381
incontinence	215
incontinent	193
incontrovertible	162
inconvenience	2437
inconvenienced	346
inconveniences	152
inconvenient	1706
incorporate	866
incorporated	1345
incorporates	122
incorporating	264
incorporation	140
incorrect	1594
incorrectly	425
incorrigible	566
incorruptible	225
increase	10629
increased	5246
increases	2592
increasing	4021
increasingly	2693
incredible	31786
incredibly	12408
incredulous	142
increments	155
incriminate	799
incriminated	124
incriminating	1118
incubation	295
incubator	508
incubus	135
incumbent	410
incur	364
incurable	919
incurred	477
incursion	285
ind	298
indebted	1323
indecency	287
indecent	1562
indecipherable	136
indecision	263
indecisive	412
indeed	41591
indeedy	219
indefensible	153
indefinite	382
indefinitely	1401
indelible	267
indelicate	191
indemnity	244
indentation	217
indentations	162
indentured	191
independence	5562
independent	8539
independently	932
independents	159
inder	234
indescribable	440
indestructible	1077
indeterminate	167
index	1918
india	20682
indian	21049
indiana	2898
indianapolis	629
indians	9616
indicate	5517
indicated	2159
indicates	3738
indicating	1197
indication	2643
indications	906
indicative	433
indicator	779
indicators	461
indict	629
indicted	1068
indictment	1829
indictments	354
indie	750
indies	933
indifference	1067
indifferent	1616
indigenous	1220
indigent	159
indigestion	1102
indignant	297
indignation	474
indignities	133
indignity	329
indigo	552
indio	187
indira	245
indirect	423
indirectly	691
indiscreet	592
indiscretion	568
indiscretions	331
indiscriminate	259
indiscriminately	247
indispensable	965
indisposed	676
indisputable	270
indistinct	27777
indistinctly	9127
indistinguishable	238
individual	11409
individualism	180
individuality	525
individually	1273
individuals	4893
indivisible	206
indochina	325
indoctrinated	129
indoctrination	171
indomitable	205
indonesia	1376
indonesian	589
indoor	1168
indoors	1818
indra	460
indu	416
indubitably	141
induce	1040
induced	918
inducement	153
induces	224
inducing	249
inducted	160
induction	602
indulge	2216
indulged	471
indulgence	763
indulgences	177
indulgent	321
indulging	549
industrial	5375
industrialist	611
industrialists	294
industrialized	167
industries	3270
industrious	379
industry	13143
indy	648
ine	305
inebriated	315
inedible	252
ineffective	554
ineffectual	187
inefficiency	185
inefficient	473
ineligible	119
inept	467
ineptitude	150
inequality	423
inert	370
inertia	367
inertial	188
ines	417
inescapable	373
inevitability	214
inevitable	4826
inevitably	1416
inexcusable	566
inexhaustible	245
inexorable	163
inexorably	167
inexpensive	486
inexperience	241
inexperienced	1115
inexplicable	700
inexplicably	323
inextricably	162
inez	834
infact	344
infallible	599
infamous	2134
infamy	482
infancy	430
infant	2932
infanta	140
infanticide	126
infantile	390
infantry	2336
infants	735
infarction	213
infatuated	562
infatuation	566
infect	1197
infected	7711
infecting	445
infection	7108
infections	960
infectious	1239
infects	282
infeld	189
infer	376
inference	224
inferior	2132
inferiority	445
infernal	962
inferno	1175
inferred	123
inferring	114
infertile	363
infertility	244
infestation	468
infested	791
infidel	645
infidelities	116
infidelity	1005
infidels	564
infield	239
infighting	158
infiltrate	1512
infiltrated	1204
infiltrating	375
infiltration	517
infiltrator	142
infiltrators	161
infinite	3780
infinitely	1059
infinitesimal	139
infinity	1648
infirm	218
infirmary	2314
infirmity	132
inflame	218
inflamed	577
inflammation	773
inflammatory	384
inflatable	660
inflate	497
inflated	577
inflating	187
inflation	1399
inflection	146
inflexible	278
inflict	1061
inflicted	1247
inflicting	401
influence	13066
influenced	2350
influences	1111
influencing	414
influential	2043
influenza	462
influx	334
info	4533
infomercial	248
inform	12745
informal	1187
informally	364
informant	3219
informants	842
information	71840
informational	131
informations	147
informative	541
informed	10853
informer	1604
informers	458
informing	1367
informs	604
infraction	298
infractions	204
infrared	1644
infrastructure	1385
infringement	327
infront	381
infuriated	241
infuriating	482
infuse	211
infused	423
infuser	214
infusion	466
ing	1834
inga	739
inge	760
ingeborg	211
ingenious	2075
ingenue	138
ingenuity	1023
inger	522
ingest	358
ingested	636
ingesting	197
ingestion	177
ingles	205
inglewood	164
ingmar	358
ingots	171
ingrained	256
ingram	606
ingrate	430
ingrates	169
ingratiate	140
ingratitude	295
ingredient	2284
ingredients	4247
ingrid	3262
ingrown	145
inhabit	639
inhabitant	170
inhabitants	2200
inhabited	1095
inhabiting	151
inhabits	148
inhalation	489
inhale	1778
inhaled	569
inhaler	862
inhales	5957
inhaling	936
inherent	685
inherently	486
inherit	3068
inheritance	4051
inherited	3965
inheriting	286
inherits	330
inhibit	236
inhibited	260
inhibition	165
inhibitions	639
inhibitor	356
inhibitors	195
inhospitable	383
inhuman	1605
inhumane	483
inhumanity	172
inhumans	362
inigo	241
inimitable	145
iniquity	322
initial	5314
initially	2688
initials	2472
initiate	2218
initiated	1877
initiates	199
initiating	825
initiation	1338
initiative	3759
initiatives	366
inject	1995
injected	1980
injecting	696
injection	3890
injections	1470
injector	229
injectors	178
injects	139
inju	145
injun	499
injunction	930
injuns	342
injure	768
injured	12251
injuries	7735
injuring	291
injurious	280
injury	9265
injustice	3650
injustices	265
ink	5936
inked	146
inkling	586
inks	122
inky	276
inlaid	130
inland	1470
inlet	299
inman	211
inmate	2594
inmates	3332
inn	7578
inna	151
innards	328
innate	585
inner	8942
innermost	444
inning	822
innings	559
innit	3653
innkeeper	779
innocence	5860
innocent	42962
innocently	413
innocents	1061
innocuous	301
innovate	161
innovation	1386
innovations	427
innovative	1087
innovator	199
innovators	160
inns	261
innsbruck	114
innuendo	483
innumerable	281
ino	194
inoculate	124
inoculated	189
inoculation	205
inoculations	129
inoffensive	123
inoperable	421
inoperative	155
inopportune	163
inordinate	154
inorganic	182
inoue	480
input	2349
inputs	213
inquest	1100
inquire	1376
inquired	459
inquiries	1412
inquiring	594
inquiry	3881
inquisition	1347
inquisitive	655
inquisitor	540
inroads	160
ins	847
insane	26788
insanely	962
insanity	3646
insatiable	833
inscribe	122
inscribed	602
inscription	1343
inscriptions	355
inscrutable	251
insect	3188
insecticide	321
insects	5051
insecure	2574
insecurities	493
insecurity	799
inseminated	204
insemination	377
insensible	128
insensitive	2219
insensitivity	154
inseparable	1071
insert	2087
inserted	954
inserting	318
insertion	322
inserts	211
inshallah	204
inshun	242
inside	174081
insider	1068
insiders	265
insides	1437
insidious	572
insight	3076
insightful	538
insights	795
insignia	525
insignificance	123
insignificant	1877
insincere	300
insinuate	309
insinuated	181
insinuating	897
insinuation	203
insinuations	295
insipid	260
insist	13332
insisted	7645
insistence	514
insistent	887
insisting	1819
insists	2957
insofar	173
insolence	1033
insolent	1554
insomnia	1245
insomniac	196
inspect	2078
inspected	736
inspecting	515
inspection	4604
inspections	469
inspector	34442
inspectors	1243
inspiration	6778
inspirational	1075
inspirations	163
inspire	3080
inspired	8287
inspires	1076
inspiring	2659
inspite	173
instability	622
instagram	1229
install	2378
installation	1310
installations	458
installed	3608
installing	783
installment	667
installments	675
installs	123
instalment	220
instalments	243
instance	10371
instances	656
instant	7872
instantaneous	598
instantaneously	296
instantly	4737
instead	71571
instigate	279
instigated	412
instigating	175
instigator	200
instill	336
instilled	289
instinct	6463
instinctive	481
instinctively	733
instincts	5196
instinctual	141
institute	6870
instituted	332
institutes	149
institution	4978
institutional	365
institutionalized	398
institutions	1891
instruct	1339
instructed	3011
instructing	365
instruction	2121
instructional	140
instructions	11252
instructive	322
instructor	3954
instructors	565
instructs	195
instrument	5908
instrumental	7146
instrumentation	176
instruments	4783
insubordinate	281
insubordination	789
insufferable	657
insufficient	1127
insulate	217
insulated	378
insulating	135
insulation	631
insulin	1568
insult	9659
insulted	4707
insulting	3933
insults	2121
insurance	23218
insure	716
insured	1666
insurgency	262
insurgent	290
insurgents	714
insurmountable	316
insurrection	491
int	345
intact	5064
intake	1241
intangible	263
integra	123
integral	700
integrate	613
integrated	999
integrating	171
integration	785
integrity	5104
intel	6106
intellect	1567
intellectual	3975
intellectually	618
intellectuals	975
intelligence	18945
intelligent	11251
intelligently	246
intelligentsia	146
intend	15570
intendant	165
intended	8563
intending	920
intends	1763
intense	10734
intensely	1072
intensified	377
intensifies	991
intensify	273
intensifying	182
intensity	1856
intensive	1960
intensively	146
intent	4670
intention	10035
intentional	1215
intentionally	2211
intentions	6482
intently	271
intents	411
inter	477
interact	1488
interacted	206
interacting	629
interaction	1462
interactions	531
interactive	518
interacts	163
interagency	151
intercede	347
intercept	2585
intercepted	1775
intercepting	258
interception	301
interceptor	331
interceptors	212
intercepts	253
interchange	185
interchangeable	221
intercom	2453
interconnected	321
intercontinental	232
intercostal	140
intercourse	2396
interdimensional	251
interest	39252
interested	61029
interesting	65082
interestingly	669
interests	10866
interface	1310
interfere	8394
interfered	1172
interference	3660
interferes	565
interfering	2911
interferon	147
intergalactic	694
interim	823
interior	4693
interiors	286
interject	228
interlock	196
interlocking	174
interloper	159
interlude	336
intermediary	385
intermediate	370
interminable	193
intermission	681
intermittent	420
intermittently	129
intern	3719
internal	9988
internally	900
international	16875
internationale	142
internationally	617
interned	332
internet	600000
interning	166
internment	319
interns	1385
internship	1725
interpersonal	231
interplanetary	428
interplay	122
interpol	2406
interposing	163
interpret	1956
interpretation	2199
interpretations	272
interpreted	856
interpreter	1732
interpreters	160
interpreting	411
interpretive	133
interprets	131
interracial	253
interred	171
interrogate	2174
interrogated	1501
interrogating	1052
interrogation	5225
interrogations	529
interrogator	331
interrogators	173
interrupt	12088
interrupted	3608
interrupting	5236
interruption	1367
interruptions	700
interrupts	245
intersect	897
intersection	1761
intersections	144
interstate	1129
interstellar	731
intertwined	443
interval	851
intervals	794
intervene	2137
intervened	798
intervenes	139
intervening	304
intervention	3177
interventions	237
interview	27692
interviewed	3873
interviewer	1721
interviewing	2321
interviews	4891
intestinal	529
intestine	783
intestines	1315
inthe	332
intifada	121
intimacy	2189
intimate	5967
intimated	140
intimately	817
intimidate	1608
intimidated	2036
intimidating	1689
intimidation	907
into	655747
intolerable	1212
intolerance	427
intolerant	633
intonation	133
intoxicate	115
intoxicated	1261
intoxicating	886
intoxication	1129
intracranial	258
intractable	149
intravenous	296
intravenously	120
intrepid	596
intricacies	165
intricate	933
intrigue	1076
intrigued	1831
intrigues	486
intriguing	2327
intrinsic	217
intrinsically	131
intro	1630
introduce	27302
introduced	8900
introduces	452
introducing	2686
introduction	3199
introductions	931
introductory	229
introspection	142
introspective	135
introvert	124
introverted	223
intrude	1697
intruded	241
intruder	3084
intruders	1532
intruding	1244
intrusion	1619
intrusive	405
intubate	598
intubated	284
intubation	394
intuition	2589
intuitive	697
intuitively	147
inuit	340
inundated	206
inuyasha	236
invade	2638
invaded	2868
invader	549
invaders	1626
invades	325
invading	1464
invalid	1572
invalidate	141
invalids	139
invaluable	1285
invariably	477
invasion	6544
invasions	331
invasive	575
invent	3670
invented	11131
inventing	1011
invention	5116
inventions	1450
inventive	695
inventor	1676
inventors	377
inventory	3408
invents	299
inverness	277
inverse	304
inversion	213
invert	154
invertebrates	135
inverted	577
invest	4759
invested	4138
investigate	10695
investigated	3120
investigates	339
investigating	10348
investigation	32178
investigations	3132
investigative	1481
investigator	4985
investigators	2537
investing	1576
investment	8308
investments	2042
investor	1647
investors	3034
invests	179
invigorated	117
invigorating	338
invincibility	126
invincible	3312
invisibility	660
invisible	9991
invitation	10721
invitational	209
invitations	2118
invite	23394
invited	30993
invites	1859
inviting	5870
invocation	123
invoice	955
invoices	645
invoke	876
invoked	394
invoking	335
involuntarily	221
involuntary	848
involve	5533
involved	53718
involvement	3526
involves	3710
involving	3599
invulnerable	485
inward	549
inwardly	127
inwards	222
inwood	128
io	1362
ioan	223
iodine	645
iolaus	1400
ion	1056
iona	283
ione	142
iong	1336
ionger	429
ionic	209
ionosphere	126
ions	289
iook	609
iooked	182
iori	144
iosava	138
iot	4014
iota	326
iou	428
ious	179
iove	3196
ioved	251
iovine	156
iow	167
iowa	1970
ip	1609
ipad	989
ipads	161
ipanema	120
ipecac	138
ipek	306
iphone	1027
iphones	122
ipo	317
ipod	1203
ipods	155
ippei	120
ips	281
ipso	135
ipswich	224
iq	1638
iqbal	441
ir	497
ira	3573
iran	3457
iranian	1268
iranians	521
iraq	7131
iraqi	1539
iraqis	507
irate	244
ire	224
ireland	4818
irena	589
irene	5998
irfan	346
iridescent	128
iridium	291
irie	146
irina	1791
iris	5046
irisa	215
irises	166
irish	8678
irishman	679
irishmen	161
irkutsk	146
irma	1530
iron	20252
ironclad	341
ironed	759
ironic	4226
ironically	1505
ironies	143
ironing	1232
ironman	140
irons	1208
irony	3398
iroquois	144
irradiated	210
irrational	1945
irrationally	160
irreconcilable	149
irrefutable	409
irregular	1656
irregularities	474
irregularity	182
irrelevant	3772
irreparable	438
irreplaceable	716
irrepressible	144
irresistible	2077
irresistibly	126
irrespective	194
irresponsibility	196
irresponsible	3761
irresponsibly	150
irreverent	134
irreversible	624
irrevocable	265
irrevocably	190
irrigate	285
irrigation	770
irritability	160
irritable	821
irritant	120
irritate	873
irritated	1398
irritates	398
irritating	2146
irritation	493
irs	1585
iru	324
irv	577
irvin	187
irvine	248
irving	2085
irwin	1055
is	7400675
isa	1216
isaac	5807
isaacs	252
isaak	155
isabel	5127
isabela	165
isabella	3139
isabelle	3543
isadora	253
isaiah	1041
isak	380
isamu	211
isao	238
iscariot	160
ischemic	134
ise	200
iseshima	140
ish	739
isha	344
ishaan	225
ishida	417
ishihara	196
ishii	323
ishikawa	384
ishmael	304
ishtar	180
isi	431
isidro	150
isis	1946
isjust	141
isla	356
islam	3137
islamabad	227
islamic	2317
islamist	169
islamists	117
island	50107
islander	134
islanders	575
islands	7553
isle	1766
isles	1025
islington	148
ism	121
ismael	311
ismail	614
ismay	119
ismet	115
isn	429536
isn't	1100000
isnt	597
iso	218
isobel	939
isolate	2148
isolated	5409
isolating	417
isolation	2892
isolde	578
ison	115
isotope	334
isotopes	315
isp	151
israel	7137
israeli	2644
israelis	1062
israelite	151
israelites	466
iss	240
issa	306
issai	120
isso	210
issue	28140
issued	4881
issues	19278
issuing	801
ist	1136
istanbul	2565
isthe	186
istvan	171
isumi	142
it	13631703
it's	2800000
ita	245
itachi	119
itadakimasu	128
itakura	156
italia	328
italian	21021
italiano	236
italians	2905
italy	13890
itami	133
itch	2284
itches	738
itching	1718
itchy	2356
ite	238
item	8963
items	7171
iteration	121
itfc	281
ith	299
ithaca	435
itinerant	199
itinerary	1129
itis	213
itjust	607
itl	155
ito	1050
its	180594
itself	39330
itsuka	128
itsuki	287
itsumo	148
itsy	165
itt	306
itto	309
itty	146
itunes	662
itv	265
itwas	436
itwill	118
iu	265
iv	3838
iva	130
ivan	8613
ivana	348
ivanhoe	210
ivanka	147
ivanov	365
ivanova	260
ivanovich	765
ivanovna	421
ivar	441
ive	993
ivers	145
iverson	223
ives	683
ivey	122
ivf	351
ivo	727
ivor	185
ivory	1877
ivs	230
ivy	5707
iwaki	168
iwas	199
iwata	146
iwill	260
iwo	458
ix	270
ixnay	118
iy	185
iyer	170
iying	146
iz	420
izmir	167
izo	148
izu	250
izumi	652
izumo	169
izzie	890
izzy	2371
ja	6266
jaan	339
jab	2056
jabba	372
jabbar	491
jabbed	144
jabber	262
jabbering	421
jabberwocky	192
jabbing	220
jabez	160
jabs	321
jace	1244
jacek	206
jacey	118
jacinta	320
jacinto	370
jack	101666
jackal	936
jackals	562
jackass	3655
jackasses	326
jacked	1498
jacket	21863
jackets	1921
jackfruit	147
jackhammer	445
jackie	15659
jacking	640
jackknife	121
jackman	454
jacko	595
jackpot	2977
jackrabbit	186
jacks	1826
jackson	18045
jacksons	137
jacksonville	413
jacky	1017
jaclyn	533
jaco	206
jacob	10984
jacobi	238
jacobite	160
jacobo	187
jacobs	1377
jacobsen	214
jacobson	329
jacoby	316
jacque	152
jacqueline	1882
jacques	4874
jacqui	235
jacquie	254
jacquou	200
jacs	121
jacuzzi	1236
jad	123
jada	269
jade	5028
jaded	435
jaden	336
jadzia	447
jae	5100
jaeger	316
jael	115
jafar	522
jaffa	1166
jaffar	162
jaffe	261
jag	1534
jagan	119
jagannath	127
jagdish	121
jager	141
jagged	609
jagger	942
jaggers	122
jaggery	170
jaggi	310
jaggu	234
jagmohan	146
jago	219
jags	138
jaguar	1629
jaguars	223
jah	277
jaha	144
jahan	191
jahil	146
jai	3614
jaidev	144
jail	51429
jailbait	157
jailbird	341
jailbreak	301
jailed	1019
jailer	692
jailhouse	518
jailor	137
jails	629
jaime	2021
jaimie	161
jain	174
jaipur	304
jairo	186
jaisalmer	122
jaison	226
jakarta	406
jake	33704
jakes	390
jakey	443
jakob	1281
jakov	150
jakub	343
jal	168
jalapeno	180
jaleel	119
jalil	154
jalisco	120
jalopy	304
jam	9923
jamaal	143
jamaica	1990
jamaican	930
jamaicans	142
jamais	152
jamal	3166
jamba	121
jambalaya	201
jambo	115
jamboree	319
jambwal	120
james	50562
jameson	1243
jamestown	171
jamey	159
jami	387
jamie	17227
jamieson	224
jamil	317
jamila	264
jamison	512
jammed	3994
jammer	599
jammers	123
jammies	257
jammin	187
jamming	1645
jammy	177
jams	1016
jamuna	269
jan	6153
jana	1424
janaki	306
jandi	241
jane	37198
janeiro	713
janek	660
janelle	646
janes	128
janet	9176
janette	325
janeway	874
janey	2229
jang	4158
jangle	511
jangles	233
jangling	525
jango	221
janhvi	144
jani	248
janice	4138
janie	1555
janina	221
janine	1824
janis	1094
janitor	3658
janitorial	178
janitors	333
janki	181
janko	306
janna	154
janne	346
jano	231
janos	400
jansen	603
janssen	213
jansson	125
janu	187
january	7140
janus	596
janusz	185
janvier	164
jap	1118
japan	18308
japanese	25288
japp	258
japs	1578
jaq	119
jar	5713
jara	122
jardin	118
jardine	162
jareau	186
jared	4602
jarek	226
jargon	454
jarhead	154
jari	122
jaridian	165
jaridians	167
jarl	319
jarle	165
jarndyce	171
jarod	2792
jarrett	372
jarring	186
jarro	169
jarrod	505
jars	1328
jarvis	1855
jas	514
jase	561
jasmin	257
jasmina	121
jasmine	3652
jasna	187
jason	24753
jasper	3540
jassi	300
jastrow	168
jatin	199
jaulin	118
jaundice	272
jaundiced	138
jaunt	236
jaunty	350
java	902
javadi	128
javed	351
javelin	329
javert	300
javi	958
javier	4027
jaw	4592
jawbone	252
jawohl	846
jaws	2445
jax	3617
jay	13847
jaya	393
jayden	384
jaye	223
jaymes	287
jayne	557
jays	124
jayson	137
jaywalking	254
jaz	254
jazeera	140
jazmin	134
jazz	10272
jazzed	253
jazzy	883
jb	625
jc	416
jd	1219
je	3458
jealous	30274
jealousies	131
jealously	171
jealousy	5250
jean	14651
jeane	194
jeanette	1508
jeanie	809
jeanine	411
jeanne	3038
jeannette	377
jeannie	4091
jeannine	207
jeannot	293
jeans	5929
jeb	1056
jebediah	135
jed	2270
jedediah	180
jedi	2359
jedikiah	179
jee	261
jeep	4923
jeepers	483
jeeps	336
jeering	662
jeers	128
jeet	304
jeeva	411
jeevan	233
jeeves	1245
jeez	10797
jef	167
jefe	751
jeff	29984
jefferies	281
jeffers	360
jefferson	4541
jeffersonian	358
jeffersons	114
jeffery	276
jeffords	175
jeffrey	5577
jeffries	1053
jeffs	115
jeffy	274
jehovah	842
jeju	548
jejune	118
jekyll	1211
jelena	226
jellicle	173
jellicoe	137
jellied	118
jellies	179
jello	291
jelly	4597
jellybean	172
jellybeans	173
jellyfish	1387
jem	1091
jemaine	360
jemima	284
jemma	386
jen	7731
jena	330
jenga	207
jenkins	3898
jenks	287
jenn	825
jenna	7299
jenner	641
jenni	311
jennie	983
jennifer	11509
jennings	1925
jenny	20899
jens	1031
jensen	2191
jenson	200
jeom	120
jeon	328
jeong	3123
jeongyeon	217
jeopardise	333
jeopardize	1493
jeopardized	369
jeopardizing	393
jeopardy	2378
jeppe	244
jer	1157
jeremiah	2017
jeremy	12772
jeri	203
jericho	1207
jerk	20633
jerked	623
jerking	1631
jerkoff	148
jerks	3089
jerky	1289
jermain	126
jermaine	269
jerome	3468
jerri	943
jerries	273
jerrod	585
jerry	24979
jersey	9059
jerseys	375
jerusalem	4786
jervis	274
jerzy	356
jes	156
jesper	364
jess	11577
jessa	211
jesse	15612
jessel	148
jessi	697
jessica	13814
jessie	6418
jessop	170
jessup	632
jessy	189
jest	929
jester	716
jesters	134
jesting	123
jesu	173
jesuit	390
jesuits	290
jesus	91143
jet	10082
jeter	456
jethro	1287
jetpack	162
jets	2527
jetson	626
jett	415
jetta	323
jettison	300
jettisoned	142
jetty	402
jew	7465
jewel	4045
jeweler	745
jewelers	249
jewelery	126
jeweller	372
jewellers	205
jewellery	2821
jewelry	7964
jewels	6153
jewess	173
jewish	12898
jews	12170
jey	129
jez	1043
jezebel	471
jfk	1110
jhansi	149
ji	5384
jia	1497
jian	483
jiang	1717
jiao	398
jib	586
jibe	142
jibun	172
jie	968
jiff	224
jiffy	1107
jig	866
jigen	269
jigger	272
jiggle	580
jiggling	261
jiggly	180
jiggs	141
jiggy	247
jigsaw	888
jihad	1049
jihadi	160
jihadist	156
jihadists	164
jill	8264
jillian	1457
jilly	376
jilted	458
jim	42323
jima	241
jimbo	1237
jimena	114
jimenez	585
jimi	994
jiminy	473
jimmie	733
jimmied	145
jimmy	41706
jin	10200
jing	1687
jingim	126
jingle	4083
jingles	1157
jingling	1398
jingo	150
jinkies	223
jinks	183
jinlun	167
jinn	425
jinnah	239
jinns	136
jinny	191
jinx	2072
jinxed	446
jip	186
jiri	148
jirka	158
jiro	1089
jitterbug	197
jitters	740
jittery	458
jiu	309
jive	894
jiya	201
jizz	470
jj	3172
jk	315
jo	14768
joachim	454
joakim	192
joan	10153
joana	322
joanie	1188
joann	281
joanna	3575
joanne	2077
joao	415
joaquim	329
joaquin	1356
job	298911
jobe	282
jobless	708
jobs	23268
jocelyn	1215
jochen	257
jock	3365
jockey	2453
jockeys	533
jocko	208
jocks	672
jockstrap	220
jodhpur	131
jodi	946
jodie	1446
jody	2091
joe	68244
joel	6844
joelle	196
joes	414
joey	17518
joffrey	431
jog	2005
jogged	179
jogger	364
joggers	115
jogging	1855
jogi	363
jogs	174
johan	1856
johann	1303
johanna	1095
johanne	142
johannes	1206
johannesburg	462
johansen	311
johanson	125
johansson	526
john	109966
johnathan	177
johnnie	1639
johnnies	123
johnno	251
johnny	35735
johns	1571
johnson	15936
johnsons	241
johnston	703
johnstone	177
johny	136
joi	130
joie	266
join	64456
joined	16342
joiner	220
joining	10396
joins	1832
joint	14190
jointly	328
joints	2352
joji	168
jojo	1999
jokanaan	123
joke	51728
joked	453
joker	4159
jokers	732
jokes	14047
jokin	213
joking	20073
jokingly	151
jolbon	207
jolene	678
jolie	679
joliet	140
jolla	133
jollies	163
jolly	6519
jolson	192
jolt	793
jolyon	192
jon	7243
jonah	4227
jonas	5030
jonathan	11764
jonathon	246
jones	17294
joneses	135
jonesing	233
jonestown	151
jonesy	1167
jong	996
joni	626
jonjo	182
jonno	177
jonny	2135
jono	189
jonson	121
joo	3393
joon	4857
joong	339
joosep	127
joost	118
joplin	421
jordache	233
jordan	13443
jordana	123
jordanian	142
jordans	159
jordi	631
jordy	350
jorge	3204
jorgen	200
jorgensen	152
jorgenson	134
joris	154
jory	150
jos	429
jose	4828
josef	1494
josefa	189
josefina	228
josefine	162
joselito	279
joselyn	119
joseon	844
joseph	14059
josephine	1954
josephs	118
josephus	243
josette	310
josey	152
josh	19609
joshi	260
joshie	130
joshing	148
joshua	4714
joshy	206
josiah	623
josie	2527
josip	134
joss	1248
jostle	160
jostling	134
jot	508
jotaro	252
jotted	141
joubert	172
joules	238
jour	417
journal	5943
journalism	1968
journalist	7646
journalistic	444
journalists	3252
journals	1269
journey	25518
journeyed	467
journeyman	132
journeys	1062
joust	353
jousting	253
jovan	274
jove	871
jovi	374
jovial	239
joxer	608
joy	28200
joyce	5089
joyful	1715
joyfully	277
joyless	153
joyner	235
joyous	1315
joyously	128
joyride	397
joyriding	165
joys	1673
joystick	266
jozef	185
jp	1851
jr	5012
js	150
jsoc	114
jt	1753
jtp	178
ju	2729
juan	9011
juana	492
juani	115
juanita	928
juanito	561
juanjo	124
juarez	648
jubal	192
jubei	408
jubilant	154
jubilation	165
jubilee	985
jud	594
judah	929
judaism	600
judas	2631
judd	1452
jude	3007
judea	496
judge	55336
judged	3345
judgement	2987
judgemental	122
judgements	228
judges	10490
judging	6915
judgment	11459
judgmental	1038
judgments	782
judgy	162
judi	499
judicial	1338
judiciary	478
judicious	136
judith	4231
judo	1120
judson	473
judy	12085
juergens	197
jug	1745
juggernaut	271
juggle	743
juggler	341
jugglers	155
juggling	1023
jughead	326
jugni	126
jugran	134
jugs	668
jugular	657
juha	193
juhi	145
juhu	136
juice	17879
juiced	259
juicer	253
juices	1086
juicing	237
juicy	3264
juilliard	432
jujitsu	250
juju	579
juke	307
jukebox	1173
jule	287
julep	147
jules	7536
juley	130
juli	376
julia	17281
julian	10026
juliana	692
julianna	296
julianne	762
juliano	120
julie	17794
julien	3459
julienne	252
juliet	5821
julieta	168
juliette	3455
julio	3606
julius	3833
july	10271
juma	204
jumba	194
jumble	402
jumbled	341
jumbo	1862
jumbotron	119
jumong	909
jump	46358
jumped	14699
jumper	2515
jumpers	592
jumpin	596
jumping	10367
jumps	3484
jumpsuit	573
jumpsuits	161
jumpy	1656
jun	3824
juna	154
junction	1966
junctions	117
juncture	454
june	14126
jung	6345
jungle	12593
jungles	833
juni	251
junichi	158
junie	159
junior	19055
juniors	664
juniper	596
junk	10313
junker	143
junket	196
junkie	3712
junkies	1276
junko	494
junky	235
junkyard	1111
juno	542
junpei	126
junpyo	280
junta	304
jupiter	4305
jura	226
jurassic	615
jurek	194
jurgen	323
juri	283
juries	669
jurisdiction	3363
jurisdictional	161
jurisdictions	116
jurisprudence	160
juro	130
juror	1372
jurors	1341
jury	22389
jus	576
jussi	294
just	3334392
justa	142
justice	36481
justices	259
justifiable	368
justification	940
justified	2191
justifies	594
justify	4137
justifying	283
justin	13578
justina	148
justine	1895
justise	125
justly	376
justo	265
justus	205
jut	173
jute	121
jutland	324
jutsu	544
juubei	141
juve	230
juvenile	3245
juveniles	307
juventus	118
juvie	1269
juxtaposition	141
juzo	126
jv	146
jw	151
jyothi	135
jyoti	301
ka	2258
kaaba	126
kaajal	125
kaali	246
kaan	297
kabaddi	773
kabbalah	162
kabir	1423
kaboom	529
kabuki	340
kabul	908
kabuto	136
kacey	125
kadam	129
kaddish	135
kade	143
kader	148
kadir	272
kady	152
kaede	417
kaew	235
kaffir	143
kafka	552
kaga	280
kagami	165
kagan	207
kagawa	230
kage	199
kagome	177
kahlan	435
kahless	133
kahn	1218
kahuna	235
kai	4806
kaidu	183
kaiji	114
kaiju	144
kailash	267
kaiser	1535
kaitlin	517
kaitlyn	355
kaito	149
kaj	226
kaja	243
kajal	655
kaji	422
kajri	135
kak	169
kaka	273
kakarrot	197
kakashi	213
kaku	160
kal	477
kala	490
kalabaw	150
kalahari	223
kalashnikov	165
kaldrick	126
kale	1309
kaleb	267
kaleel	161
kaleido	620
kaleidoscope	260
kaley	183
kalfa	152
kali	1294
kalinda	821
kalinka	157
kalle	495
kallie	117
kalman	157
kalpana	221
kalyan	173
kalyani	215
kam	803
kama	436
kamakura	234
kamal	1068
kamala	240
kamali	140
kaman	115
kamata	120
kamath	149
kamchatka	154
kameda	117
kamehameha	116
kamekona	132
kamel	138
kamen	450
kami	298
kamikaze	654
kamil	322
kamilla	117
kamina	141
kamini	307
kaminski	121
kaminsky	175
kamiya	213
kamla	176
kamp	258
kampf	265
kan	742
kana	432
kanae	147
kanagawa	157
kanai	198
kanako	282
kanan	683
kanazawa	235
kanbei	116
kanda	274
kandahar	407
kandi	250
kandinsky	142
kane	4987
kaneda	197
kaneko	276
kang	8176
kangaroo	1595
kangaroos	442
kanhaiya	125
kanin	214
kanji	435
kanna	242
kannada	186
kannan	174
kano	463
kanpur	158
kansai	266
kansas	4400
kansuke	183
kant	373
kanta	145
kanto	331
kanye	621
kanzaki	368
kao	696
kaori	620
kaoru	856
kaos	1176
kapa	289
kapil	227
kaplan	1107
kapoor	1117
kappa	1588
kaput	512
kar	424
kara	4341
karachi	407
karai	267
karamazov	163
karan	3005
karaoke	2928
karas	134
karat	160
karate	3813
kardashian	445
kardashians	178
kareem	477
kareena	125
karel	703
karen	18204
karenina	258
karev	1057
kari	1777
karim	1120
karin	1687
karina	644
karine	384
karishma	200
karl	9383
karla	689
karloff	232
karlsson	358
karly	122
karma	4541
karmic	323
karn	137
karna	177
karnak	241
karnataka	220
karo	129
karol	493
karolina	133
karp	541
karpov	208
karr	194
karsten	482
kart	117
karthik	925
karuta	159
karzai	232
kasahara	126
kasey	605
kash	170
kashi	422
kashiwagi	186
kashmir	1075
kashmiri	128
kasi	219
kasia	201
kasim	357
kaspar	356
kasparov	138
kasper	531
kass	311
kassim	133
kasuga	247
kasumi	274
kaswell	221
kasztner	150
kat	4023
kata	282
katagiri	202
katana	468
kataoka	135
katara	345
katarina	765
kate	25931
katerina	676
katey	189
kath	626
katharina	358
katharine	538
katherine	6339
kathie	392
kathleen	2479
kathmandu	184
kathryn	1549
kathy	5478
kati	294
katia	924
katie	14399
katja	617
katmandu	119
katniss	269
kato	1440
katrin	409
katrina	2706
katrine	771
kats	122
katsu	234
katsura	187
katsuragi	268
katy	2128
katya	1951
katz	1202
kau	407
kauai	186
kaufman	1275
kaufmann	138
kaul	171
kaulder	146
kaur	208
kava	116
kavanaugh	336
kaveri	221
kavita	250
kavya	338
kawada	223
kawaguchi	122
kawahara	160
kawai	209
kawamura	162
kawasaki	378
kawashima	206
kay	6331
kaya	530
kayak	422
kayaking	197
kaye	432
kayla	1839
kaylee	391
kayleigh	150
kaylie	1008
kayne	250
kayo	635
kayoko	120
kaz	530
kazakh	133
kazakhstan	662
kazama	355
kazan	312
kaze	389
kazon	235
kazoo	247
kazu	174
kazuhiko	166
kazuki	202
kazuko	228
kazuma	217
kazumi	322
kazuo	658
kazuto	116
kazuya	287
kc	420
kd	278
ke	1404
kea	119
kean	181
keane	635
keanu	325
kearney	267
kearns	266
keating	815
keaton	933
keats	638
kebab	949
kebabs	409
keck	161
kedo	139
kee	682
keefe	385
keefer	208
keegan	704
keel	873
keeled	174
keeler	589
keeley	220
keely	124
keen	7404
keenan	747
keene	355
keener	215
keenly	307
keep	498392
keeper	4179
keepers	971
keepin	778
keeping	41371
keeps	37914
keepsake	496
keepsakes	132
kees	352
keg	1478
kegger	200
kegs	406
kehoe	143
kei	1085
keiichi	226
keiko	1100
keira	304
keisha	817
keister	231
keisuke	296
keita	386
keitel	192
keith	10400
kel	1335
kell	250
kellen	153
keller	3667
kellerman	647
kelley	500
kelli	472
kellie	124
kellogg	617
kelly	23313
kellys	155
kelp	582
kelsey	1216
kelso	1600
kelton	317
kelvin	1159
kemal	769
kembleford	115
kemosabe	143
kemp	1053
kemper	184
ken	12419
kenan	346
kendal	415
kendall	2180
kendo	327
kendra	1073
kendrick	653
kendricks	119
keng	177
kenichi	399
kenji	1226
kenley	156
kenna	366
kennard	141
kennedy	6836
kennedys	269
kennel	850
kennels	272
kenner	252
kenneth	4024
kenney	138
kennish	205
kenny	12713
keno	280
kenobi	464
kens	213
kenshin	298
kenshiro	179
kensi	1780
kensington	712
kent	7183
kenta	323
kenton	170
kents	139
kentucky	2486
kenya	1607
kenyan	169
kenyon	353
kenzi	757
kenzie	114
kenzo	276
keo	242
kepler	672
kepner	423
keppel	180
keppler	250
kept	75930
kerala	784
kerb	225
kerchief	320
kerem	395
keri	263
kerim	175
kermie	146
kermit	1517
kern	737
kernel	397
kernels	177
kerner	142
kerns	115
kerosene	999
kerouac	250
kerr	491
kerri	186
kerrigan	477
kerry	2370
kersey	181
kershaw	200
kerstin	266
keru	231
kes	510
keshav	126
kessel	133
kessler	1122
kester	201
kestrel	133
ketamine	622
ketch	129
ketchup	2853
kettering	208
kettle	3312
kettles	178
keung	842
kev	2805
kevin	28773
kevlar	492
kevorkian	149
kew	212
key	62153
keyboard	2981
keyboards	325
keycard	195
keychain	247
keyed	433
keyes	766
keyhole	701
keyholes	148
keynes	287
keynote	362
keypad	963
keys	37443
keyser	151
keystone	408
keystrokes	119
keyword	219
kfc	401
kg	1772
kgb	2044
kgs	149
kha	444
khadija	129
khai	169
khaki	426
khakis	268
khaled	592
khaleesi	161
khalid	701
khalifa	180
khalil	533
khan	8150
khanna	845
kharis	133
kharkov	147
khartoum	308
khasinau	142
khatri	114
khe	234
khloe	615
khlyen	217
khmer	267
khomeini	213
khrushchev	674
khufu	118
khun	1202
khurana	373
khushi	196
khyber	238
ki	2316
kia	553
kiaiing	134
kiara	271
kiasuseven	115
kiba	158
kibble	220
kibbutz	538
kibby	182
kibo	123
kibosh	140
kibworth	343
kick	41697
kickass	186
kickback	286
kickbacks	300
kickball	204
kickboxing	318
kicked	20800
kicker	809
kickin	741
kicking	10265
kickoff	386
kicks	5105
kickstarter	124
kid	187858
kida	164
kidd	464
kidder	383
kiddie	881
kiddies	1128
kiddin	1826
kidding	76744
kiddo	5064
kiddos	124
kiddy	324
kidman	227
kidnap	5702
kidnapped	13898
kidnapper	2473
kidnappers	2459
kidnapping	8437
kidnappings	468
kidnaps	315
kidney	6554
kidneys	2804
kido	179
kids	192050
kie	154
kiefer	209
kiel	124
kielbasa	140
kiera	519
kieran	845
kierkegaard	171
kiev	1018
kif	174
kijima	161
kika	145
kike	302
kiki	2086
kiko	230
kiku	306
kikuchi	244
kikukawa	118
kikyo	120
kil	117
kildare	116
kiley	160
kilgore	250
kilgrave	257
kilian	129
kilimanjaro	265
kill	339509
killed	228297
killemoff	212
killer	57555
killers	7790
killian	691
killin	952
killing	57890
killings	2900
killjoy	536
killjoys	115
kills	14233
killua	115
kilmartin	115
kilmer	299
kiln	314
kilo	2366
kilogram	280
kilograms	715
kilometer	678
kilometers	4330
kilometre	391
kilometres	2622
kilos	3673
kilowatt	126
kilowog	150
kilpatrick	203
kilroy	217
kilt	496
kilts	124
kim	30447
kima	191
kimba	186
kimball	598
kimbap	114
kimber	623
kimberlee	120
kimberley	255
kimberly	2510
kimble	1962
kimchi	996
kimi	1169
kimiko	244
kimmel	303
kimmi	217
kimmie	892
kimmy	1904
kimo	206
kimono	1206
kimonos	224
kimura	964
kin	4336
kincaid	1233
kinch	498
kind	392242
kinda	27662
kindaichi	185
kinder	982
kindergarten	2917
kindest	786
kindhearted	123
kindle	273
kindled	171
kindling	364
kindly	7104
kindness	7173
kindred	725
kinds	17172
kinetic	503
kinfolk	149
king	118230
kingdom	17231
kingdoms	1449
kingfisher	127
kingly	179
kingmaker	120
kingman	313
kingo	141
kingpin	566
kings	8944
kingsbridge	174
kingship	221
kingsley	1192
kingston	935
kink	379
kinko	183
kinks	591
kinky	1689
kinney	497
kino	212
kinoshita	331
kinsella	172
kinsey	395
kinshasa	154
kinship	417
kinski	143
kinsman	353
kinsmen	233
kintaro	175
kinte	279
kion	232
kiosk	657
kiowa	187
kip	1946
kipling	481
kipper	415
kippers	221
kipps	130
kippur	280
kir	179
kira	4960
kiran	772
kirara	139
kirby	3125
kirchner	121
kiri	149
kirikou	201
kiril	131
kirill	222
kirin	214
kirk	6184
kirkland	441
kirkman	235
kirkpatrick	164
kirkwood	223
kirov	237
kirra	115
kirsch	180
kirsten	2257
kirstie	167
kirsty	402
kiryu	166
kisaragi	177
kisha	170
kishan	562
kishen	273
kishi	115
kishida	165
kishore	220
kishu	146
kismet	306
kiss	74790
kissed	15495
kisser	1375
kisses	7961
kissin	237
kissing	13398
kissinger	604
kissy	330
kit	10959
kita	371
kitagawa	149
kitamura	130
kitana	155
kitano	311
kitchen	45812
kitchener	246
kitchenette	132
kitchens	986
kite	2869
kites	658
kith	151
kito	136
kits	732
kitsch	239
kitt	3411
kitten	3239
kittens	1626
kitties	344
kitto	227
kittredge	153
kittridge	114
kittu	144
kitty	13499
kiwi	600
kiwis	114
kiyokawa	133
kiyoko	270
kiyomi	265
kiyoshi	528
kizzy	253
kjartan	133
kjeld	252
kjell	149
kk	308
kkk	228
kkot	142
kl	217
klamm	121
klan	746
klara	1069
klaus	4335
klaw	133
klaxon	660
kleenex	652
klein	2032
kleiner	128
kleinman	115
kleiss	250
kleist	194
klepto	166
kleptomaniac	174
klicks	310
klimt	180
kline	306
klinger	1624
klingon	1907
klingons	826
klink	2584
klinkerhoffen	181
klondike	366
kloss	291
kltt	415
klum	138
klunk	183
klutz	584
klux	293
km	3332
kmart	208
kmetko	140
kms	412
kn	352
knack	1538
knackered	708
knackers	130
knapp	200
knapsack	338
knave	639
knaves	158
knead	199
kneading	145
knee	10000
kneecap	385
kneecaps	372
kneel	4146
kneeled	146
kneeling	995
kneels	195
knees	17671
knell	182
knelt	417
knew	262988
knick	260
knickers	1656
knickknacks	153
knicks	950
knievel	310
knife	36197
knifed	357
knifes	121
knight	11542
knighted	244
knighthood	392
knightley	268
knights	4791
knit	1365
knits	149
knitted	443
knitting	1687
knives	5221
kno	269
knob	2070
knobby	134
knobhead	169
knobs	543
knock	46228
knockdown	135
knocked	16221
knocker	196
knockers	346
knockin	440
knocking	23577
knockoff	323
knockoffs	127
knockout	2176
knockouts	362
knocks	5743
knoll	436
knope	485
knot	3681
knots	3220
knotted	358
know	3892394
knowed	494
knowest	212
knowin	225
knowing	35876
knowingly	840
knowledge	22822
knowledgeable	656
knowles	558
known	95125
knows	181663
knowthat	359
knowthe	173
knowwhat	539
knowwhere	125
knowyou	245
knox	2419
knoxville	334
knuckle	950
knucklehead	607
knuckleheads	380
knuckles	2231
knud	177
knudsen	147
knut	427
knyaz	136
ko	2552
koala	659
koalas	179
koba	205
kobayashi	913
kobe	1176
kobol	190
koch	500
kochanski	117
kochi	345
koda	228
kodai	383
kodak	326
kodiak	201
kody	118
koe	180
koen	181
koenig	673
kofi	189
koga	311
koh	485
koharu	194
kohei	246
kohinoor	140
kohl	517
kohler	338
koi	602
koichi	635
koike	127
koizumi	190
kojak	466
koji	1101
kojima	339
kojiro	176
kojirou	175
kok	272
koko	613
kokoro	342
koku	125
kol	417
kolchak	791
kolia	209
kolkata	588
kolya	783
kom	217
komal	235
komatsu	147
kombat	180
komm	124
kommandant	1330
komodo	267
komori	156
komsomol	199
kon	232
kona	138
kondo	574
kong	13546
konichiwa	117
konnichiwa	157
konno	152
kono	1540
konrad	513
konstantin	508
koo	939
kook	593
kooks	181
kooky	518
kool	277
koontz	173
koos	154
koothrappali	168
kopecks	214
kor	165
kora	221
koran	972
korby	128
kore	116
korea	9178
korean	8622
koreans	1385
koreatown	159
korey	263
korman	138
korn	259
korolev	131
korra	528
kors	134
korsak	558
kort	146
koryn	164
kosh	226
kosher	1358
koshien	223
kosovo	692
kosta	138
kostas	205
koster	147
kostya	414
kosuke	297
kota	406
kotaro	279
koto	550
kotoba	166
kotoko	160
kotov	130
kou	326
koufax	125
kouga	355
kouji	815
kourtney	302
kovac	836
kovach	180
kovacs	331
kovak	183
kove	193
kow	182
kowalski	1293
kowloon	530
kowtow	289
koyuki	159
koz	169
kozak	149
kozue	176
kp	197
kph	121
kr	231
kraang	706
kraft	784
krag	116
krakatoa	203
kraken	369
krakow	389
kralik	142
kramden	347
kramer	2700
krampus	301
krang	923
krantz	284
kranz	182
kratz	146
kraus	242
krause	249
krauss	274
kraut	899
krauts	1120
krav	175
kravitz	699
kray	258
krazy	131
krebs	319
kree	397
krell	132
kreme	135
kremlin	882
krieg	255
krieger	567
kriemhild	131
krill	271
kringle	400
kris	3026
krish	318
krishna	4199
krishnan	342
krispies	162
krispy	183
kriss	207
krissi	379
krissy	141
krista	1171
kristen	2159
krister	239
kristi	395
kristian	455
kristin	1864
kristina	1522
kristine	317
kristoff	142
kristoffer	163
kristy	565
kroger	221
kroll	393
kromaggs	138
krone	157
kroner	1086
kronk	165
kronor	381
kronos	358
krueger	474
krug	218
kruger	915
krull	127
krumitz	279
krupa	257
krupp	189
kruse	246
krusty	864
krycek	121
kryolan	137
krypton	748
kryptonian	444
kryptonite	982
krysia	138
krystal	503
krystle	1647
kryten	549
ks	299
ksenia	156
kt	386
ku	1156
kuala	341
kuan	267
kuang	146
kuba	261
kublai	300
kubo	238
kubrick	413
kucha	150
kudo	427
kudos	603
kudret	135
kuei	211
kuen	303
kugel	143
kui	250
kuiper	122
kujo	164
kuk	342
kuki	171
kuku	185
kulkarni	119
kum	155
kuma	126
kumamoto	153
kumar	2456
kumari	130
kumbaya	371
kumi	157
kumiko	345
kumo	117
kumquat	152
kumwa	115
kun	746
kunal	574
kundan	272
kung	6434
kungfu	344
kuni	334
kuno	194
kunta	477
kuo	394
kurata	159
kurd	158
kurdish	411
kurdistan	218
kurds	300
kurdy	231
kure	198
kurihara	126
kurita	170
kuro	280
kuroda	302
kuroi	131
kurokawa	196
kuroki	268
kurosaki	184
kurosawa	402
kursk	207
kurt	6953
kurta	121
kurtis	121
kurtz	423
kuru	150
kururugi	119
kusanagi	178
kush	587
kusum	212
kutcher	131
kutner	130
kutty	264
kutuzov	122
kuvira	199
kuwait	798
kuwaiti	123
kuya	208
kuzmich	172
kwai	666
kwak	192
kwame	120
kwan	1419
kwang	709
kwanzaa	184
kwok	488
kwon	1442
kwong	269
kwun	368
ky	249
kya	268
kyeong	152
kyeongseong	182
kyla	213
kyle	18807
kylie	1831
kyne	127
kyo	212
kyohei	217
kyoko	1222
kyoshiro	118
kyosuke	271
kyoto	2059
kyou	141
kyra	449
kystle	204
kyu	252
kyul	123
kyung	2038
kyushu	471
la	52546
lab	29504
laban	155
label	5982
labeled	1218
labeling	213
labelle	141
labelled	388
labels	1975
labia	293
labor	9117
laboratories	759
laboratory	5304
labored	759
laborer	538
laborers	623
laboring	209
laborious	172
labors	408
labour	5370
laboured	235
labourer	340
labourers	396
labouring	117
labours	271
labrador	426
labs	3268
labyrinth	1280
lac	543
lace	2643
laced	804
lacerated	227
laceration	620
lacerations	807
laces	708
lacey	3924
lachie	161
lachlan	465
laci	225
lack	16112
lacked	1359
lackey	680
lackeys	311
lacking	2823
lackluster	127
lacks	2095
lacombe	118
lacquer	192
lacroix	453
lacrosse	918
lacs	191
lactate	125
lactating	119
lactose	472
lacy	708
lad	12876
lada	364
ladd	156
ladder	7260
ladders	749
laddie	1006
laden	2028
ladies	85029
lading	119
ladle	411
lado	130
ladonna	156
lads	9999
lady	147121
ladybird	323
ladybug	517
ladybugs	144
ladylike	365
ladyship	1874
laertes	332
laetitia	250
lafayette	1037
lafferty	255
lafite	174
lafitte	251
lafleur	166
lag	997
lagann	192
lager	928
lagertha	165
lagged	122
lagging	324
lagina	354
laginas	117
lago	365
lagoon	1144
lagoona	129
lagoons	128
lagos	317
lagrange	138
laguardia	279
laguerta	235
laguna	400
lah	218
lahey	1379
lahiri	194
lahore	511
lai	1413
laid	19791
laida	229
laila	1286
lain	717
laine	352
lainey	422
laing	157
lainie	193
lair	2239
laird	911
lait	181
lajos	218
lak	123
lake	26265
lakebottom	187
laker	268
lakers	644
lakes	2317
lakeshore	170
lakeside	276
lakewood	194
lakh	1330
lakhan	183
lakhs	2715
lakota	220
lakshman	246
lakshmi	1047
lal	616
lala	1059
lali	261
lallan	119
lally	272
lalo	281
lam	3779
lama	1428
lamar	899
lamarr	216
lamas	151
lamaze	276
lamb	9011
lambada	117
lambda	452
lambert	2392
lambeth	179
lambo	184
lamborghini	835
lambs	1243
lame	8681
lament	668
lamentable	173
lamented	175
lamenting	225
laments	127
lamer	134
lamest	231
lamia	242
laminate	160
laminated	239
lamm	137
lamont	795
lamotte	142
lamour	121
lamp	7692
lampoon	149
lamppost	402
lamps	2046
lampshade	200
lan	2826
lana	5839
lancashire	237
lancaster	1327
lance	8068
lancelot	1143
lancer	325
lancers	191
lances	200
lancet	130
lancia	178
land	83422
landau	385
landed	11481
lander	541
landers	455
landfall	225
landfill	678
landing	12310
landings	653
landis	417
landlady	1820
landline	647
landlocked	124
landlord	5298
landlords	589
landmark	1118
landmarks	539
landmine	191
landmines	207
lando	326
landon	816
landowner	447
landowners	435
landru	163
landry	1166
lands	8252
landscape	5181
landscaper	143
landscapes	962
landscaping	527
landslide	948
landslides	166
landy	137
lane	13771
lanes	1349
laney	389
lang	3322
langdon	451
lange	549
langer	304
langford	500
langham	238
langley	1931
langlois	150
langly	197
langston	913
langton	184
language	35569
languages	3838
languid	143
languish	169
languishing	152
lani	237
lanie	549
lanier	145
lanka	790
lanky	272
lannister	322
lannisters	166
lanny	210
lansing	462
lansky	233
lantern	2625
lanterns	1022
lanyard	194
lanz	118
lanza	142
lao	1486
laos	477
lap	9207
laparotomy	120
lapd	2535
lapdog	306
lapel	347
lapels	156
lapidus	142
lapis	250
lapland	235
laplante	114
lapointe	197
lapp	123
lapped	171
lapping	445
laps	2042
lapse	921
lapsed	303
lapses	295
laptop	6347
laptops	435
laputa	127
lar	468
lara	2461
larabee	277
laramie	290
larceny	951
larch	141
larcher	130
lard	894
larder	291
laredo	314
large	37373
largely	1792
larger	8128
largest	8817
largo	478
larisa	158
larissa	802
lark	1587
larkin	1073
larks	173
laroche	260
laroque	116
larrabee	510
larry	25197
lars	2843
larsan	187
larsen	1347
larson	1313
larsson	387
larue	433
larva	409
larvae	810
laryngitis	221
larynx	444
las	6408
lasagna	1802
lasagne	383
lasalle	806
lascivious	283
laser	6438
lasers	1584
lash	1208
lashed	532
lashes	968
lashing	495
lashkar	122
lasix	116
lasker	128
lasky	343
lass	2064
lassard	141
lasse	809
lassen	168
lasses	250
lasseter	118
lassie	1621
lassiter	749
lasso	485
last	527395
lasted	4881
lasting	1951
lastly	797
lasts	3938
laszlo	588
lat	355
lata	211
latch	1475
latched	332
latches	226
late	191989
lately	28340
lateness	232
latent	667
later	208878
lateral	901
laterally	116
laters	251
latest	15091
latex	1086
latham	439
lathe	190
lather	346
lathrop	190
latif	349
latimer	684
latin	10223
latina	413
latino	1138
latinos	324
latins	116
latinum	238
latitude	1025
latouche	134
latour	286
latrell	141
latrine	665
latrines	199
lats	160
latte	2293
latter	1376
lattes	448
lattice	170
lattimer	240
latvia	274
latvian	260
lau	1641
lauda	143
laudable	121
laudanum	312
laude	294
lauder	162
lauderdale	475
lauer	141
laugesen	148
laugh	56460
laughable	506
laughed	8125
laughin	428
laughing	98420
laughingstock	527
laughlin	228
laughs	104913
laughter	50196
laughton	140
launch	13420
launched	4451
launcher	737
launchers	332
launches	707
launching	2112
launchpad	557
launder	529
laundered	353
launderer	119
laundering	1276
laundress	151
laundromat	725
laundry	11458
lauper	132
laura	23050
laure	472
laureate	203
laurel	3952
laurels	354
lauren	8528
laurence	1334
laurens	288
laurent	1469
lauretta	116
laurette	148
lauri	221
laurie	4317
laurita	130
lauro	137
lauryn	217
lausanne	209
lautrec	118
lav	130
lava	3027
lavage	193
laval	156
lavatories	141
lavatory	917
lavender	1585
laverne	641
lavery	172
lavinia	623
lavish	754
lavishly	131
lavoisier	155
lavon	985
law	78264
lawd	292
lawford	136
lawful	1549
lawfully	863
lawless	551
lawlessness	264
lawmakers	179
lawman	666
lawmen	144
lawn	5932
lawndale	201
lawnmower	387
lawns	521
lawrence	7193
lawrie	133
laws	14196
lawson	2338
lawsuit	4107
lawsuits	984
lawton	536
lawyer	51332
lawyered	307
lawyering	173
lawyers	11345
lax	969
laxative	457
laxatives	241
laxman	445
laxmi	725
lay	36984
layaway	165
layer	4501
layered	338
layering	140
layers	3177
layin	264
laying	7769
layla	2334
layman	622
laymen	125
layne	179
layoff	140
layoffs	314
layout	1973
layouts	206
layover	291
lays	2094
layton	415
laz	255
lazar	516
lazare	144
lazaro	155
lazarus	1199
laziness	451
lazing	133
lazio	121
lazlo	382
lazy	9297
lazybones	286
lb	197
lbj	142
lbs	463
lcd	190
lce	176
ld	720
lda	144
ldiot	133
le	11814
lea	2206
leach	468
lead	65756
leaded	137
leader	35155
leaders	9449
leadership	5644
leadeth	326
leading	17295
leads	16844
leaf	5717
leaflet	363
leaflets	674
leafs	175
leafy	345
league	13742
leaguer	116
leaguers	119
leagues	1419
leah	3104
leak	8964
leakage	397
leaked	2804
leakey	116
leaking	2950
leaks	1788
leaky	667
lean	7849
leander	237
leandro	171
leaned	1127
leaning	2825
leann	623
leanne	1248
leans	540
leant	173
leap	5719
leaped	379
leapfrog	164
leaping	1042
leapinlar	491
leaps	889
leapt	587
lear	951
learn	84936
learned	43716
learner	1035
learners	118
learnin	148
learning	17252
learns	2387
learnt	5587
leary	629
lease	4394
leased	655
leases	540
leash	2684
leashes	116
leasing	337
least	162905
leather	8241
leatherhead	135
leathers	171
leathery	178
leave	478282
leavenworth	415
leaves	35150
leavin	1198
leaving	117050
leavitt	122
lebanese	687
lebanon	987
lebeau	883
lebedev	117
leblanc	638
lebowski	255
lebron	472
lech	189
leche	193
lecher	252
lecherous	348
lechery	173
leclair	155
leclerc	327
lecter	675
lecture	7721
lectured	390
lecturer	718
lecturers	115
lectures	2020
lecturing	1019
led	22806
leda	480
ledbetter	144
ledda	115
lederhosen	119
ledge	1732
ledger	1571
ledgers	345
lee	38047
leeann	151
leech	1186
leeches	963
leeching	125
leeds	1474
leek	347
leekie	132
leeks	287
leela	1820
leena	440
leer	221
leering	206
leery	361
lees	262
leeson	136
leeway	405
leeza	183
lefebvre	185
leffingwell	125
lefkowitz	118
left	378587
leftist	389
leftists	130
leftover	1289
leftovers	2019
lefts	187
lefty	1341
leg	40449
legacies	175
legacy	5455
legal	24785
legality	302
legalization	143
legalize	291
legalized	274
legally	6152
legate	249
legation	201
legba	144
legend	13418
legendary	4550
legends	3438
legged	264
leggings	252
leggy	222
legible	221
legion	2521
legionnaire	245
legionnaires	224
legions	993
legislate	120
legislation	1360
legislative	548
legislator	141
legislators	158
legislature	532
legit	2845
legitimacy	471
legitimate	5036
legitimately	429
legitimize	166
legless	234
lego	444
legos	224
legrand	221
legs	42152
legwork	361
leh	239
lehman	471
lehmann	241
lei	1537
leia	517
leibniz	144
leicester	741
leiden	122
leif	656
leigh	1732
leighton	382
leila	1515
leipzig	506
leisure	2061
leisurely	509
leith	421
lejeune	123
lek	215
lela	311
leland	1609
lele	227
lello	116
lelouch	204
lem	1195
lemaitre	137
lemay	136
lemel	163
lemme	1288
lemming	177
lemmings	260
lemmy	296
lemoine	197
lemon	9653
lemonade	3621
lemond	274
lemonis	1698
lemons	1288
lemur	506
lemurs	395
len	2603
lena	5917
lend	11500
lender	332
lenders	206
lending	1477
lends	512
lene	197
leng	488
length	6276
lengthen	219
lengths	1900
lengthy	689
leni	442
leniency	492
lenient	856
lenin	1605
leningrad	836
lenka	195
lennart	274
lennie	917
lennier	236
lennon	1319
lennox	1767
lenny	5667
leno	454
lenora	164
lenore	919
lenox	437
lens	3661
lenses	1667
lent	3600
lentil	268
lentils	469
lentz	114
lenz	143
leo	20521
leofric	148
leon	7619
leona	562
leonard	8267
leonardo	4148
leone	832
leoni	127
leonid	540
leonidas	318
leonie	321
leonor	307
leonora	410
leopard	2703
leopards	616
leopold	1122
leopoldo	240
leos	129
leotard	231
leper	803
lepers	463
lepic	128
leprechaun	1039
leprechauns	366
leprosy	667
ler	227
lermontov	142
lerner	292
leroux	135
leroy	2033
les	4922
lesbian	6274
lesbians	2015
lesbo	323
lesbos	174
lesion	385
lesions	648
lesley	750
leslie	8534
less	90011
lessen	559
lessened	142
lesser	2113
lessing	235
lesson	24843
lessons	11157
lest	1633
lester	4912
lestrade	621
let	1705262
let's	1100000
leta	135
letdown	311
letha	124
lethal	4489
lethargic	239
lethargy	162
leticia	381
letitia	297
letme	139
leto	250
lets	14876
letter	65448
letterbox	223
letterhead	246
lettering	315
letterman	494
letters	28465
lettie	268
lettin	446
letting	30057
lettuce	2133
letty	538
letyou	141
leukaemia	231
leukemia	1217
leung	1005
leutnant	187
lev	663
leva	156
levee	238
level	39476
leveled	545
leveling	276
levelled	184
levels	9454
lever	1930
leverage	2758
leveraged	206
levers	399
levi	2085
leviathan	641
levied	122
levin	588
levine	1038
levinson	272
levitate	266
levitating	137
levitation	221
leviticus	197
levitt	142
levity	258
levon	243
levy	773
lew	1176
lewd	656
lewicki	177
lewinsky	158
lewis	13201
lewiston	129
lewton	220
lex	5495
lexa	347
lexcorp	124
lexi	1443
lexicon	230
lexie	811
lexington	836
lexus	614
lexx	1024
lexy	226
ley	367
leyden	186
leyla	608
leyland	161
leyton	241
lez	124
lf	18264
lfl	311
lfyou	225
lg	193
lgbt	237
lgbtq	129
lhasa	240
lhc	186
li	9969
lia	534
liabilities	294
liability	2390
liable	2655
liaise	257
liaison	2106
liaisons	212
liam	8611
lian	1310
liana	250
liane	192
liang	2936
lianne	147
lianzhu	144
liao	318
liaoxi	202
liar	23882
liars	2985
lib	594
libation	136
libby	3175
libel	650
libera	149
liberace	410
liberal	3034
liberalism	193
liberally	124
liberals	819
liberate	1249
liberated	1994
liberating	796
liberation	2743
liberator	519
liberators	181
liberia	248
libertarian	162
liberties	1152
libertine	256
liberty	10080
libido	586
libra	355
librarian	1749
librarians	339
libraries	731
library	16307
libre	255
libs	118
libya	901
libyan	354
libyans	146
lice	2285
licence	3381
licences	173
license	20413
licensed	1539
licenses	758
licensing	387
lich	123
lichen	179
lichtenstein	170
lick	6617
licked	1638
licker	148
lickin	114
licking	2233
licks	702
licky	132
licorice	773
lid	4166
lida	384
liddell	189
liddy	305
lidia	349
lido	429
lidocaine	518
lids	452
lie	95930
liebchen	156
liebe	172
lieber	174
lieberman	349
liebling	133
liechtenstein	170
lied	32979
liege	892
lien	570
lier	134
lies	34827
liesel	145
lieu	645
lieut	372
lieutenant	54321
lieutenants	802
lif	206
life	624596
lifeblood	345
lifeboat	810
lifeboats	434
lifeguard	1205
lifeguards	280
lifeless	1144
lifelike	439
lifeline	999
lifelong	1640
lifer	242
lifers	152
lifes	259
lifesaver	749
lifesaving	172
lifespan	419
lifestyle	4610
lifestyles	377
lifetime	13272
lifetimes	807
lift	29528
lifted	5247
lifting	3334
liftoff	648
lifts	1861
ligament	325
ligaments	283
ligature	596
liggett	143
light	126657
lightbulb	379
lightbulbs	141
lighted	519
lighten	3161
lightened	209
lightening	612
lighter	7953
lighters	283
lightest	261
lightfoot	181
lightheaded	256
lighthearted	141
lighthouse	2290
lighthouses	152
lighting	5668
lightly	4506
lightman	570
lightness	317
lightnin	134
lightning	10394
lights	36039
lightsaber	313
lightweight	1047
lightyear	228
lik	726
likable	463
like	2983027
likeable	538
liked	52485
likelihood	959
likely	24527
likened	143
likeness	1310
likes	51334
likewise	2950
likey	272
likeyou	187
liking	5217
lil	2991
lila	2572
lilac	583
lilacs	314
lilah	425
lile	156
lili	1627
lilia	127
lilian	357
liliana	308
liliane	249
lilies	1226
lilith	1649
lill	623
lille	277
lilli	410
lillian	2603
lillie	408
lilly	3346
lilo	450
lilting	120
lily	17324
lim	1184
lima	1202
limb	3091
limbaugh	116
limber	358
limbic	161
limbo	1202
limbs	2718
lime	2866
limehouse	219
limelight	644
limerick	216
limes	348
limestone	908
limey	311
limit	11384
limitation	396
limitations	1883
limited	8575
limiting	436
limitless	906
limits	7905
limo	4235
limoges	206
limos	333
limousine	1313
limousines	245
limp	2623
limped	159
limpet	159
limping	953
limps	131
limpy	122
lin	6189
lina	2764
linc	626
linchpin	159
lincoln	8590
lincolnshire	172
lind	204
linda	14644
lindberg	173
lindbergh	576
linde	172
linden	1175
linder	199
linderman	265
lindisfarne	115
lindley	210
lindo	205
linds	356
lindsay	5736
lindsey	2193
lindstrom	209
lindus	114
lindy	673
line	132433
linea	115
lineage	1004
linear	893
linebacker	398
lined	4384
lineman	167
linen	1900
linens	517
liner	911
liners	230
lines	27383
lineu	131
lineup	1670
ling	4707
lingam	159
linger	1234
lingered	243
lingerie	1889
lingering	930
lingers	511
lingo	700
linguine	129
linguini	218
linguist	217
linguistic	275
linguistics	223
linh	138
liniment	158
lining	3572
linings	147
link	12591
linkage	181
linked	5307
linking	1277
linklater	118
links	3287
linley	130
linn	265
linnea	157
linnet	132
lino	421
linoleum	303
linseed	142
lint	555
linton	242
linus	1734
linux	225
linwood	117
linz	245
lion	14069
lionel	4466
lioness	539
lionesses	212
lionfish	133
lionheart	191
lions	6034
lip	7597
lipo	277
liposuction	350
lippman	127
lippy	175
lips	20725
lipschitz	124
lipstick	5405
lipsticks	165
lipton	557
lipwig	138
liquefied	171
liquefy	142
liqueur	564
liquid	7435
liquidate	496
liquidated	292
liquidation	241
liquidity	167
liquids	601
liquor	10090
liquored	172
liquorice	217
liquors	155
lira	1392
liras	839
lire	2792
lis	638
lisa	23839
lisbeth	888
lisbon	2982
lise	1228
lisette	244
lisi	208
lisp	338
lisping	179
lissa	405
lissy	145
list	59557
listed	4233
listen	365791
listened	11059
listener	1375
listeners	1281
listenin	379
listening	45564
listens	3762
lister	971
listing	1244
listings	366
listless	215
liston	310
lists	2996
liszt	230
lit	7794
lita	297
litany	184
litchfield	244
lite	311
liter	939
literacy	355
literal	1294
literally	19728
literary	2385
literate	335
literature	5444
liters	1329
lithe	115
lithium	693
lithuania	505
lithuanian	417
lithuanians	119
litigation	785
litigator	188
litigious	128
litle	117
lito	243
litre	605
litres	714
litt	315
litter	2372
littered	536
littering	401
litters	121
little	869522
littlefield	136
littlefoot	269
littlejohn	197
littler	129
littlest	396
littleton	191
litton	161
liu	4062
liv	3848
livable	171
live	281046
lived	53550
livelier	145
livelihood	1307
livelihoods	148
lively	4065
liven	531
liver	10281
liverpool	1977
livers	441
liverwurst	162
livery	381
lives	110583
livesey	154
livestock	1736
liveth	179
livi	122
livia	1212
livid	469
lividity	405
livie	152
livin	2683
living	121552
livingston	511
livingstone	565
livorno	147
livvie	169
livvy	240
livy	233
liya	118
liz	10861
liza	2555
lizard	3720
lizards	1292
lizaveta	143
lizzie	4769
lizzy	1790
lj	203
ljubljana	122
ljust	520
lk	207
ll	2913428
llama	566
llamas	205
llamo	129
llc	205
llewellyn	244
lljust	136
lll	552
lloyd	7151
lm	1063
lmagine	209
lmmediately	133
lmmigration	115
lmperial	354
lmpossible	654
ln	9844
lndlstlnctly	150
lndu	116
lnspector	605
lnternational	199
lnternet	177
lo	7717
loa	143
loach	121
load	19510
loaded	12268
loader	348
loading	3475
loads	6133
loaf	2438
loafer	509
loafers	590
loafing	284
loan	14751
loaned	1396
loaner	188
loaning	275
loans	2995
loath	169
loathe	1140
loathed	368
loathes	126
loathing	312
loathsome	536
loaves	477
lob	399
lobbied	192
lobbies	145
lobby	6408
lobbying	546
lobbyist	390
lobbyists	303
lobe	1343
lobes	483
lobo	1249
lobos	755
lobotomy	474
lobster	4851
lobsters	994
loc	341
loca	351
local	37344
locale	193
locality	287
localized	361
locally	1024
locals	3856
locate	6706
located	7648
locating	829
location	22282
locations	3578
locator	578
loch	1129
lock	40462
lockbox	196
lockdown	2414
locke	1620
locked	41079
locker	9803
lockers	999
locket	1594
lockhart	1684
lockheed	170
locking	3296
lockjaw	193
lockout	165
locks	5422
locksley	252
locksmith	787
lockup	1086
lockwood	787
loco	1300
locomotion	141
locomotive	793
locomotives	166
locos	218
locus	165
locust	345
locusts	672
lode	564
loder	160
lodge	5209
lodged	1538
lodger	479
lodgers	184
lodges	257
lodging	946
lodgings	672
lodi	173
lodz	222
loeb	232
loft	2888
lofts	143
lofty	776
log	9100
logan	8799
logar	130
logbook	348
logged	1548
logger	143
loggerheads	116
loggers	206
logging	874
loggins	152
logic	5950
logical	5565
logically	891
login	228
logistic	231
logistical	277
logistics	792
logo	2022
logos	240
logs	2970
lohan	291
lohengrin	178
loi	140
loic	160
loin	525
loincloth	198
loins	700
loire	245
lois	9872
loiter	222
loitering	753
lojack	194
lok	708
loker	117
loki	1145
lol	953
lola	6262
lolaus	152
loli	147
lolita	675
lollipop	1274
lollipops	472
lolly	800
lollypop	167
lolo	290
lom	151
loma	147
loman	385
lomas	116
lomax	698
lombard	583
lombardi	271
lombardo	428
lombardy	135
lompoc	185
lon	1039
londo	324
london	42880
londoners	176
lone	3807
lonelier	202
loneliest	357
loneliness	4461
lonely	27863
loner	1463
loners	197
lonesome	2522
long	496267
longboat	119
longed	1307
longer	91035
longest	3987
longevity	694
longfellow	217
longhorn	179
longhorns	122
longing	3035
longings	151
longinus	142
longitude	655
longmire	192
longo	421
longs	584
longstanding	126
longstocking	237
longstreet	210
longtime	614
longworth	164
loni	144
lonnie	1685
lonny	258
lonsdale	131
loo	2475
loofah	174
look	1348467
lookalike	171
looked	90441
lookee	360
looker	654
lookie	716
lookin	9991
looking	326550
lookit	711
lookout	3317
lookouts	248
looks	233814
looky	892
loom	503
loomed	125
looming	614
loomis	829
loompa	136
looms	355
loon	589
looney	534
loong	184
loonies	291
loony	1596
loop	5134
looped	271
loophole	768
loopholes	327
looping	203
loops	858
loopy	400
loos	182
loose	26356
loosed	161
loosely	635
loosen	3529
loosened	584
loosening	307
loosens	166
looser	465
loosing	483
loot	2647
looted	753
looters	353
looting	1043
lop	270
lope	367
lopes	127
lopevi	182
lopez	2878
lopped	117
lopsided	286
lor	712
lora	350
lorazepam	199
lorca	341
lord	124880
lorde	180
lording	127
lords	4951
lordship	4083
lordships	124
lordy	704
lore	794
loredana	204
loreen	212
lorelai	1608
lorelei	690
loren	816
lorena	511
lorenz	495
lorenza	153
lorenzo	3323
loreto	117
loretta	1729
lori	3743
lorie	253
lorimer	129
loring	191
loris	134
lorna	1922
lorne	668
lorraine	2638
lorrie	130
lorries	389
lorry	1852
lory	143
los	14462
lose	118712
loser	16663
losers	6666
loses	7142
losin	456
losing	38585
loss	24625
losses	3932
lost	222398
lot	411660
lota	125
lothal	123
lothar	174
lothario	129
lothbrok	241
lotion	1844
lotions	198
lots	46570
lotsa	114
lotta	1967
lotte	1240
lottery	5977
lotti	115
lottie	466
lotto	899
lotus	2754
lou	14221
loud	32757
louder	7761
loudest	566
loudly	6596
loudmouth	453
loudon	227
loudspeaker	854
loudspeakers	155
louella	170
louganis	176
louie	5375
louis	19754
louisa	2299
louise	10525
louisiana	2257
louisville	516
loulou	192
lounds	126
lounge	4597
lounging	287
loup	178
lourdes	650
louse	884
lousy	11454
lout	553
louts	165
louvre	1123
lov	172
lovable	1128
love	830324
loveable	365
lovebirds	1243
lovecraft	220
loved	86138
lovejoy	3636
lovelace	278
loveless	421
lovelier	401
lovelies	194
loveliest	781
loveliness	336
lovell	370
lovelorn	169
lovely	67236
lovemaking	620
lover	24842
loverboy	288
lovers	10769
loves	52751
lovesick	463
lovett	296
lovey	502
loveyou	128
lovin	1853
loving	19152
lovingly	808
low	41837
lowball	126
lowdown	447
lowe	1209
lowell	1248
lowen	190
lowenstein	205
lowenthal	132
lower	23529
lowered	2445
lowering	974
lowers	652
lowery	194
lowest	3111
lowing	270
lowland	158
lowlands	217
lowlife	1179
lowlifes	426
lowly	1655
lowrey	117
lowry	805
lows	532
lox	259
loxley	297
loy	225
loyal	11641
loyalist	201
loyalists	204
loyally	195
loyalties	696
loyalty	10321
loyola	131
lozano	176
lozenge	123
lozenges	119
lp	630
lps	196
lron	132
ls	18609
lsb	123
lsd	1462
lshaan	136
lsland	144
lsn	2081
lt	54305
ltd	2371
lts	355
lu	4160
luan	177
luana	128
luang	120
luann	238
luanne	559
luau	603
luba	150
lubbock	204
lube	861
lubin	134
lublin	128
lubricant	493
lubricate	145
lubricated	147
lubrication	167
luc	2201
luca	3414
lucas	12659
lucca	375
lucci	173
luce	761
lucerne	178
lucero	129
lucha	135
lucho	167
luci	208
lucia	3075
lucian	474
luciana	385
luciano	1454
lucid	957
lucidity	171
lucie	1230
lucien	1887
lucienne	198
lucifer	2822
lucilla	197
lucille	2118
lucinda	969
lucio	570
lucious	1321
lucius	1193
luck	101228
lucked	463
luckier	621
luckiest	1352
luckily	7442
lucknow	447
lucky	92377
lucrative	1284
lucrecia	426
lucretia	187
lucrezia	1049
lucy	21366
luddite	115
ludendorff	143
ludicrous	1110
ludicrus	117
ludie	159
ludlow	489
ludmila	220
ludmilla	137
ludo	554
ludovic	279
ludovico	158
ludvig	120
ludwig	1430
luego	195
luffy	183
lufthansa	149
luftwaffe	665
lug	997
luge	138
luger	295
luggage	7957
lugging	327
lugo	119
lugosi	204
lugs	133
lui	1122
luigi	1892
luis	5397
luisa	1819
luise	154
luiz	226
luiza	133
luk	443
luka	1171
lukas	1415
luke	20488
lukewarm	517
lukey	168
lula	677
lull	528
lulla	363
lullabies	249
lullaby	1617
lulled	166
lulu	3177
lum	711
lumbago	162
lumbar	462
lumber	1459
lumbered	128
lumbering	185
lumberjack	589
lumberjacks	169
lumberyard	131
lumen	284
lumiere	237
luminol	175
luminous	661
lummox	116
lump	3477
lumped	155
lumps	1228
lumpur	284
lumpy	989
lumumba	150
lun	559
luna	2546
lunacy	514
lunar	2144
lunatic	5695
lunatics	1159
lunch	62582
lunchbox	475
luncheon	1584
luncheonette	142
lunches	1506
lunching	266
lunchroom	191
lunchtime	2167
lund	636
lundgren	229
lundy	389
lune	221
lung	7084
lunge	359
lunged	185
lungs	8097
lunkhead	134
lunt	153
luo	1089
lupe	709
lupin	1987
lupita	272
lupo	457
lupus	694
lurch	1140
lurcio	579
lure	4383
lured	1889
lures	421
lurid	273
luring	528
lurk	454
lurked	120
lurking	1924
lurks	468
luscious	640
lush	1198
lusitania	130
lusk	119
lust	5983
luster	216
lustful	438
lustig	161
lusting	193
lustrous	156
lusts	188
lusty	298
lute	591
luther	4192
lutheran	293
luthor	2113
luthorcorp	326
luton	157
lutz	802
luv	846
lux	1228
luxan	189
luxembourg	594
luxor	253
luxuries	601
luxurious	1342
luxury	6673
luz	555
lv	260
lve	178
lvpd	187
lvy	134
ly	760
lycan	118
lyceum	120
lycra	187
lydecker	364
lydia	6215
lye	269
lyekka	210
lyell	177
lygia	150
lyin	961
lying	71098
lyla	1285
lyle	2709
lyman	747
lyme	375
lymph	409
lymphatic	118
lymphoma	432
lyn	330
lynch	2409
lynched	391
lynching	398
lynda	532
lynde	132
lyndon	673
lyndsey	555
lyne	133
lynette	1473
lynley	224
lynn	4519
lynne	666
lynx	383
lyon	1773
lyons	846
lyosha	147
lyra	362
lyre	350
lyric	907
lyrical	390
lyrics	4382
lysander	188
lyta	156
lytton	215
lyuba	281
lyuda	124
lyudmila	139
lz	313
ma	114026
maa	208
maam	321
maar	164
maari	220
maarten	172
mab	175
mabel	2373
mabuse	184
mac	15285
maca	180
macabre	524
macadamia	234
macallan	144
macao	385
macaques	145
macarena	336
macaroni	1398
macaroon	166
macaroons	298
macarthur	1054
macau	1135
macaulay	181
macaw	137
macaws	115
macbeth	1378
macchiato	290
macdonald	1064
macdougall	190
macduff	314
mace	1894
macedonia	375
macedonian	219
macey	256
macfarlane	166
macgregor	461
macgyver	3418
mach	812
macha	165
machado	302
machan	50000
machete	1184
machetes	280
machi	256
machiavelli	389
machiavellian	175
machiko	446
machin	259
machina	124
machinations	169
machine	54140
machinery	3186
machines	11899
machinist	152
machismo	153
macho	2464
machu	365
macie	118
maciek	131
macintosh	451
macintyre	204
maciste	279
mack	4071
mackay	455
mackenzie	2331
mackerel	1146
mackey	815
mackie	413
mackintosh	187
macklin	354
maclaine	144
maclaren	184
maclean	286
macleish	308
macleod	2375
macmillan	356
macnamara	148
macneil	216
macnell	121
macon	423
macpherson	395
macro	220
macs	144
macy	1740
mad	85366
mada	147
madagascar	916
madalena	183
madalyn	159
madam	48931
madame	23490
madan	432
madcap	182
maddalena	278
madden	892
maddening	335
madder	501
maddie	4882
maddox	1219
maddux	140
maddy	2541
made	433900
madea	373
madeira	348
madelaine	124
madeleine	2353
madeline	2679
madelyn	178
mademoiselle	6256
madero	168
madge	1212
madhav	296
madhava	114
madhavan	180
madhavi	253
madhouse	1015
madhu	953
madhuri	384
madi	229
madiba	121
madigan	164
madison	5890
madly	2291
madman	3899
madmen	544
madness	9271
mado	233
madoff	310
madoka	216
madonna	3304
madox	116
madras	679
madre	542
madrid	4192
madrigal	142
mads	1161
madsen	483
madurai	352
madwoman	328
mae	3676
maebh	114
maeby	325
maeda	285
maelstrom	192
maester	133
maestro	3531
maeve	301
mafia	5067
mafioso	212
mag	1114
maga	240
magali	188
magatama	137
magazine	17461
magazines	5935
magda	1643
magdalena	729
magdalene	573
mage	315
magee	232
magellan	347
magenta	376
maggi	150
maggie	16770
maggio	151
maggot	874
maggots	1296
maggs	128
maggy	216
magi	374
magic	48484
magical	9287
magically	1229
magician	5257
magicians	1100
magics	126
maginot	138
magister	196
magistrate	3653
magistrates	423
magma	946
magna	544
magnanimous	384
magnate	426
magnesium	657
magnet	2700
magnetic	4718
magnetism	719
magnetized	152
magneto	349
magnetosphere	116
magnets	913
magnification	272
magnificence	391
magnificent	9453
magnificently	288
magnifico	160
magnified	284
magnifique	283
magnify	374
magnifying	684
magnitude	1312
magnolia	606
magnolias	135
magnum	3969
magnus	2771
magnusson	221
mago	123
magog	465
magoo	390
magpie	521
magpies	148
magruder	152
mags	1122
maguire	1106
magus	255
mah	418
maha	193
mahabharata	154
mahadev	260
mahal	904
mahalakshmi	198
mahalo	252
maharaj	211
maharaja	336
maharajah	291
maharashtra	210
maharishi	127
mahatma	461
mahdi	389
mahendra	353
maher	204
mahesh	552
mahi	446
mahir	603
mahjong	1393
mahler	400
mahmoud	562
mahmud	205
mahmut	378
mahogany	574
mahone	193
mahoney	956
mai	2736
maia	1026
maid	15457
maida	158
maidana	218
maiden	4652
maidens	779
maids	2393
maidservant	128
maier	139
maigret	287
maiko	191
mail	20627
mailbox	2409
mailboxes	221
mailed	1152
mailer	388
mailing	660
mailman	1519
mailroom	367
mails	466
maim	336
maimed	477
maiming	136
main	36292
maine	2143
mainframe	1162
mainland	2990
mainlander	114
mainlanders	130
mainline	183
mainly	5165
mains	437
mainsail	170
mainstream	1547
maintain	9704
maintained	1874
maintaining	1860
maintains	834
maintenance	4911
maintenant	134
mainwaring	316
maire	151
mais	779
maisie	418
maison	376
maisy	139
maite	223
maitland	438
maitre	611
maize	331
maj	256
maja	700
majer	149
majestic	1570
majesties	353
majesty	37699
majid	362
majin	145
majnu	345
major	60560
majorca	272
majored	407
majoring	252
majority	5944
majorly	182
majors	957
mak	1479
makarov	135
make	963885
makeover	1282
makeovers	184
makepeace	146
maker	4996
makers	1464
makes	172281
makeshift	474
maketh	286
makeup	12393
makeups	441
maki	816
makin	3109
making	169037
makings	493
makino	279
makis	200
mako	948
makoto	986
maksim	173
mal	2904
mala	847
malachi	555
malachy	220
maladjusted	118
malady	282
malaga	262
malaise	162
malaria	1477
malarkey	289
malatesta	139
malawi	173
malay	387
malaya	420
malayalam	365
malayali	122
malaysia	1179
malaysian	421
malcolm	10382
malden	125
maldives	315
maldonado	185
male	29548
maleficent	174
malek	331
malena	195
males	3891
malevolent	349
malfeasance	194
malformation	133
malfoy	157
malfunction	1912
malfunctioned	394
malfunctioning	633
malfunctions	256
malhotra	783
mali	715
malia	602
malibu	1988
malice	1095
malicious	1280
maliciously	208
malick	237
malign	215
malignant	897
maligned	187
malik	2728
malika	208
malin	355
malina	245
malini	257
malka	172
malkovich	326
mall	9166
mallard	597
malle	263
malleable	228
mallet	562
malley	1715
malli	261
mallika	188
mallorca	158
mallory	3162
mallow	117
malloy	1011
malls	646
malmo	134
malnourished	255
malnutrition	393
malo	187
malone	2997
maloney	341
malory	488
malou	132
malp	149
malpractice	865
malt	1127
malta	583
malted	160
maltese	477
malti	192
malu	164
malucci	114
malvina	162
malvo	198
malware	368
mam	3477
mama	55372
mamachan	152
mamacita	274
maman	723
mamas	457
mamba	256
mambo	1174
mame	247
mami	1018
mamie	636
mamita	158
mamiya	246
mamma	3112
mammal	1017
mammalian	120
mammals	1719
mammogram	167
mammoth	1261
mammoths	374
mammy	2043
mamo	220
mamoru	261
man	1173588
mana	873
manabe	119
manabu	249
manacles	116
manage	25874
manageable	522
managed	20964
management	9540
manager	33775
managerial	207
managers	1784
manages	1973
managing	3924
manali	126
manami	221
manana	149
manassas	182
manatee	247
manatees	146
manaus	140
manav	309
mancha	225
manchester	2995
manchu	445
manchuria	638
manchurian	272
manchus	116
mancini	431
mancuso	221
manda	282
mandala	205
mandalay	212
mandalore	128
mandar	249
mandarin	1897
mandarins	128
mandate	1061
mandated	221
mandates	148
mandatory	2048
mandel	204
mandela	809
manderley	184
mandi	287
mandible	306
mando	125
mandolin	296
mandragora	121
mandrake	403
mandy	5175
mane	797
manet	377
manette	183
maneuver	2027
maneuvered	129
maneuvering	430
maneuvers	1080
manfred	679
manfredi	197
mang	184
manga	722
mangal	339
mangalam	159
manganese	169
mange	219
manger	610
mangle	179
mangled	633
mango	1867
mangoes	592
mangrove	223
mangroves	169
mangy	689
manhandle	120
manhandled	175
manhattan	6290
manheim	145
manhole	557
manhood	1486
manhunt	994
manhunter	131
mani	902
mania	766
maniac	5188
maniacal	534
maniacally	685
maniacs	934
manic	2412
manicure	1084
manicured	193
manicures	175
manicurist	284
manifest	2255
manifestation	709
manifestations	331
manifested	374
manifesting	198
manifesto	964
manifests	498
manifold	353
manila	1183
manilow	264
maninder	243
manion	200
manipulate	3035
manipulated	2313
manipulates	194
manipulating	1488
manipulation	1398
manipulations	128
manipulative	1140
manipulator	364
manish	133
manitoba	193
manitou	139
manitowoc	118
manju	374
mankiewicz	117
mankind	7803
manley	291
manliness	252
manly	2587
manmade	252
manmohan	118
mann	1368
manna	310
manned	834
mannequin	972
mannequins	369
manner	9260
mannered	203
mannerisms	256
manners	8973
mannheim	153
manni	247
manning	2657
mannion	210
mannitol	158
mannix	3786
mannu	237
manny	5786
mano	987
manoel	187
manoeuvre	628
manoeuvres	374
manoeuvring	135
manohar	191
manoj	304
manolis	218
manolo	1227
manon	624
manor	2726
manos	206
manpower	1544
mans	965
mansa	126
mansell	133
manservant	370
mansfield	911
mansi	153
mansion	6257
mansions	604
manslaughter	2492
manson	1157
mansoor	156
mansour	273
mansur	122
manta	521
mantel	417
mantelpiece	324
manticore	333
mantis	1014
mantle	1463
manton	136
mantra	844
mantras	139
mantrid	181
mantua	195
manu	1494
manual	5512
manually	1001
manuals	494
manuel	4054
manuela	886
manuelita	120
manuelo	171
manufacture	1553
manufactured	1462
manufacturer	1544
manufacturers	885
manufactures	237
manufacturing	1733
manure	1479
manus	155
manuscript	2655
manuscripts	692
many	314850
manya	307
mao	2351
maoist	115
maori	335
map	22726
mapes	134
maple	1903
maples	178
mapo	138
mapped	793
mapping	735
mapplethorpe	157
maps	3448
maquis	454
mar	1232
mara	2659
maracas	137
maradona	338
marais	170
maraschino	121
marat	402
marathi	126
marathon	2942
marathons	201
maraucourt	123
marauder	333
marauders	239
marauding	170
marbella	295
marble	3346
marbles	1806
marburg	435
marc	5610
marce	180
marceau	328
marcel	4457
marcela	407
marceline	207
marcelino	212
marcella	630
marcelle	241
marcello	1136
marcellus	472
marcelo	420
march	20744
marchal	144
marchand	315
marche	115
marched	1816
marchers	165
marches	947
marchesa	117
marchese	170
marchetti	256
marching	5029
marchioness	314
marchmain	127
marci	569
marcia	1986
marciano	198
marcie	1365
marcin	198
marco	9511
marconi	364
marcos	2008
marcus	13314
marcy	1921
mardi	1033
mardle	162
marduk	140
mare	2351
marek	993
maren	194
mares	475
marg	247
marga	446
margaret	13236
margareta	128
margarine	378
margarita	2473
margaritas	802
margate	221
margaux	492
marge	4719
margene	402
margery	183
margherita	522
margie	1200
margin	1831
marginal	407
marginalized	198
marginally	218
margins	770
margit	295
margo	1947
margolis	132
margot	2184
margrave	139
margret	130
margrethe	188
marguerite	2276
margy	137
mari	1711
maria	25422
mariachi	510
mariah	534
mariam	166
marian	2419
mariana	1789
marianas	171
marianna	331
marianne	3320
mariano	710
maribel	331
marie	15044
mariel	370
mariella	135
marietta	277
mariette	191
marigny	167
marigold	608
marigolds	128
marija	139
marijuana	4561
marika	583
mariko	554
marilla	439
marilyn	5269
marimo	134
marin	1150
marina	5202
marinade	225
marinara	265
marinate	243
marinated	340
marinating	131
marine	8827
marineo	129
mariner	329
mariners	236
marines	4779
marinette	130
marinka	139
marino	926
mario	7787
marion	3995
marionette	249
marionettes	150
mariposa	241
maris	955
marisa	1570
marisha	200
mariska	173
marisol	1044
marissa	2639
marit	248
marita	238
marital	1593
maritime	749
maritza	133
marius	1447
marizza	119
marja	222
marjorie	2728
mark	61805
marked	7684
marker	2864
markers	1411
market	33081
marketable	143
marketed	207
marketing	4265
marketplace	1202
markets	2651
markham	1111
markie	217
marking	1439
markings	1445
marko	1431
markos	233
markov	274
marks	18117
marksman	557
marksmanship	257
marksmen	167
markup	130
markus	986
marky	371
marla	1113
marlboro	373
marlborough	168
marlena	148
marlene	1970
marley	1883
marlin	661
marlo	544
marlon	1982
marlott	257
marlow	838
marlowe	1368
marly	179
marmaduke	279
marmalade	751
marmee	133
marmite	130
marne	163
marni	314
marnie	1492
marny	158
maron	287
maroney	204
maroni	171
maroon	679
marooned	388
marple	992
marq	135
marquee	422
marquesa	399
marquess	180
marquette	291
marquez	689
marquis	3073
marquise	850
marr	430
marrakech	227
marrakesh	183
marred	222
marriage	64465
marriageable	137
marriages	2880
married	157817
marries	1950
marriott	366
marrow	2009
marry	73938
marrying	10677
mars	10656
marsala	186
marsden	467
marseillaise	264
marseille	1225
marseilles	1022
marsh	4974
marsha	1271
marshak	194
marshal	8433
marshall	9644
marshals	1505
marshes	512
marshland	144
marshmallow	1043
marshmallows	1208
marshy	115
marsten	176
marston	438
marsupial	139
mart	1143
marta	3808
marte	130
martel	375
martell	353
martelli	154
marten	361
martens	166
martha	11902
marthe	400
marti	465
martial	7085
martian	2176
martians	1049
martin	33293
martina	1050
martine	1152
martinelli	208
martinez	2812
martini	3105
martinique	239
martinis	1108
martino	481
martins	401
martinson	130
martlnez	117
martok	118
marty	16606
martyn	124
martyr	2384
martyrdom	493
martyred	273
martyrs	1013
maru	760
marusya	127
maruti	242
maruyama	208
marv	938
marva	140
marvel	2143
marvellous	4172
marvellously	129
marvelous	6595
marvelously	167
marvels	335
marvin	4322
marwan	583
marx	1692
marxism	262
marxist	420
mary	58366
marya	120
maryam	242
maryann	342
maryanne	152
maryland	1699
marylin	147
marylou	125
marys	528
marzipan	352
mas	878
masa	478
masada	132
masahiko	140
masahiro	189
masai	161
masaki	413
masako	481
masala	340
masami	152
masamune	148
masao	487
masaomi	150
masaru	318
masato	182
masayuki	184
mascara	857
mascot	1698
mascots	157
masculine	1582
masculinity	488
mase	169
maserati	473
mash	1737
masha	1140
mashallah	132
mashed	1928
masher	145
mashing	133
mashiro	201
mask	14863
masked	2189
maskell	208
masking	390
masks	4281
masochism	140
masochist	382
masochistic	124
mason	13518
masonic	350
masonry	296
masons	724
masquerade	875
masquerading	386
mass	17516
massa	857
massachusetts	1966
massacre	3678
massacred	848
massacres	427
massage	8424
massaged	262
massager	180
massages	893
massaging	451
massasoit	125
masse	258
massed	147
masseria	186
masses	3047
masseur	608
masseuse	689
massey	574
massimo	731
massing	187
massive	14789
massively	629
masson	186
massoud	182
mast	1115
mastectomy	211
master	95131
mastercard	226
masterchef	2303
mastered	1491
masterforce	140
masterful	436
mastering	309
masterman	120
mastermind	1454
masterminded	224
masterpiece	3343
masterpieces	532
masters	7948
masterson	819
mastery	569
mastiff	123
mastodon	259
masts	240
masturbate	1334
masturbated	319
masturbating	957
masturbation	1091
masuka	132
mat	3206
mata	746
matador	671
mataemon	223
matahachi	154
matan	131
matata	192
match	45223
matchbook	258
matchbox	374
matched	3421
matches	10279
matching	3905
matchless	119
matchmaker	771
matchmaking	367
matchstick	183
matchup	165
mate	44782
mated	261
matei	131
mateo	2206
mater	1147
material	18538
materialise	132
materialism	228
materialistic	349
materialize	291
materialized	194
materially	118
materials	5740
maternal	1434
maternity	1725
mates	6354
matey	769
mateys	144
math	10739
mathai	165
mathematical	1945
mathematically	455
mathematician	909
mathematicians	447
mathematics	2778
mather	483
mathers	288
matheson	442
mathew	371
mathews	528
mathias	1016
mathieu	894
mathilda	351
mathilde	832
mathis	621
mathison	215
maths	2040
mathur	343
mathura	126
mati	159
matias	466
matic	115
matilda	1485
matilde	464
matinee	670
mating	1936
matisse	557
matlock	261
mato	186
matriarch	272
matrices	166
matrimonial	382
matrimony	1320
matrix	2622
matron	1685
mats	1002
matson	165
matsu	309
matsubara	133
matsuda	392
matsudaira	212
matsui	295
matsuko	196
matsumoto	495
matsumura	160
matsunaga	138
matsuo	146
matsushima	177
matsuyama	153
matt	24245
matte	377
matted	137
mattei	151
matteo	727
matter	247812
mattered	2589
matterhorn	171
matters	29539
matthew	11128
matthews	3783
matthias	531
matti	556
mattia	248
mattias	274
mattie	1528
mattingly	115
mattress	4265
mattresses	796
matty	4232
mature	6334
matured	744
matures	123
maturing	225
maturity	1249
matuschek	132
matzo	194
mau	644
maud	1079
maude	1218
maudie	206
maudlin	202
maui	859
maul	345
mauled	475
mauling	148
maura	1816
maureen	3464
maurice	6462
mauricio	391
maurier	150
mauritius	313
maurizio	449
mauro	290
maury	665
mauser	416
mausoleum	708
mauve	267
mav	143
maven	116
maverick	966
mavericks	364
mavis	933
maw	1165
max	47938
maxed	596
maxfield	132
maxi	718
maxie	895
maxim	1397
maxime	519
maximilian	485
maximillian	132
maximise	117
maximize	511
maximo	144
maximum	6386
maximus	764
maxine	2538
maxwell	3299
may	373526
maya	10285
mayan	938
mayans	527
maybe	581087
maybelle	253
maybelline	122
mayberry	226
maybes	295
maybury	153
mayday	2883
mayer	1102
mayes	194
mayfair	650
mayfield	710
mayflower	423
mayhem	1433
mayhew	404
maykel	263
mayko	302
maynard	843
mayne	137
mayo	1537
mayonnaise	1424
mayor	27530
mayoral	294
mayors	268
maypole	134
mays	502
mayu	207
mayumi	392
mayuri	166
mayweather	199
maz	171
mazda	315
maze	2753
mazel	853
mazes	134
mb	133
mba	712
mc	1683
mcadams	118
mcafee	130
mcalister	140
mcallister	719
mcandrew	141
mcarthur	148
mcavoy	232
mcbain	303
mcbeal	269
mcbride	1205
mcc	142
mccabe	674
mccain	756
mccall	1023
mccallister	316
mccallum	190
mccandless	147
mccann	870
mccarthy	1877
mccartney	722
mccarty	136
mccauley	204
mcclain	190
mcclane	364
mcclaren	656
mcclellan	340
mcclintock	210
mccloud	269
mcclure	352
mccluskey	363
mccomb	154
mcconaughey	197
mcconnell	262
mccool	132
mccord	668
mccormack	272
mccormick	588
mccourt	116
mccoy	3241
mccoys	121
mccrae	177
mccready	273
mccullough	395
mcd	179
mcdaniel	123
mcdeere	378
mcdermott	332
mcdonald	2352
mcdonalds	197
mcdormand	134
mcdougal	128
mcdowell	276
mcduck	830
mcenroe	194
mcewan	117
mcfadden	241
mcfarland	355
mcfly	284
mcgarrett	738
mcgarry	288
mcgee	5419
mcgill	673
mcgillicuddy	128
mcginnis	336
mcginty	343
mcgonigle	126
mcgovern	446
mcgowan	403
mcgrath	515
mcgraw	450
mcgregor	568
mcguire	819
mcgurk	155
mcgwire	131
mchale	242
mchenry	142
mchugh	216
mcinerney	138
mcintosh	136
mcintyre	307
mckay	2243
mckee	315
mckeen	119
mckeever	165
mckendrick	116
mckenna	919
mckenzie	1429
mckibben	115
mckinley	1042
mckinney	424
mckinnon	289
mcknight	155
mclane	369
mclaren	749
mclaughlin	190
mclean	337
mcleod	513
mclintock	150
mclntyre	311
mcluhan	195
mcmahon	395
mcmann	170
mcmanus	564
mcmartin	120
mcmasters	119
mcmillan	333
mcmurphy	192
mcmurray	126
mcn	40000
mcnab	200
mcnabb	121
mcnair	161
mcnally	1066
mcnamara	944
mcneal	160
mcneil	550
mcnulty	512
mcphee	339
mcpherson	470
mcquaid	225
mcqueen	1530
mcrae	166
mcs	138
mctavish	183
mcteer	119
mcvane	158
mcveigh	361
md	783
mdma	271
me	6444985
mea	628
meacham	163
meachum	114
mead	967
meade	1115
meaden	258
meadow	2203
meadowlands	130
meadows	1570
meagan	131
meager	491
meagre	230
meal	22145
meals	6318
mealtime	160
mean	821275
meandering	138
meaner	568
meanest	749
meanie	346
meaning	30144
meaningful	2558
meaningless	4205
meanings	563
meanness	294
means	174311
meant	73929
meantime	11582
meanwhile	10589
mears	402
measles	1008
measly	750
measurable	189
measure	9133
measured	2626
measurement	861
measurements	1820
measures	5293
measuring	2041
meat	33050
meatball	1296
meatballs	1776
meathead	359
meatloaf	1027
meatlug	227
meats	805
meatwad	933
meaty	394
mecca	1245
mech	224
mecha	313
mechanic	4555
mechanical	4542
mechanically	270
mechanics	2332
mechanism	3521
mechanisms	662
mechanized	245
mechs	116
med	4103
medal	7498
medalist	240
medallion	1512
medallions	211
medals	2732
medavoy	243
meddle	1442
meddled	193
meddler	153
meddlesome	188
meddling	1476
medea	430
medellin	387
medevac	427
medfield	136
medford	223
media	20306
medial	195
median	224
mediate	371
mediation	511
mediator	485
medic	3308
medicaid	252
medical	37844
medically	1081
medicare	394
medicate	172
medicated	455
medication	8789
medications	1464
medici	1151
medicinal	981
medicine	26958
medicines	2586
medicis	145
medics	859
medieval	3248
medina	951
mediocre	1367
mediocrity	520
meditate	1083
meditated	141
meditating	795
meditation	2188
meditations	116
meditative	164
mediterranean	2552
medium	5560
mediums	265
medlab	134
medley	372
meds	4720
medulla	155
medusa	1058
mee	425
meechum	170
meegan	136
meehan	168
meek	922
meeker	217
meekly	135
meeks	418
meemaw	145
meen	117
meena	929
meenakshi	293
meenie	222
meenu	145
meeny	303
meep	204
meer	177
meera	1310
meerkat	150
meet	247466
meetcha	118
meetin	267
meeting	97328
meetings	9099
meets	6803
meg	5939
mega	1532
megahertz	142
megalithic	136
megalomaniac	195
megan	8215
megaphone	507
megatons	135
megatron	1174
megazord	500
meggie	318
meggy	123
megha	353
meghan	1274
meghna	236
megs	128
megumi	587
meh	654
mehdi	172
mehmed	155
mehmet	893
mehra	438
mehta	430
mei	3541
meier	274
meiji	275
meijin	127
meimei	148
mein	1954
meine	220
meir	397
meisner	189
meister	217
mekong	204
mel	8664
melancholia	156
melancholic	510
melancholy	1993
melanie	5087
melanoma	248
melba	266
melbourne	1357
melchett	136
melchior	157
meld	217
meldrick	189
meldrum	188
melee	215
melek	116
melfi	117
melina	333
melinda	2430
melissa	7267
mellie	947
mello	271
mellon	188
mellor	140
mellow	1847
mellowed	196
melly	277
melman	255
melmotte	219
melnick	135
melo	135
melodic	273
melodies	559
melodious	236
melodrama	658
melodramatic	807
melody	5333
melon	2070
melons	806
melrose	688
melt	5627
meltdown	1454
melted	3270
melting	3029
melton	178
melts	1558
melville	698
melvin	1986
melvyn	126
mem	278
member	27112
members	25937
membership	2657
memberships	121
membrane	718
membranes	337
meme	367
memento	1022
mementos	307
memo	3242
memoir	521
memoirs	1005
memorabilia	485
memorable	1912
memorandum	434
memorial	5548
memorials	167
memories	24000
memorise	242
memorised	170
memorize	1868
memorized	1301
memorizing	392
memory	39331
memos	534
memphis	2114
memsahib	248
men	257319
mena	147
menace	2091
menaces	122
menachem	165
menacing	723
menage	160
menagerie	272
mend	2522
mended	751
mendel	377
mendelssohn	256
mendes	189
mendez	803
mending	713
mendoza	1233
menelaus	197
menendez	166
meng	896
mengele	340
menial	360
meningitis	738
menon	349
menopausal	125
menopause	884
menorah	171
mens	376
mensa	246
mensch	220
menstrual	391
menstruating	159
menstruation	268
menswear	160
ment	153
mental	16088
mentalist	230
mentality	1455
mentally	5097
menthe	175
menthol	311
mention	40753
mentioned	23716
mentioning	2064
mentions	1300
mentor	3766
mentored	170
mentoring	329
mentors	279
menu	8423
menus	1024
menzies	173
meow	2889
meowing	1038
meows	1374
meowth	138
mephistopheles	133
mer	673
merc	557
mercado	177
mercantile	218
mercedes	4937
mercenaries	1348
mercenary	1472
mercer	1435
merch	316
merchandise	3317
merchandising	299
merchant	4280
merchants	2066
merci	3086
mercia	292
mercier	233
mercies	227
merciful	2907
mercifully	241
merciless	1144
mercilessly	525
mercs	139
mercurial	133
mercury	3296
mercutio	286
mercy	21410
merde	393
merdle	122
mere	7287
meredith	4893
merely	11335
merengue	156
merete	115
merge	1968
merged	752
merger	1800
mergers	193
merges	123
merging	539
meri	128
meridian	384
meringue	591
meringues	128
merit	2725
meritorious	126
merits	1183
meriwether	117
merkel	157
merle	961
merlin	3568
merlot	487
merlotte	152
merlyn	578
mermaid	2983
mermaids	862
merman	353
merrick	1141
merrier	805
merrill	776
merrily	991
merriman	161
merriment	351
merrin	209
merritt	473
merry	17407
mert	318
mertens	121
merton	436
mertz	210
merv	313
mervin	118
mervyn	175
mery	117
meryem	148
meryl	873
meryt	140
mes	626
mesa	826
mescal	132
mescaline	212
mesdames	251
meself	1336
mesh	682
mesmer	126
mesmerised	119
mesmerized	415
mesmerizing	318
mesopotamia	288
mesquite	134
mess	57542
message	900000
messaged	189
messages	650000
messaging	370
messala	179
messalina	183
messed	13609
messenger	5906
messengers	987
messer	510
messerschmitt	141
messes	1815
messi	204
messiah	2216
messianic	125
messier	277
messieurs	471
messin	696
messina	265
messineo	116
messing	10878
messner	133
messy	5552
mestre	178
met	141208
meta	390
metabolic	463
metabolism	870
metadata	147
metal	19938
metallic	2223
metallica	306
metallurgy	135
metals	1310
metamorphosis	577
metaphor	2917
metaphorical	346
metaphorically	609
metaphors	706
metaphysical	453
metaphysics	180
metas	160
metastasized	131
metatron	239
metcalf	318
metcalfe	275
mete	300
meteor	2787
meteoric	165
meteorite	1218
meteorites	535
meteorological	248
meteorologist	240
meteorology	136
meteors	583
meter	4395
meters	8928
meth	3448
methadone	595
methamphetamine	371
methane	1465
methanol	183
methinks	508
method	8503
methodical	529
methodically	207
methodist	349
methodology	400
methods	6216
methos	156
methuselah	200
methyl	141
meticulous	1001
meticulously	454
metin	334
meto	265
metre	938
metres	5002
metric	520
metro	3445
metronome	226
metropolis	1966
metropolitan	1623
metrosexual	128
mets	995
mette	457
mettle	347
metz	364
metzger	356
metzler	133
meu	148
mew	499
mewes	125
mewing	143
mewling	120
mews	392
mewtwo	132
mex	127
mexican	8416
mexicans	1858
mexico	17326
meyer	1936
meyers	1145
mezzanine	203
mg	606
mgm	611
mgr	117
mgs	132
mh	189
mhatre	129
mhm	658
mhmm	252
mi	8618
mia	9086
miach	117
miami	9663
miao	673
miaow	119
miata	149
mic	2825
mica	356
micah	1437
mice	4698
mich	242
micha	267
michael	70741
michaela	789
michaels	1678
michaelson	130
michal	603
micheal	127
michel	4576
michela	153
michelangelo	2767
michele	2467
michelin	432
micheline	121
michelle	12482
michi	375
michigan	2883
michiko	874
michima	120
michio	359
michiru	151
michiyo	152
michonne	156
mick	6882
micke	244
mickey	10939
micki	1013
micks	124
micky	1184
micro	796
microbe	268
microbes	661
microbial	137
microbiology	117
microchip	574
microchips	220
microcosm	163
microfilm	534
microns	180
microorganisms	174
microphone	3558
microphones	719
microscope	1689
microscopes	145
microscopic	1261
microsoft	664
microts	115
microwave	3246
microwaves	356
mics	377
mid	2031
midair	338
midas	517
midday	1473
middle	66734
middleman	831
middlemen	196
middlesex	137
middleton	1073
middleweight	355
middling	152
midfield	229
midgard	199
midge	710
midget	1944
midgets	603
midi	122
midland	369
midlands	387
midler	156
midlife	501
midline	158
midnight	20723
midori	763
midsection	122
midshipman	341
midsomer	546
midst	3021
midsummer	683
midterm	667
midterms	431
midtown	987
midway	1074
midwest	1100
midwestern	278
midwife	1413
midwinter	123
midwives	220
mie	296
mieke	116
mieko	160
miep	154
mierda	120
mieze	228
miffed	229
mifflin	287
mifune	229
mig	281
miggy	134
might	367145
mightier	286
mightiest	474
mightily	176
mightn	485
mighty	14014
mignon	455
migo	236
migraine	1201
migraines	638
migrant	400
migrants	554
migrate	524
migrated	392
migrating	451
migration	1092
migrations	181
migratory	230
migs	293
miguel	5845
miguelito	183
mihai	125
mihir	140
miho	329
mija	442
mijo	396
mika	1299
mikado	567
mikael	765
mikaelson	203
mikage	210
mikami	351
mikasa	241
mikayla	313
mike	63219
mikes	450
mikey	6266
mikhail	1263
mikhailovich	145
miki	1467
mikio	130
mikkel	351
mikkelsen	137
mikki	116
mikko	187
miko	508
mil	1583
mila	904
milady	2375
milan	5015
milanese	241
milano	487
milburn	182
mild	3500
milder	153
mildew	303
mildly	1006
mildred	2625
mile	12874
mileage	948
milena	618
miles	62523
milestone	654
milestones	189
mileva	145
miley	950
milf	406
milford	352
milhouse	722
mili	367
miliband	176
milica	125
milieu	218
militant	882
militants	436
militarily	171
military	36733
militia	2332
militias	294
miljan	155
milk	33863
milked	406
milkha	161
milking	949
milkmaid	145
milkman	853
milks	138
milkshake	1026
milkshakes	316
milky	2304
mill	6298
milla	174
millan	237
millar	226
millard	230
mille	353
millennia	850
millennial	252
millennials	148
millennium	1974
miller	12331
millers	250
millet	338
milli	273
millicent	661
millie	3453
milligan	335
milligram	317
milligrams	1398
milliken	117
millimeter	994
millimeters	491
millimetre	301
millimetres	168
milling	253
millington	186
million	94514
millionaire	3983
millionaires	1168
millions	22009
millionth	379
millisecond	187
milliseconds	235
millman	152
mills	4224
millstone	290
millsy	131
millwall	132
milly	1237
milner	624
milo	3936
milord	2323
milos	609
milosevic	130
mils	132
milt	672
milton	2737
milutin	122
milverton	120
milwaukee	1121
mim	181
mima	371
mime	955
mimes	188
mimi	4432
mimic	863
mimicking	981
mimicry	145
mimics	1318
miming	125
mimmi	295
mimmo	168
mimosa	321
mimosas	253
mims	119
mimsy	202
min	6721
mina	2705
minaj	185
minako	146
minami	436
minamoto	114
minas	200
minase	195
minato	171
minbari	466
mince	715
minced	342
mincemeat	368
mincing	158
mind	312927
minded	1597
minder	156
mindful	513
minding	1374
mindless	1148
minds	15707
mindset	641
mindy	2918
mine	170636
minecraft	179
mined	733
minefield	877
minefields	162
minelli	139
miner	1463
mineral	2566
minerals	1194
miners	2687
minerva	646
mines	5448
minestrone	153
miney	212
ming	5384
minge	132
mingle	1553
mingled	260
mingling	397
mingo	285
mingus	132
minh	620
mini	4243
miniature	1865
miniatures	235
minibar	407
minibus	406
minicab	139
minie	116
minimal	1694
minimalist	180
minimally	119
minimise	189
minimize	868
minimizing	147
minimum	6209
mining	3799
minion	516
minions	1035
miniscule	210
miniseries	127
miniskirt	237
miniskirts	130
minister	33653
ministerial	267
ministers	2802
ministries	234
ministry	6714
minivan	971
mink	1442
minks	149
minkus	188
minna	594
minneapolis	763
minnelli	208
minnesota	1895
minnick	125
minnie	1899
minnifield	151
minnow	218
minnows	130
mino	299
minoan	124
minoans	119
minor	10781
minori	362
minorities	587
minority	2009
minors	1173
minoru	307
minos	310
minotaur	670
mins	428
minsk	355
minster	189
minstrel	444
minstrels	197
mint	4055
minted	249
minton	146
mints	964
minty	398
mintz	169
minuet	202
minus	5914
minuscule	175
minute	188958
minutes	175091
minwoo	186
minx	662
miny	196
mio	1111
mir	645
mira	2094
mirabelle	127
miracle	20179
miracles	5363
miraculous	1967
miraculously	950
mirage	1374
mirai	365
miramar	223
miranda	6868
mire	403
mired	188
mireille	320
mirek	161
miri	318
miriam	3006
mirjana	326
mirko	337
mirna	150
miro	463
mironov	134
miroslav	117
mirren	163
mirror	20313
mirrored	378
mirroring	142
mirrors	3585
mirth	346
mirza	519
mis	509
misa	785
misadventure	182
misaki	679
misako	264
misao	122
misato	261
misbehave	519
misbehaved	317
misbehaving	313
miscalculated	352
miscalculation	322
miscarriage	1267
miscarriages	239
miscarried	234
miscavige	179
miscellaneous	265
mischa	436
mischief	2244
mischievous	1107
miscommunication	284
misconception	481
misconceptions	163
misconduct	957
misconstrued	166
miscreant	214
miscreants	177
misdeeds	362
misdemeanor	838
misdemeanors	236
misdiagnosed	146
misdirect	136
misdirected	131
misdirection	255
miser	639
miserable	14078
miserables	116
miserably	636
miseries	307
miserly	168
misery	7513
misfire	216
misfired	141
misfit	406
misfits	535
misfortune	3535
misfortunes	616
misgivings	343
misguided	1339
mish	122
misha	1703
mishandled	136
mishap	907
mishaps	272
misheard	277
mishima	426
mishka	265
mishra	488
misi	117
misinformation	258
misinformed	488
misinterpret	242
misinterpreted	482
misjudge	227
misjudged	1115
mislaid	274
mislead	767
misleading	809
misled	969
mismanagement	119
mismatch	159
mismatched	156
miso	590
misogynist	243
misogynistic	201
misogyny	115
misplace	223
misplaced	1580
misprint	135
misread	634
misrepresented	187
miss	280930
missed	58324
misses	5262
misshapen	197
missie	201
missile	6395
missiles	4667
missin	431
missing	77326
mission	44289
missionaries	918
missionary	1648
missions	3191
missis	277
mississippi	3275
missouri	1807
misspelled	351
misspent	117
misspoke	175
misstep	297
missus	3409
missy	4608
mist	2730
mista	143
mistake	74957
mistaken	11385
mistakenly	579
mistakes	18340
mistaking	755
mister	28739
misters	141
mistletoe	780
mistook	1161
mistreat	331
mistreated	649
mistreating	157
mistreatment	139
mistress	12573
mistresses	800
mistrial	669
mistrust	623
mists	339
misty	1779
misunderstand	2599
misunderstanding	8203
misunderstandings	751
misunderstood	4029
misuse	486
misused	304
misusing	139
mit	1550
mita	422
mitali	123
mitani	145
mitch	8417
mitchel	118
mitchell	7806
mitchie	211
mitchum	278
mite	608
mites	361
mithat	133
mitigate	268
mitigating	377
mitigation	165
mito	288
mitochondria	139
mitochondrial	169
mitra	211
mitral	185
mitre	136
mitsu	211
mitsubishi	220
mitsuhide	147
mitsuko	931
mitsuo	215
mitsuru	305
mitt	737
mittal	149
mitten	162
mittens	683
mitterrand	149
mitts	578
mitya	385
mitzi	473
mitzvah	1733
mitzvahs	186
miu	245
miura	317
miwa	238
mix	13418
mixed	14977
mixer	1257
mixers	196
mixes	637
mixing	3040
mixtape	137
mixture	2745
miya	194
miyagi	460
miyake	121
miyako	277
miyamoto	553
miyan	121
miyata	131
miyazaki	263
miyoshi	144
miyu	138
miyuki	601
miz	217
mizoguchi	207
mizuki	908
mizuno	519
mizushima	195
mj	644
mjolnir	116
mk	256
mkv	131
ml	374
mla	745
mlle	307
mm	57659
mma	598
mme	922
mmh	298
mmhm	119
mmhmm	825
mmm	49655
mmmm	1257
mmmmm	357
mms	329
mn	178
mnemonic	190
mnh	514
mo	8810
moa	153
moab	148
moai	171
moan	1901
moana	199
moaned	200
moaning	10957
moans	5321
moat	709
mob	7753
mobbed	282
mobile	700000
mobiles	436
mobilisation	120
mobilise	180
mobilised	137
mobility	719
mobilization	377
mobilize	743
mobilized	535
mobilizing	240
mobius	308
mobley	201
mobs	329
mobster	615
mobsters	362
moby	903
moccasins	192
mocha	737
mochi	128
mochizuki	230
mochou	198
mock	4108
mocked	943
mockery	1201
mocking	2635
mockingbird	649
mockingly	534
mocks	375
moco	120
mod	799
mode	5426
model	26977
modeled	451
modeling	2249
modell	127
modelled	241
modelling	674
models	7221
modem	413
modena	151
moderate	1162
moderately	399
moderates	233
moderation	585
moderator	280
modern	20496
modernism	124
modernist	121
modernity	225
modernization	126
modernize	162
modes	282
modest	4904
modestly	337
modesto	373
modesty	1750
modi	180
modicum	229
modification	586
modifications	825
modified	1963
modify	936
modifying	219
modigliani	173
mods	233
modular	176
modulate	115
modulation	152
modulator	162
module	1739
modules	293
modus	298
moe	3111
moffat	254
mofo	127
mogadishu	160
mogens	274
mogi	122
mogo	576
mogul	539
moguls	125
mohair	128
mohamed	464
mohammad	737
mohammed	1723
mohan	1027
mohawk	508
mohinder	147
mohini	373
mohit	243
mohsen	137
moi	1523
moines	475
moira	1539
moist	1648
moisten	117
moisture	1341
moisturize	131
moisturizer	293
mojave	377
mojito	381
mojitos	311
mojo	1333
mok	399
mol	278
molar	307
molars	235
molasses	570
mold	3631
moldavia	168
molded	497
molding	502
moldova	214
molds	400
moldy	550
mole	6289
molecular	1771
molecule	910
molecules	1936
molehill	170
moles	771
molesley	254
molest	529
molestation	324
molested	1191
molester	570
molesters	209
molesting	535
moley	209
molina	457
moll	460
mollari	241
mollie	461
molloy	318
molly	14980
moloch	452
molokai	115
molotov	483
molten	1305
molto	237
moly	585
mom	305139
moma	153
mombasa	181
moment	159995
momentarily	966
momentary	676
momento	375
momentous	678
moments	17531
momentum	2017
momma	3656
mommie	146
mommies	455
mommy	38167
momo	978
momoko	390
moms	3954
mon	17576
mona	5834
monaco	909
monaghan	133
monahan	225
monami	187
monarch	1495
monarchs	401
monarchy	1264
monasteries	426
monastery	3285
monastic	227
monday	20923
mondays	998
monde	345
mondo	1153
mone	135
monet	760
monetary	805
money	471643
moneybags	277
moneylender	179
moneymaker	235
moneypenny	173
moneys	148
mong	426
monger	181
mongkok	144
mongo	426
mongol	652
mongolia	753
mongolian	601
mongolians	137
mongoloid	161
mongols	595
mongoose	512
mongrel	827
mongrels	230
moni	217
monica	9766
monies	326
monika	751
moniker	245
monique	1680
monitor	11106
monitored	1372
monitoring	3409
monitors	2014
monk	11475
monkey	20211
monkeying	130
monkeys	6095
monkfish	169
monks	3672
monmouth	142
mono	880
monocle	305
monogamous	528
monogamy	517
monogram	224
monogrammed	217
monolith	190
monologue	893
monologues	178
monopolies	135
monopolize	171
monopoly	1662
monorail	230
monotone	187
monotonous	502
monotony	316
monoxide	732
monroe	4560
mons	219
monsanto	419
monseigneur	443
monsieur	18763
monsignor	1478
monsoon	1129
monsoons	137
monster	32819
monsters	10398
monstrosity	593
monstrous	2139
mont	783
montag	119
montage	594
montague	938
montaigne	200
montalbano	482
montana	3090
montauk	279
montclair	140
monte	2896
montecito	935
monteiro	128
montelusa	130
montenegro	607
monterey	493
montero	343
monterrey	190
montes	153
montevideo	319
montez	345
montezuma	285
montfort	142
montgomery	2769
month	71163
monthly	3026
months	129732
monti	364
monticello	150
montmartre	454
montoya	475
montparnasse	200
montpellier	146
montreal	2231
montrose	358
montserrat	118
montu	146
monty	4609
monument	2640
monumental	952
monumentally	118
monuments	1157
moo	2096
mooch	301
mooching	144
mood	24739
moods	1234
moody	2426
mooing	902
mook	400
mookie	499
moolah	191
moomin	381
moon	45422
moonbase	400
moonbeam	239
moonbeams	163
mooney	851
mooning	324
moonless	151
moonlight	4488
moonlighting	538
moonlit	491
moonrise	121
moons	2026
moonshine	919
moonstone	302
moonwalk	149
moony	121
moor	1479
moore	4690
moored	245
mooring	213
moorings	122
moorish	156
moors	812
moos	382
moosa	118
moose	3298
moot	568
mop	2766
mopalmo	162
mope	503
moped	835
mopey	192
moping	878
mopped	241
mopping	607
mops	251
mor	688
mora	335
morag	149
moral	10077
morale	2510
morales	1541
moralist	143
morality	2706
morally	1558
morals	2340
moran	1749
moratorium	238
moravia	137
moray	786
morbid	1339
morbidly	167
morbius	141
mordecai	909
mordechai	219
mordor	223
mordred	338
more	1010390
moreau	678
morehouse	294
morel	410
moreland	307
morell	175
morelli	472
morello	319
moreno	1319
moreover	2843
mores	443
moretti	996
morey	192
morg	164
morgan	16891
morgana	734
morgans	146
morgen	209
morgendorffer	144
morgenstern	276
morgue	5443
morgues	133
mori	837
moriarty	1132
morimoto	144
morin	174
morita	352
moritz	525
moriyama	141
mork	525
morland	225
morley	545
mormon	1083
mormons	503
morn	1410
mornay	159
mornin	2256
morning	303550
mornings	2463
morningside	132
morningstar	147
moro	462
moroboshi	121
moroccan	820
moroccans	157
morocco	1835
moron	10229
moroni	134
moronic	530
morons	2866
morose	222
morph	495
morphed	133
morpheus	376
morphin	784
morphine	3826
morphing	172
morphology	137
morra	274
morrell	194
morrie	318
morrigan	230
morris	6677
morrison	2493
morrissey	380
morro	147
morrow	1238
morse	2962
morsel	494
morsels	138
mort	2027
mortal	6352
mortality	1268
mortally	271
mortals	1704
mortar	1369
mortars	523
morte	151
mortem	445
morten	486
mortensen	161
mortgage	4586
mortgaged	566
mortgages	626
morticia	285
mortician	382
mortified	742
mortifying	182
mortimer	1581
mortis	528
morton	2506
mortuary	1258
morty	1725
morwenna	314
mos	270
mosaic	578
mosaics	155
mosby	241
mosca	439
moscow	8819
mose	299
moseley	132
moser	219
moses	4469
mosey	308
mosfilm	177
mosh	151
moshe	634
moslem	144
mosley	464
mosque	3056
mosques	346
mosquito	2205
mosquitoes	1854
mosquitos	207
moss	3032
mossad	910
mossy	139
most	283006
mostly	19116
mosul	165
mot	255
mota	122
mote	119
motel	9233
motels	611
moth	1923
mothballs	326
mothefrucker	383
mother	372846
motherboard	173
motherf	148
motherfuck	341
motherfucker	19379
motherfuckers	4524
motherfuckin	1037
motherfucking	3213
motherhood	844
mothering	298
motherland	1497
motherless	390
motherly	362
mothers	9479
mothership	579
mothra	384
moths	973
moti	282
motif	505
motifs	139
motion	12791
motionless	465
motions	1311
motivate	860
motivated	2698
motivates	326
motivating	291
motivation	2731
motivational	525
motivations	321
motivator	247
motive	11808
motives	2673
motley	289
moto	1202
motocross	225
motor	9489
motorbike	1912
motorbikes	360
motorboat	395
motorcade	500
motorcar	293
motorcycle	7221
motorcycles	1127
motorcyclist	129
motoring	330
motorist	257
motorists	212
motorized	286
motors	1938
motorway	797
motown	455
mott	414
motta	188
motto	3032
mou	401
mouch	388
mould	984
moulded	169
moulds	191
mouldy	236
moulin	451
mouna	269
mound	1409
mounds	476
mounir	125
mount	9239
mountain	30565
mountaineer	202
mountaineering	181
mountaineers	118
mountainous	306
mountains	19451
mountainside	343
mountaintop	421
mountbatten	260
mounted	2019
mountie	312
mounties	202
mounting	996
mountjoy	133
mounts	504
mountstuart	120
mourn	2453
mourned	423
mourner	137
mourners	379
mournful	389
mourning	3659
mourns	249
mouse	11619
mousetrap	381
mousey	165
moussa	241
moussaka	132
mousse	962
moustache	3761
moustaches	342
mousy	289
mouth	72733
mouthed	200
mouthful	1171
mouthing	1851
mouthpiece	522
mouths	5855
mouthwash	484
mouthy	261
movable	142
move	283807
moved	55096
movement	16686
movements	5331
mover	535
movers	751
moves	20349
movie	73070
movies	29742
movin	2214
moving	81193
mow	1282
mowbray	161
mowed	393
mower	842
mowers	115
mowgli	436
mowing	583
moxie	300
moxon	136
moya	1266
moyer	187
moz	1068
mozambique	328
mozart	2260
mozzarella	591
mozzie	407
mp	1894
mpd	143
mph	497
mps	993
mr	156641
mri	1904
mris	120
mrs	49087
mrsa	131
ms	7250
msg	262
msnbc	128
mstoll	1017
mt	1834
mta	144
mtac	143
mtv	1211
mu	2082
muad	550
muah	220
muay	416
mubarak	322
much	738599
muchacho	260
muchachos	247
muchas	436
mucho	771
muck	1800
mucked	194
mucking	542
mucky	263
mucous	179
mucus	577
mud	11166
mudd	150
muddle	448
muddled	471
muddy	2212
mudslide	140
mueller	891
muerte	250
muertos	114
muesli	131
muff	741
muffet	138
muffin	2872
muffins	1762
muffle	140
muffled	7967
muffler	551
muffy	300
mug	5049
mugen	145
mugged	1576
mugger	507
muggers	288
mugging	837
muggings	146
muggins	122
muggles	124
muggy	151
mughal	174
mugs	1276
muhammad	2684
muhammed	168
muharrem	139
mui	466
muir	708
muirfield	325
mujahideen	217
mujinju	167
muk	189
mukesh	232
mukherjee	241
mukhtar	199
mukundan	155
mulan	221
mulatto	253
mulberry	462
mulcahy	380
mulch	300
mulder	4310
muldoon	388
mule	3856
mules	1156
mulholland	341
mull	351
mullah	332
mulled	158
mullen	449
muller	1127
mullet	564
mullett	145
mulligan	924
mulling	173
mullins	417
mulroney	116
mulrooney	171
multi	328
multicultural	157
multimedia	135
multimillionaire	226
multinational	601
multinationals	187
multiple	9370
multiples	154
multiplex	161
multiplication	367
multiplied	702
multiplies	133
multiply	1552
multiplying	458
multitask	150
multitasking	248
multitude	692
multitudes	195
multiverse	308
mulwray	220
mum	56281
mumbai	4553
mumble	599
mumbled	252
mumbles	2188
mumbling	3859
mumbo	495
mumford	129
mummies	793
mummification	205
mummified	414
mummy	15781
mummyji	127
mumps	542
mums	661
mumsy	157
mumtaz	199
mun	797
munch	1710
munchausen	204
munchies	486
munching	657
munchkin	459
munchkins	226
muncie	184
mundane	931
mundi	118
mundo	479
mundt	134
mundy	325
mune	276
mung	224
mungo	187
munich	2379
municipal	1387
municipality	616
munitions	1031
munk	246
munna	994
munni	397
munoz	239
munro	441
munroe	244
munsch	242
munsey	123
munson	360
munster	442
muntz	185
muppet	814
muppets	433
mur	174
murad	204
murai	146
murakami	340
muraki	117
mural	802
murali	198
murals	199
muraoka	142
murari	179
murasaki	116
murat	1472
murata	190
murch	146
murchison	202
murder	101133
murdered	34599
murderer	24363
murderers	5315
murderess	395
murderface	371
murdering	3874
murderous	1447
murders	12778
murdoc	222
murdoch	3127
murdock	2273
muriel	1453
murielle	136
murillo	184
murky	693
murli	212
murmansk	128
murmur	1109
murmured	123
murmuring	5928
murmurs	1457
murnau	122
murong	129
murph	1029
murphy	7430
murray	6169
murrow	138
murtagh	125
murtaugh	389
murthy	475
muruga	248
murugan	412
mus	266
musa	586
musashi	1355
musashino	126
muscle	9544
muscled	134
muscles	6555
muscular	1378
musculature	152
muse	1612
muses	254
museum	14302
museums	1344
musgrave	136
mush	1544
mushroom	2444
mushrooms	3986
mushy	891
music	207205
musica	127
musical	9325
musically	494
musicals	676
musician	5371
musicians	3940
musk	681
musket	681
musketeer	433
musketeers	1048
muskets	397
muskrat	178
musky	149
muslim	6134
muslims	3557
muslin	211
musn	278
muss	311
mussel	208
mussels	715
mussolini	1499
must	580931
musta	207
mustache	4104
mustaches	303
mustafa	1550
mustang	1773
mustangs	407
mustapha	221
mustard	3665
muster	1150
mustered	208
mustn	17276
musty	403
mutagen	311
mutant	4660
mutants	1539
mutate	327
mutated	779
mutating	220
mutation	1404
mutations	637
mute	3108
muted	576
mutes	159
muthu	387
mutilate	274
mutilated	1134
mutilating	119
mutilation	548
mutilations	219
mutineers	152
mutinous	125
mutiny	1863
muto	162
mutt	2195
mutter	387
muttered	150
muttering	4087
mutters	2429
muttley	334
mutton	1285
mutts	390
mutual	5668
mutually	999
muy	976
muzak	249
muzzle	1083
muzzy	197
mv	342
mva	261
mvp	407
mwah	3261
my	4938948
mya	184
myanmar	241
mycroft	496
myeong	385
myer	162
myers	1423
myjob	214
myka	693
mykes	132
mykonos	160
mylene	337
myles	502
myocardial	190
myopic	151
myra	1548
myriad	498
myriam	183
myrna	455
myron	710
myrrh	231
myrtle	1356
myself	240460
mysore	152
myspace	389
mysteries	3530
mysterious	13617
mysteriously	1248
mystery	21181
mystic	1763
mystical	1862
mysticism	303
mystics	216
mystified	221
mystifying	135
mystique	596
myth	6843
mythbusters	896
mythic	261
mythical	1100
mythological	442
mythology	1639
myths	1528
myung	1200
mywife	166
mz	118
n'roll	665
na	11360
naacp	203
naan	133
naani	149
nab	1184
nabbed	785
nabil	143
naboo	275
nach	116
nacho	862
nachos	1032
nacht	158
nada	1788
nader	225
nadezhda	191
nadia	4393
nadine	2256
nadir	332
nadiya	261
nadja	328
nads	190
nadu	442
nadya	514
nae	555
naeuri	147
naff	131
nafta	124
nag	2012
naga	389
nagai	349
nagano	339
nagar	435
nagasaki	813
nagata	220
nagato	176
nagavalli	173
nagel	182
nagged	193
nagging	2170
nagi	198
nagila	151
nagisa	265
nagoya	331
nags	240
nagumo	197
nagus	275
nagy	236
nah	25962
nai	1158
naidu	377
naik	211
nail	12105
nailed	5086
nailing	815
nails	8234
naina	953
nair	414
nairobi	450
naismith	115
naito	145
naive	6522
naively	129
naivety	176
nak	588
naka	425
nakagawa	256
nakahara	143
nakai	161
nakajima	278
nakamura	1049
nakanishi	185
nakano	220
nakayama	149
naked	26122
nakedness	266
nakrang	200
nal	129
nala	115
nam	4706
namah	138
namaste	1057
namath	121
name	455543
named	44264
nameless	1096
namely	1161
nameplate	135
names	41772
namesake	392
nametag	171
nami	626
namib	117
namibia	197
namie	130
namiki	116
naming	1714
nan	3806
nana	4539
nanae	119
nanako	148
nanami	288
nanase	128
nance	776
nancy	12149
nand	131
nanda	418
nandhini	260
nandi	210
nandini	687
nandita	223
nando	649
nandu	924
nanette	431
nang	255
nani	773
nanite	133
nanites	486
naniwa	125
nanjing	251
nanjo	182
nanking	312
nanna	463
nanni	271
nannies	635
nanny	8037
nano	347
nanobots	277
nanosecond	163
nanotechnology	263
nante	142
nantes	291
nantucket	363
nao	613
naoki	395
naoko	462
naomi	6179
naonka	167
naosuke	161
naoto	205
nap	7983
napa	542
napalm	564
nape	207
napier	298
napkin	2215
napkins	1535
naples	3203
napoleon	4813
napoleonic	173
napoli	260
nappies	491
napping	805
nappy	655
naps	585
napster	181
naqahdah	150
nara	478
narang	163
narasimha	172
narayan	682
narayana	215
narayanan	204
narc	723
narcan	137
narcisse	421
narcissism	359
narcissist	521
narcissistic	670
narcissus	286
narco	364
narcolepsy	187
narcotic	500
narcotics	3264
narcs	183
nardo	209
naresh	116
narf	394
nari	178
narita	226
narn	355
narnia	302
narns	120
narra	199
narrate	389
narrated	234
narrating	3823
narration	601
narrative	1495
narratives	125
narrator	42916
narrow	7036
narrowed	1126
narrower	267
narrowing	384
narrowly	363
narrows	873
narsimha	133
naru	363
narumi	117
naruse	243
naruto	944
narvik	129
narwhal	151
nary	220
nas	464
nasa	3999
nasal	1049
nasally	119
nascar	528
nasdaq	142
naseem	120
nash	3144
nashville	1793
nasim	122
nasir	327
nassar	172
nassau	808
nasser	591
nassim	132
nastier	176
nastiest	281
nastiness	190
nasty	17464
nastya	336
nat	3413
natacha	120
natal	186
natale	148
natalia	1568
natalie	9194
natalya	355
nataraj	119
natasha	3699
natchez	126
nate	10583
natesville	137
nath	481
nathalie	1131
nathan	13261
nathaniel	1280
nati	121
nation	20894
national	33697
nationalism	392
nationalist	632
nationalists	397
nationalities	232
nationality	873
nationalized	121
nationally	344
nationals	1568
nations	6625
nationwide	1085
native	9386
natives	2357
nativity	574
nato	1537
natsu	379
natsuki	318
natsuko	254
natsume	200
natsumi	387
natty	245
natural	33540
naturalist	262
naturalized	121
naturally	15531
nature	38496
natured	114
naturel	121
natures	260
naught	961
naughtiness	128
naughty	9829
nausea	1605
nauseated	199
nauseating	384
nauseous	1612
nautical	633
nautilus	528
nav	851
nava	182
navabi	150
navajo	527
naval	4086
navarre	328
navarro	704
navcom	210
nave	241
naveen	157
navel	740
navid	1087
navidad	227
navigate	1540
navigated	136
navigating	428
navigation	1832
navigational	581
navigator	1225
navigators	207
navin	230
navy	14616
naw	1519
nawab	494
nay	2742
nayak	122
naylor	226
naz	369
nazar	128
nazarene	313
nazareth	789
nazca	234
nazi	6700
nazim	263
nazir	490
nazis	4969
nazism	212
nazli	129
nazo	136
nba	1126
nbc	1538
nc	164
ncaa	309
ncic	179
ncis	2585
nco	171
nd	1184
nder	3211
ne	4128
nea	153
neal	5269
neale	128
neanderthal	861
neanderthals	879
neapolitan	403
near	68790
nearby	11769
neared	123
nearer	2035
nearest	5787
nearing	1051
nearly	32730
nears	208
nearsighted	198
neary	197
neat	7027
neater	169
neath	177
neatly	1099
neatness	158
neato	124
neb	163
nebraska	1344
nebuchadnezzar	176
nebula	1262
nebulae	119
necessarily	8933
necessary	36124
necessities	618
necessity	2422
neck	38371
necking	280
necklace	10321
necklaces	585
neckline	297
necks	2325
necktie	634
neckties	152
necromancer	201
necronomicon	129
necrophilia	156
necropolis	128
necrosis	225
necrotic	141
nectar	1338
ned	6918
neda	144
nedda	124
neddy	244
nedra	267
nee	451
need	1040131
needed	78920
needful	166
needin	133
needing	5238
needle	8546
needlepoint	189
needles	3775
needless	1458
needlessly	544
needlework	190
needling	131
needn	5234
needs	126398
needto	175
needy	2202
neeiix	141
neeko	185
neel	342
neela	858
neeley	143
neelix	707
neelu	187
neely	361
neeson	178
neeta	125
neetu	181
nefarious	523
nefertiti	323
neff	246
neg	156
negan	135
negate	203
negation	115
negative	17091
negatively	415
negatives	1046
negativity	591
negatory	137
neglect	1872
neglected	2510
neglecting	755
neglects	140
negligee	273
negligence	1301
negligent	682
negligible	272
negotiable	551
negotiate	6229
negotiated	1102
negotiating	2579
negotiation	2249
negotiations	3197
negotiator	1084
negotiators	238
negra	172
negro	3236
negroes	1298
negros	162
neh	129
neha	1258
nehru	276
neigh	320
neighbor	13590
neighborhood	20746
neighborhoods	1243
neighboring	1016
neighborly	410
neighbors	12646
neighbour	5016
neighbourhood	3853
neighbourhoods	175
neighbouring	539
neighbourly	132
neighbours	5086
neighing	1601
neighs	1522
neil	8967
neill	2781
neilson	155
neiman	256
nein	945
neither	53452
nekeisha	137
nekross	115
nel	230
nele	127
neleh	224
nell	2722
nella	246
nelle	416
nellie	1724
nello	237
nelly	1545
nelson	9184
nem	153
nemec	127
nemesis	1408
nemo	1232
nen	175
nena	273
nene	394
neo	623
neolithic	253
neolution	123
neon	1399
neonatal	139
nepal	807
nepalese	124
nephew	12340
nephews	1027
nephilim	124
nepotism	241
neptune	1719
ner	175
nerd	4074
nerds	1835
nerdy	721
nerf	130
neri	255
nerine	114
nero	2624
neruda	173
nerv	173
nerve	12377
nerves	9761
nervous	44913
nervously	2664
nervousness	455
nervy	137
nerys	309
nes	133
nesbit	141
nesbitt	391
ness	1333
nessa	713
nessie	233
nest	8803
nesting	811
nestle	135
nestled	298
nestor	958
nests	1003
net	9660
netball	142
netflix	489
nether	313
netherlands	1045
netherworld	319
neto	156
nets	1674
netted	161
nettie	329
netting	253
nettle	248
nettles	393
network	13816
networking	672
networks	1954
neuf	142
neumann	297
neural	1976
neuro	821
neurological	1044
neurologist	633
neurology	337
neuron	188
neurons	758
neuroscience	222
neuroscientist	154
neuroses	193
neurosis	358
neurosurgeon	601
neurosurgery	349
neurotic	1253
neurotoxin	174
neurotransmitters	147
neuter	174
neutered	275
neutral	3462
neutralise	221
neutralised	127
neutrality	391
neutralize	1084
neutralized	629
neutralizing	145
neutrino	243
neutrinos	332
neutron	884
neutrons	399
nev	385
nevada	2658
neve	233
never	930831
neverland	345
nevermind	1170
nevermore	238
nevers	226
nevertheless	4420
neville	1987
nevin	154
nevins	422
new	508486
newark	1094
newberg	205
newberry	187
newbie	1026
newbies	322
newborn	1893
newborns	265
newbury	145
newcastle	840
newcombe	116
newcomer	1246
newcomers	869
newell	222
newer	783
newest	2946
newfangled	160
newfound	609
newfoundland	387
newgate	162
newhouse	198
newkirk	772
newlin	129
newly	3284
newlywed	357
newlyweds	1130
newman	2363
newport	1152
news	131599
newsagent	126
newscast	243
newscaster	882
newsflash	310
newsletter	604
newsman	315
newsnight	129
newsome	327
newspaper	17312
newspaperman	412
newspapermen	145
newspapers	8321
newsreader	283
newsreel	623
newsreels	201
newsroom	478
newsstand	502
newsstands	140
newsweek	315
newswoman	156
newsworthy	178
newt	966
newton	3901
newtons	124
next	335573
nexus	456
ney	220
nez	163
nfl	815
ng	3836
ngai	176
ngan	169
ngo	569
ngos	137
ngs	191
nguyen	318
nhl	214
nhs	609
ni	5277
nia	1034
niagara	1082
niall	280
niamh	284
niang	390
niangniang	143
nibble	897
nibbled	135
nibbles	357
nibbling	385
nibs	196
nic	765
nicaragua	730
niccolo	225
nice	405497
nicely	9761
niceness	162
nicer	5618
nicest	3238
niceties	262
niche	746
niches	119
nichol	159
nicholas	6531
nichole	138
nicholls	191
nichols	1330
nicholson	1010
nicht	611
nick	43636
nicked	2209
nickel	3360
nickelodeon	197
nickels	900
nickers	233
nickerson	158
nicki	2275
nickie	239
nicking	412
nicklas	175
nickname	5415
nicknamed	803
nicknames	882
nicks	553
nicky	6777
nico	2999
nicodemus	212
nicola	1906
nicolae	126
nicolai	256
nicolas	2314
nicole	9611
nicoletta	153
nicolette	182
nicolo	159
nicotine	1015
nicotra	137
nicu	331
nid	175
nidge	320
nie	429
niece	8561
nieces	656
niecy	246
niels	671
nielsen	670
niet	136
nietzsche	717
nietzschean	374
nietzscheans	259
nieves	237
nifty	618
nig	269
nigar	167
nige	167
nigel	5349
nigella	119
niger	245
nigeria	805
nigerian	508
nigerians	127
nigga	7077
niggas	2040
nigger	6224
niggers	2136
nigh	867
nighlok	211
night	556318
nightcap	928
nightclub	3209
nightclubs	795
nightdress	189
nightfall	1865
nightgown	1038
nightgowns	118
nighthawk	270
nighthorse	228
nightie	443
nightingale	2047
nightingales	196
nightlife	392
nightly	943
nightmare	16248
nightmares	5776
nightmarish	176
nights	24324
nightshade	242
nightshirt	171
nightstand	588
nightstick	177
nighttime	1161
nightwing	145
nighty	294
nih	135
nihaal	180
nihal	271
nihan	140
niigata	136
nik	725
nika	265
nike	638
nikes	148
nikhil	819
niki	1072
nikita	3354
nikkatsu	144
nikki	6728
nikko	215
nikky	130
niklas	496
niklaus	382
niko	1392
nikola	773
nikolaevich	155
nikolai	1666
nikolaj	199
nikolas	145
nikolay	171
nikolayevich	156
nikolayevna	140
nikos	438
nil	867
nila	143
nile	1767
niles	4422
nilka	220
nils	719
nilsen	129
nilsson	343
nim	812
nima	179
nimah	191
nimble	597
nimbus	179
nime	120
nimitz	130
nimmi	132
nimmo	120
nimon	129
nimoy	158
nimrod	297
nin	248
nina	12708
nincompoop	351
nincompoops	127
nine	42538
niner	404
niners	205
nines	550
nineteen	2001
nineteenth	219
nineties	277
ninety	1650
nineveh	128
ning	864
ningen	127
nini	219
ninja	6637
ninjas	1084
ninni	121
ninny	618
nino	1944
ninomiya	124
nintendo	531
ninth	3578
niobe	226
nip	1961
nipped	318
nipper	335
nipping	337
nipple	1930
nipples	2682
nippon	289
nippy	292
nips	370
nirmala	158
niro	488
nirvana	932
nis	377
nisa	334
nish	116
nisha	1011
nishi	504
nishida	185
nishimura	229
niska	153
nissan	478
nisse	169
nit	282
nita	487
nite	261
nithya	134
nitin	240
nitrate	714
nitrates	166
nitric	202
nitro	726
nitrogen	1634
nitroglycerin	288
nitroglycerine	153
nitrous	499
nits	214
nitwit	620
nitwits	181
niu	318
niwa	127
nix	603
nixie	139
nixon	2873
niyazi	150
nk	369
nkvd	140
nlf	146
nn	120
no	4374975
noa	487
noah	8779
noakes	134
noam	247
nob	231
nobby	281
nobel	2287
nobility	1600
nobis	263
nobita	324
noble	13437
nobleman	967
noblemen	352
nobler	316
nobles	1734
noblest	402
nobly	260
nobodies	380
nobody	157014
noboru	365
nobu	582
nobuko	267
nobunaga	599
nobuo	160
noc	128
noche	313
noches	471
nocturnal	786
nocturne	135
nod	2666
noda	222
nodame	212
nodded	659
nodding	748
node	482
nodes	566
nodos	254
nods	290
nodules	132
noe	137
noel	3758
noelle	821
nog	520
nogales	165
noggin	478
nogi	136
noguchi	128
noh	347
noi	518
noir	1195
noirish	177
noise	29049
noises	5871
noisily	273
noisy	4284
nok	202
nokia	223
nol	162
nola	657
nolan	3975
noll	125
nom	552
noma	169
nomad	610
nomadic	422
nomads	593
nomar	120
nombre	120
nome	523
nomi	235
nominal	454
nominate	919
nominated	1968
nominating	151
nomination	1730
nominations	525
nomine	364
nominee	1033
nominees	992
nomura	258
non	4464
nona	766
nonce	205
nonchalant	273
nonchalantly	119
nondescript	179
nondisclosure	136
none	80315
nonessential	139
nonetheless	2218
nonexistent	568
nonfat	230
nong	393
nonhuman	121
noni	275
nonna	255
nonnatus	186
nonny	199
nono	268
nonprofit	283
nonsense	32097
nonsensical	305
nonstop	1392
nonviolence	170
nonviolent	374
noo	543
noob	194
noobs	120
noodle	2590
noodles	5053
noogie	180
nook	808
nookie	157
nooks	191
noon	10982
noona	684
noonan	338
noone	695
nooo	972
noooo	618
nooooo	345
noooooo	171
noor	467
noora	168
noorie	127
noose	1919
nopd	215
nope	26427
nor	34821
nora	7593
norad	246
norah	612
norbac	191
norbert	472
norbit	182
nord	266
nordic	481
nordmann	161
nordstrom	158
noreen	373
norfolk	1136
nori	228
noriega	186
noriko	659
norland	118
norm	3707
norma	3143
normal	63676
normalcy	255
normality	295
normally	16348
norman	9245
normand	125
normandie	161
normandy	1510
normans	399
normie	349
norms	423
noron	140
norrell	199
norrie	296
norris	2019
norse	594
norte	155
north	49107
northampton	116
northbound	416
northeast	2077
northeastern	234
northerly	144
northern	8488
northerner	131
northerners	214
northernmost	115
northman	171
northmen	127
northridge	136
northumberland	402
northumbria	161
northward	198
northwards	155
northwest	2383
northwestern	588
norton	2763
norval	167
norway	2933
norwegian	2191
norwegians	339
norwich	339
norwood	375
nos	652
nose	39194
nosebleed	622
nosebleeds	268
nosedive	172
noser	115
noses	3026
nosey	557
nosferatu	213
nosh	231
nosing	451
nostalgia	1145
nostalgic	1039
nostra	275
nostradamus	612
nostril	402
nostrils	1024
nosy	1997
not	4262273
nota	132
notable	547
notably	280
notarized	270
notary	1415
notation	270
notch	2440
notches	417
note	35701
notebook	4484
notebooks	1060
noted	3786
notepad	270
notes	18614
noteworthy	165
noth	245
nother	379
nothin	15992
nothing	622415
nothingness	765
nothings	478
notice	43315
noticeable	709
noticeably	149
noticed	32301
notices	2060
noticing	2843
notification	500000
notifications	121
notified	2487
notify	4128
notifying	306
noting	376
notion	4363
notions	1004
notjust	805
notoriety	385
notorious	3011
notoriously	574
notre	973
nott	131
notte	212
notting	189
nottingham	919
notwithstanding	368
nou	166
nougat	217
nought	361
noun	371
nouns	139
nourish	460
nourished	311
nourishing	286
nourishment	720
nous	514
nouveau	295
nova	2658
novak	1739
novel	9997
novelist	1174
novelists	126
novella	145
novels	2922
novelties	143
novelty	1327
november	8128
novgorod	151
novice	928
novices	255
novick	121
novotny	187
now	2298830
nowadays	8488
nowak	152
nowhere	30470
nowl	136
nowt	796
nowy	120
nowyou	173
nox	165
noxious	265
noyce	129
nozomi	228
nozzle	545
npr	254
nr	673
nra	193
nri	178
ns	292
nsa	2806
nsc	189
nss	385
nt	900
ntac	203
nth	114
nts	289
ntsb	246
nu	1130
nual	157
nuance	302
nuanced	164
nuances	275
nub	222
nubia	190
nubian	249
nubile	136
nuck	136
nucky	502
nuclear	13873
nuclei	244
nucleus	1115
nude	4008
nudes	383
nudge	910
nudged	144
nudging	153
nudie	300
nudist	510
nudists	136
nudity	1129
nueva	128
nuevo	141
nuff	132
nugent	561
nugget	1005
nuggets	913
nuh	439
nui	430
nuisance	3468
nuit	215
nuke	1203
nuked	185
nukes	681
null	530
nullified	139
nullify	157
num	439
numan	117
numata	224
numb	3088
numbed	146
number	163259
numbered	1550
numbering	167
numbers	31285
numberwang	116
numbing	226
numbness	399
numbnuts	204
numbskull	232
numerals	218
numerical	386
numero	401
numerology	152
numerous	3315
nun	4780
nuna	346
nunchucks	151
nunez	257
nunnally	139
nunnery	378
nuno	166
nuns	2871
nunzio	193
nuo	118
nup	152
nuptial	450
nuptials	350
nur	217
nuremberg	511
nuri	224
nuria	344
nurse	31406
nursed	720
nursemaid	376
nurseries	156
nursery	3669
nurses	6131
nursie	126
nursing	4603
nurture	949
nurtured	566
nurturing	776
nut	8577
nutcase	1020
nutcases	130
nutcracker	507
nutella	173
nuthin	159
nuthouse	455
nutjob	289
nutmeg	513
nutrient	235
nutrients	1112
nutrition	1073
nutritional	393
nutritionist	204
nutritious	779
nuts	29037
nutshell	758
nutter	833
nutters	211
nuttin	126
nutty	1278
nuys	354
nva	333
ny	722
nya	114
nyada	173
nyah	445
nyang	363
nyberg	158
nyborg	294
nyc	195
nydia	115
nye	316
nyet	474
nygma	233
nylon	865
nylons	321
nylund	138
nyman	129
nymph	494
nympho	225
nymphomaniac	362
nymphs	337
nypd	3618
nyssa	405
nyu	746
nyx	179
nzt	385
oa	271
oaf	891
oahu	374
oak	5200
oakes	188
oakland	1176
oakley	458
oaks	1014
oakwood	200
oall	114
oan	720
oar	701
oars	778
oasis	1617
oat	349
oates	497
oath	7758
oaths	414
oatmeal	1473
oats	1050
oaxaca	270
ob	664
oba	128
obama	3786
obamacare	129
obedience	1622
obedient	1713
obediently	163
obelisk	400
obelisks	119
obelix	389
oberlin	121
oberoi	243
oberon	229
oberst	185
obese	692
obesity	730
obey	10262
obeyed	1273
obeying	803
obeys	490
obi	206
obie	134
obit	160
obituaries	403
obituary	880
object	16680
objected	643
objectify	117
objecting	267
objection	9894
objectionable	230
objections	2409
objective	5090
objectively	560
objectives	882
objectivity	433
objector	151
objects	7871
obligated	1333
obligation	4005
obligations	1901
obligatory	355
oblige	1528
obliged	4792
obliges	163
obliging	321
oblique	215
obliterate	459
obliterated	629
oblivion	1371
oblivious	895
oblong	152
obnoxious	1771
oboe	384
obrigado	152
obscene	1752
obscenities	226
obscenity	384
obscure	1792
obscured	439
obscurity	473
obsequious	122
observable	145
observance	154
observant	861
observation	5040
observational	223
observations	1384
observatory	1279
observe	7024
observed	3193
observer	1717
observers	661
observes	225
observing	2268
obsess	468
obsessed	9298
obsessing	870
obsession	4671
obsessions	365
obsessive	1473
obsessively	235
obsidian	283
obsolete	1250
obstacle	2815
obstacles	2315
obstetrician	275
obstetrics	232
obstinacy	232
obstinate	824
obstruct	440
obstructed	322
obstructing	754
obstruction	1667
obstructions	149
obtain	3505
obtained	2597
obtaining	524
obtains	119
obtuse	276
obvious	24230
obviously	53527
oc	186
occasion	11152
occasional	2526
occasionally	5064
occasions	3425
occipital	333
occult	1112
occupancy	190
occupant	389
occupants	555
occupation	4264
occupational	855
occupations	284
occupied	5618
occupiers	122
occupies	414
occupy	2321
occupying	809
occur	5488
occured	281
occurred	9568
occurrence	885
occurrences	314
occurring	919
occurs	2508
ocd	583
ocean	23905
oceanic	426
oceans	3087
oceanside	118
och	475
ochi	149
ochiai	116
ocho	291
ochoa	252
ochre	135
ock	298
ocp	240
oct	139
octagon	206
octane	133
octave	613
octavia	671
octavian	392
octavio	401
octavius	362
october	8672
octopus	2558
octopuses	123
octus	449
ocular	247
od	1383
oda	643
oday	125
odd	21790
oddball	387
oddest	286
oddities	134
oddity	174
oddly	1893
odds	11170
ode	470
oded	119
odell	316
odelle	156
oden	122
odeon	135
oder	190
odessa	1045
odette	936
odi	162
odie	464
odile	380
odin	2060
odious	422
odo	943
odometer	144
odor	1225
odorless	167
odors	235
odour	469
ods	170
odum	159
odysseus	460
odyssey	935
oe	263
oedipal	141
oedipus	479
oeuvre	216
oeuvres	766
of	8915110
ofa	636
ofall	128
ofcourse	721
ofelia	267
off	799351
offa	136
offal	201
offbeat	137
offed	380
offence	4103
offences	624
offend	3966
offended	6444
offender	2140
offenders	1902
offending	729
offends	617
offense	10906
offenses	984
offensive	5656
offer	60444
offered	21983
offering	13655
offerings	1191
offers	6169
offhand	360
office	141140
officer	76015
officers	22496
offices	5138
official	21871
officially	11933
officials	5789
officiate	192
officiating	114
offiice	115
offing	268
offline	932
offload	194
offs	187
offscreen	1425
offset	492
offshoot	119
offshore	1962
offside	332
offspring	2139
offstage	214
offthe	349
offto	116
offworld	159
ofher	442
ofhere	557
ofhim	262
ofhis	575
ofit	409
ofjail	136
ofjoy	131
ofjustice	181
oflife	160
oflove	183
ofme	148
ofmy	261
ofour	144
oft	555
often	55998
oftentimes	327
ofthat	498
ofthe	4893
ofthem	643
ofthese	260
ofthings	131
ofthis	752
ofthose	252
oftime	174
ofus	161
ofwhat	174
ofyou	1040
ofyour	805
ofyours	147
og	482
ogami	375
ogata	420
ogawa	249
ogden	1064
oggy	145
ogle	333
oglethorpe	127
ogling	391
ogre	1376
ogres	320
ogura	134
oh	2298308
ohana	128
oharu	119
ohh	26185
ohhh	3352
ohhhh	760
ohhhhh	215
ohio	4229
ohm	489
oho	269
oi	10736
oid	114
oil	31269
oiled	377
oiling	129
oils	848
oily	876
oink	678
ointment	1259
ointments	119
oishi	351
oiwa	115
oj	486
ojai	552
ok	1800000
oka	347
okabe	167
okada	450
okamoto	180
okano	169
okatsu	162
okavango	131
okay	1600000
okayama	143
okayed	261
okazaki	142
okey	947
okeydoke	181
okeydokey	288
oki	269
okie	171
okinawa	1050
okita	223
oklahoma	2186
okra	330
oksana	346
oktoberfest	161
okubo	233
okuda	159
ol	4872
ola	587
olaf	1525
olafur	152
olav	239
old	431911
olde	214
olden	664
older	32130
oldest	7576
oldfield	116
oldham	191
oldie	498
oldies	431
oldman	222
olds	509
oldsmobile	156
ole	2430
oleander	119
oleg	1588
olfactory	234
olga	2978
oli	333
oligarchs	159
olin	192
olinsky	151
oliva	120
olive	5193
oliver	13994
olives	1865
olivet	114
olivia	10560
olivier	1611
olle	201
olli	225
ollie	3123
olly	882
olmedo	173
olof	210
olsen	1454
olson	686
olsson	178
olya	262
olympia	754
olympiad	160
olympian	269
olympians	158
olympic	3522
olympics	3173
olympus	1058
om	1999
oma	229
omaha	1146
oman	235
omar	4721
ombudsman	129
ome	273
omec	141
omega	2391
omelet	1623
omelets	319
omelette	975
omelettes	180
omen	1865
omens	505
omer	527
ometepe	164
omg	557
omi	384
omicron	213
ominous	4270
omission	354
omit	284
omitted	320
omni	281
omnia	142
omnibus	174
omnipotent	361
omnipresent	182
omniscient	206
omnitrix	251
omo	386
omoi	212
omri	141
omura	135
on	4821861
ona	183
onassis	176
onboard	2581
once	269704
onchao	134
oncologist	473
oncology	414
oncoming	366
onda	154
ondina	250
one	2263956
onedin	424
oneness	192
ones	79546
oneself	2117
onesie	198
onetime	121
ong	479
ongoing	2660
oni	363
onion	3699
onions	3796
onizuka	202
online	750000
onlookers	375
only	887363
onn	432
onna	122
ono	821
ons	176
onscreen	177
onsen	125
onset	666
onside	122
onslaught	448
onslow	311
onstage	2010
ont	129
ontario	495
onthe	198
onto	31052
onur	269
onward	1254
onwards	1487
ony	181
onyx	180
oo	1173
ood	405
oodles	159
oof	2956
ooga	134
oogie	164
oogway	141
ooh	87683
oohh	149
oohing	116
oohs	164
ook	295
oolong	200
oom	173
oome	1332
oompa	203
oomph	368
oon	152
oona	513
ooo	2004
oooh	3715
ooohhh	114
oooo	175
ooooh	705
oooooh	243
ooops	128
oop	954
oops	7954
oopsie	195
oopsy	126
oor	151
oort	118
oot	460
ooty	228
oould	141
ooze	529
oozes	179
oozing	589
op	2817
opa	392
opal	796
opaque	266
ope	274
opec	137
open	229669
opened	28868
opener	1659
openers	268
opening	28386
openings	856
openly	2979
openness	401
opens	28532
opera	9918
operable	119
operandi	267
operas	601
operate	8647
operated	2719
operates	1458
operatic	303
operating	7681
operation	33161
operational	2679
operations	8461
operative	2555
operatives	1338
operator	7633
operators	1004
operetta	232
ophelia	1143
ophthalmologist	172
opiate	259
opiates	260
opie	516
opinion	29749
opinionated	338
opinions	4428
opium	2516
oppa	3343
oppenheimer	463
oppo	126
opponent	5917
opponents	1958
opportune	326
opportunist	420
opportunistic	288
opportunists	151
opportunities	4791
opportunity	36711
opposable	171
oppose	2566
opposed	5153
opposes	430
opposing	1843
opposite	15870
opposites	661
opposition	4158
oppress	340
oppressed	1261
oppressing	173
oppression	1433
oppressive	601
oppressor	271
oppressors	351
opr	126
oprah	2173
opry	286
ops	2909
opt	436
opted	509
optic	710
optical	997
optician	121
optics	570
optimal	485
optimism	1339
optimist	837
optimistic	2754
optimization	165
optimum	361
optimus	1216
option	14026
optional	698
options	11104
optometrist	162
opulence	159
opulent	178
opus	568
or	1267646
ora	475
orabeoni	197
orac	394
oracle	1759
oracles	143
oral	2489
orale	179
orally	281
oran	221
orange	13738
oranges	2335
orangutan	372
orangutans	147
orator	237
oratory	169
orb	1460
orbison	169
orbit	6124
orbital	874
orbiter	171
orbiting	1063
orbits	907
orbs	257
orc	245
orca	329
orcas	147
orchard	1489
orchards	310
orchestra	4840
orchestral	1284
orchestras	187
orchestrate	227
orchestrated	702
orchestrating	164
orchestration	178
orchid	1502
orchids	1094
orcs	356
ord	201
ordained	809
ordeal	1952
ordeals	116
orden	134
order	125446
ordered	27127
ordering	4574
orderlies	341
orderly	2421
orders	43786
ordinance	829
ordinances	141
ordinarily	974
ordinary	18352
ordination	125
ordnance	534
ordway	149
ore	1545
oreal	171
oregano	383
oregon	2395
oren	484
oreo	199
oreos	269
oreste	144
orestes	371
org	251
organ	6680
organic	5050
organically	247
organics	159
organisation	2446
organisations	396
organise	1615
organised	2655
organiser	147
organisers	133
organising	657
organism	1734
organisms	1495
organist	316
organization	11576
organizational	248
organizations	1876
organize	4289
organized	8028
organizer	587
organizers	356
organizes	274
organizing	1997
organs	5353
orgasm	2924
orgasmic	172
orgasms	919
orgies	531
orgy	1630
orhan	496
ori	862
orient	1090
oriental	1604
orientals	138
orientation	1646
oriented	418
orifice	332
orifices	140
origami	448
origin	4878
original	31108
originality	474
originally	6459
originals	951
originate	371
originated	1233
originates	191
originating	247
origins	2041
orin	573
orioles	142
orion	2039
orjust	192
ork	159
orkney	173
orla	216
orlando	2337
orleans	5445
orloff	117
orlov	243
orly	304
orm	164
ormond	195
orn	133
ornament	957
ornamental	224
ornaments	917
ornate	230
ornery	417
ornithologist	146
oro	151
orphan	5424
orphanage	4730
orphanages	268
orphaned	742
orphans	3150
orpheus	802
orr	193
orry	506
orsini	425
orson	1793
ortega	773
orthe	188
ortho	436
orthodontist	284
orthodox	1154
orthodoxy	169
orthopedic	388
ortiz	1050
orton	238
orville	697
orwell	419
orwhat	143
oryou	180
oryu	262
os	910
osaka	2137
osama	1152
osamu	289
osborn	402
osborne	1493
osbourne	495
oscar	12396
oscars	827
oscillating	211
oscillation	132
oscillator	184
osgood	854
osha	157
oshima	297
oshin	366
osip	122
osiris	611
oska	205
oskar	1325
oslo	1023
osman	698
osmond	217
osmosis	140
oso	187
osode	123
osprey	166
oss	269
osso	117
osten	174
ostend	188
ostensibly	222
ostentatious	275
osteoporosis	164
ostia	191
ostracized	255
ostrich	1119
ostriches	220
ostrov	148
osu	125
osugi	158
osvaldo	305
oswald	2324
oswaldo	141
oswin	202
ot	1276
ota	354
otaki	145
otaku	269
otani	145
othello	749
other	577197
others	96631
otherwise	43596
otherworldly	646
otilia	134
otis	2864
oto	178
otoko	151
otomo	291
otra	116
otsu	209
otsuka	170
ott	190
ottavio	128
ottawa	422
otter	903
otters	532
otto	5454
ottoman	987
ottomans	341
ou	5813
ouch	11779
ought	34342
oughta	4080
oughtn	417
oughtta	219
oui	4269
ouija	647
ounce	2552
ounces	2384
our	1191941
ourjob	177
ours	28853
ourself	371
ourselves	42731
oust	194
ousted	209
out	2510010
outa	201
outage	442
outages	133
outback	539
outbid	303
outboard	212
outbound	140
outbreak	2052
outbreaks	277
outburst	824
outbursts	564
outcast	1081
outcasts	603
outcome	4360
outcomes	496
outcrop	121
outcry	290
outdated	1094
outdid	245
outdo	283
outdone	531
outdoor	1834
outdoors	1760
outdoorsy	149
outed	391
outer	6677
outermost	116
outfield	172
outfit	12301
outfits	2293
outfitted	217
outflank	147
outgoing	1178
outgrew	161
outgrow	237
outgrown	408
outgunned	311
outhouse	631
outing	1303
outings	256
outlander	156
outlandish	325
outlast	290
outlaw	2031
outlawed	584
outlaws	1349
outlet	1635
outlets	762
outline	1316
outlined	447
outlines	334
outlining	182
outlive	629
outlived	358
outlook	1052
outlying	214
outmoded	160
outnumber	495
outnumbered	1684
outpatient	353
outpost	1343
outposts	314
outpouring	159
output	1716
outputs	118
outrage	2233
outraged	1140
outrageous	4569
outrageously	205
outrank	240
outreach	612
outrigger	114
outright	1050
outrun	1472
outs	1246
outset	421
outshine	208
outside	127251
outsider	2491
outsiders	2109
outskirts	1368
outsmart	568
outsmarted	422
outsource	150
outsourced	125
outsourcing	189
outspoken	441
outstanding	4707
outstretched	266
outta	25290
outvoted	130
outward	979
outwardly	245
outwards	319
outweigh	334
outweighed	130
outweighs	244
outwit	407
outwith	347
outwitted	243
outworld	115
ouyang	297
ouzo	199
ov	186
oval	1270
ovaltine	133
ovarian	288
ovaries	609
ovary	243
ovation	530
ove	532
oven	7301
ovens	552
over	880841
overachiever	152
overacting	178
overactive	244
overall	3429
overalls	789
overbearing	530
overbite	141
overblown	161
overboard	3554
overbooked	162
overcame	660
overcast	260
overcharge	144
overcharged	132
overcharging	123
overcoat	792
overcome	6778
overcomes	231
overcoming	544
overcompensating	195
overconfidence	116
overconfident	289
overcook	158
overcooked	815
overcrowded	446
overcrowding	227
overdid	498
overdo	1493
overdoing	725
overdone	504
overdose	2479
overdosed	493
overdoses	142
overdraft	261
overdrawn	250
overdressed	364
overdrive	483
overdue	1870
overestimate	359
overestimated	282
overestimating	121
overexcited	243
overextended	188
overflow	702
overflowed	159
overflowing	871
overflows	199
overgrown	761
overhaul	458
overhead	2735
overheads	135
overhear	830
overheard	3196
overhearing	435
overheat	245
overheated	469
overheating	410
overjoyed	819
overkill	729
overland	310
overlap	640
overlapping	3060
overlay	259
overload	1395
overloaded	723
overloading	242
overlook	1666
overlooked	1685
overlooking	1063
overlooks	218
overlord	415
overlords	251
overly	1739
overnight	7860
overpaid	300
overpass	429
overpopulation	170
overpower	523
overpowered	455
overpowering	411
overpriced	501
overprotective	566
overqualified	172
overran	117
overrated	1492
overreact	732
overreacted	1034
overreacting	2268
overreaction	216
override	2207
overrides	164
overriding	310
overrule	254
overruled	1705
overrun	1191
overs	215
oversaw	218
overseas	4269
oversee	1119
overseeing	567
overseen	147
overseer	420
overseers	142
oversees	207
oversensitive	134
oversexed	114
overshadow	134
overshadowed	224
overshot	175
oversight	1349
oversized	607
oversleep	175
overslept	995
overstated	140
overstatement	116
overstating	161
overstayed	184
overstep	285
overstepped	425
overstepping	223
overt	299
overtake	913
overtaken	379
overtakes	125
overtaking	234
overthe	337
overthere	539
overthink	318
overthinking	311
overthrew	173
overthrow	1476
overthrowing	174
overthrown	361
overtime	3953
overtired	118
overtly	170
overto	128
overton	178
overtones	150
overtook	255
overture	513
overtures	174
overturn	512
overturned	938
overturning	118
overuse	122
overused	128
overview	357
overwatch	166
overweight	1148
overwhelm	636
overwhelmed	3583
overwhelming	3966
overwhelmingly	328
overwhelms	281
overwork	279
overworked	804
overwrought	270
overzealous	369
ovulating	389
ovulation	223
ovum	135
ow	45251
owada	220
owari	247
owe	46153
owed	5380
owen	9658
owens	1541
owes	6202
owie	161
owing	1002
owl	4370
owls	1126
own	352542
owned	8858
owner	24722
owners	6276
ownership	2038
owning	1532
owns	11717
owt	545
oww	977
ox	3217
oxen	791
oxfam	124
oxford	4291
oxfordshire	159
oxidation	121
oxide	727
oxnard	168
oxy	612
oxycodone	242
oxycontin	266
oxygen	10804
oxymoron	206
oxytocin	227
oy	2407
oyabun	175
oyama	190
oye	657
oyez	155
oyku	207
oyster	1803
oysters	2265
oyuki	214
oz	3642
ozaki	280
ozan	125
ozawa	252
ozone	856
ozu	405
ozzie	593
ozzy	1609
pa	15566
paan	296
paappi	216
paavo	137
pablito	358
pablo	5944
pac	574
pace	6620
paced	216
pacemaker	669
pacer	183
paces	1291
pacey	1438
pacha	148
pacheco	259
pachinko	294
pacific	6984
pacifica	134
pacified	149
pacifier	392
pacifist	581
pacifists	142
pacify	419
pacing	976
pacino	703
pack	32110
package	14169
packaged	379
packages	2286
packaging	912
packard	467
packed	11868
packer	652
packers	315
packet	2871
packets	1201
packin	205
packing	8376
packs	3086
packy	148
paco	2367
pact	3258
pacts	121
pad	5156
padawan	205
padded	613
paddies	215
padding	578
paddington	394
paddle	2285
paddled	147
paddles	1006
paddling	589
paddock	416
paddy	3245
padilla	165
padlock	450
padlocked	160
padlocks	120
padma	465
padre	2423
padres	223
pads	1963
padua	321
paedo	157
paedophile	452
paedophiles	168
paella	539
pagan	1568
paganini	225
paganism	114
pagans	437
page	25183
pageant	2616
pageantry	158
pageants	364
paged	1225
pager	1561
pagers	194
pages	9543
paget	116
pagina	196
paging	925
pagoda	460
pah	378
pai	807
paid	66526
paige	7153
pail	600
pails	125
pain	76799
paine	391
pained	658
painful	13100
painfully	1149
paining	412
painkiller	450
painkillers	1581
painless	1334
painlessly	164
pains	4593
painstaking	282
painstakingly	203
paint	26174
paintball	671
paintbrush	272
painted	9934
painter	5846
painters	1370
painting	24401
paintings	8569
paints	1578
pair	24293
paired	1036
pairing	581
pairs	3735
paisa	172
paisan	119
paise	336
paisley	571
pajama	541
pajamas	3042
pak	1277
paki	367
pakistan	4080
pakistani	1399
pakistanis	298
pal	26163
pala	128
palace	20785
palaces	993
paladin	3082
palais	271
palanquin	660
palatable	232
palate	1049
palates	130
palatial	199
palatine	138
palaver	151
palazzo	321
pale	7382
paleface	126
paleontologist	131
paleontology	137
paler	171
palermo	1216
pales	211
palestine	1568
palestinian	1166
palestinians	910
palette	639
paley	243
pali	225
palin	888
palio	117
palisades	224
pall	280
palladium	316
pallas	136
pallbearer	118
pallbearers	124
palle	383
pallet	284
pallets	187
palliative	158
palliser	118
pallor	136
pally	444
palm	8801
palma	389
palme	310
palmer	5648
palmetto	120
palms	2347
palmwoods	131
palo	367
paloma	973
palomares	175
palomino	167
palos	159
palp	318
palpable	378
palpitations	370
pals	4228
palsy	343
paltrow	181
paltry	386
pam	7072
pamela	3294
pamina	121
pammi	179
pammy	262
pampas	114
pamper	460
pampered	684
pampering	297
pampers	183
pamphlet	919
pamphlets	790
pamplona	163
pan	9442
panache	235
panama	1891
panamanian	135
pancake	2109
pancakes	5082
panchayat	213
panchi	125
pancho	1028
pancreas	660
pancreatic	428
pancreatitis	127
panda	3190
pandas	492
pandavas	121
pandemic	363
pandemonium	364
pander	198
pandering	276
pandey	613
pandi	240
pandit	469
panditji	169
pandora	1171
pandu	221
pane	497
panel	5438
paneling	147
panels	1529
panes	175
pang	902
pangaea	144
pangborn	143
pangs	353
panhandle	190
pani	170
panic	15707
panicked	4313
panicking	1529
panicky	440
panics	388
panini	205
panisse	300
panky	124
panna	192
panned	268
panning	247
panorama	426
panoramic	199
panos	115
pans	1501
pansies	334
pansy	750
pant	1285
pantheon	399
panther	2395
panthers	1501
panthro	114
panties	5682
panting	21711
panto	114
pantomime	384
pantry	1575
pants	36916
pantsuit	218
panty	782
pantyhose	531
panza	117
panzer	497
panzers	138
pao	1298
paola	630
paolino	165
paolo	2766
pap	889
papa	31095
papacy	221
papaji	135
papal	971
paparazzi	1346
paparazzo	161
papas	145
papaya	616
paper	62166
paperback	248
paperboy	272
papers	36502
paperweight	307
paperwork	9301
papi	2326
papillon	157
pappa	400
pappas	295
pappi	196
pappu	650
pappy	1081
paprika	523
papua	317
papyrus	287
paquita	170
paquito	143
par	1953
para	1568
parable	319
parabolic	189
paracelsus	191
paracetamol	211
parachute	2619
parachuted	184
parachutes	555
parachuting	165
parade	8190
paraded	315
parades	603
paradigm	530
paradine	181
parading	547
paradis	244
paradise	11584
paradiso	119
paradox	1386
paradoxes	188
paradoxical	183
paradoxically	137
paraffin	329
parag	115
paragon	398
paragraph	1854
paragraphs	286
paraguay	500
paraguayan	147
parakeet	363
parakeets	114
paralegal	409
parallax	114
parallel	3432
parallels	341
paralysed	677
paralysis	1526
paralytic	272
paralyze	417
paralyzed	2857
paralyzes	154
paralyzing	291
param	148
paramedic	1403
paramedics	2551
parameter	378
parameters	1594
paramilitary	309
paramount	1100
paramour	230
paranoia	2163
paranoid	7063
paranormal	1388
parapet	166
paraphernalia	372
paraphrase	163
paraphrasing	156
paraplegic	220
paras	126
parasite	2044
parasites	1603
parasitic	332
parasol	353
paratrooper	243
paratroopers	364
parbat	122
parc	133
parcel	2156
parcels	646
parched	819
parcheesi	131
parchment	658
pard	153
pardner	232
pardo	147
pardon	33755
pardoned	812
pardons	498
pare	153
paree	120
parent	10204
parentage	156
parental	1422
parentheses	168
parenthood	448
parenting	2023
parents	110206
parfait	239
pari	291
pariah	401
parietal	330
pariqual	234
paris	44110
parish	3717
parishes	150
parishioner	172
parishioners	501
parisian	984
parisians	329
park	58713
parka	289
parked	7969
parker	14072
parkers	156
parkes	230
parking	17645
parkinson	864
parkman	370
parkour	181
parks	4205
parkway	419
parky	142
parlance	160
parlay	249
parle	136
parley	359
parlez	129
parliament	5143
parliamentary	655
parlor	3085
parlors	311
parlour	1191
parm	216
parma	519
parmesan	643
parminder	147
parn	127
parnell	464
parnet	125
paro	762
parochial	178
parody	467
parole	6694
paroled	589
parolee	188
parolees	170
parquet	150
parr	376
parris	272
parrish	987
parrot	3754
parrots	707
parry	742
parsa	182
parsley	761
parsnip	175
parsnips	117
parson	889
parsonage	136
parsons	2036
part	192248
partake	677
parte	150
parted	1915
parthenon	227
partial	3471
partially	1689
partials	172
participant	638
participants	1146
participate	4674
participated	1199
participates	177
participating	1469
participation	1487
particle	2564
particles	4385
particular	22890
particularly	14220
particulars	640
particulate	147
particulates	320
partied	608
parties	15865
parting	2050
partisan	786
partisans	1014
partition	616
partly	3077
partner	48247
partnered	413
partnering	213
partners	13760
partnership	4157
partnerships	307
parton	397
partridge	1287
partridges	157
parts	24186
party	166137
partying	2706
paru	121
parvati	1263
parvez	141
pas	2279
pasa	513
pasadena	801
pascal	1604
pascale	126
paschal	205
pascoe	410
pascual	255
pasha	1996
pashto	222
pasiphae	142
paso	1230
pasolini	313
pasquale	710
pasqualino	165
pasquinel	135
pass	76635
passable	295
passage	6681
passages	1088
passageway	714
passageways	250
passcode	239
passe	238
passed	45678
passenger	6096
passengers	8474
passer	146
passerby	226
passersby	158
passes	10162
passin	183
passing	19834
passion	16878
passionate	5934
passionately	1069
passions	1558
passive	1398
passively	158
passkey	207
passover	574
passport	11030
passports	3154
password	700000
passwords	698
past	106439
pasta	4750
paste	2267
pasted	325
pastel	214
pastels	133
pasternak	114
pasteur	296
pasties	164
pastime	714
pastimes	130
pasting	160
pastis	171
pastor	5385
pastoral	366
pastors	144
pastrami	566
pastries	992
pastry	2468
pasts	213
pasture	1243
pastures	969
pasty	535
pat	11084
patagonia	349
patch	8938
patched	1086
patches	1551
patching	525
patchouli	169
patchwork	258
patchy	160
pate	525
patel	1174
patella	132
patent	2066
patented	593
patently	177
patents	585
pater	269
paternal	598
paternity	1103
paterno	172
paterson	306
path	26681
pathan	280
pathetic	14789
pathetically	222
pathfinder	157
pathogen	448
pathogens	225
pathological	870
pathologically	119
pathologist	1366
pathologists	179
pathology	1076
pathos	240
paths	4415
pathway	670
pathways	636
patience	12288
patient	45828
patiently	1177
patients	21543
patil	346
patina	142
patio	1447
patisserie	120
patmore	275
patna	129
patootie	135
patria	127
patriarch	530
patriarchal	253
patriarchy	149
patrice	931
patricia	4007
patrician	124
patrick	15903
patrik	535
patriot	2135
patriotic	1900
patriotism	1072
patriots	1281
patris	309
patrizia	292
patrol	11170
patrolled	216
patrolling	973
patrolman	478
patrolmen	160
patrols	1872
patron	2418
patronage	545
patronise	226
patronising	274
patronize	842
patronizing	573
patrons	1266
pats	826
patsy	2415
pattaya	172
patted	265
patten	144
patter	371
pattering	374
pattern	12181
patterned	217
patterns	5072
patterson	2893
patti	1579
pattie	178
patties	371
patting	466
patton	1409
patty	6204
pau	322
paul	58529
paula	7766
paulette	568
pauley	185
pauli	342
paulie	2823
paulina	516
pauline	3047
paulinho	203
paulo	2407
paulsen	140
paulson	558
paulus	203
pauly	912
paunch	174
pauper	727
paupers	230
pause	3750
paused	408
pauses	325
pausing	184
pavarotti	212
pave	508
paved	951
pavel	1331
pavement	1753
pavements	215
pavi	127
pavilion	1212
paving	419
pavle	121
pavlik	120
pavlov	303
pavlova	156
pavlovich	216
paw	2186
pawan	242
pawel	166
pawing	281
pawn	4164
pawnbroker	263
pawned	729
pawnee	987
pawning	155
pawns	726
pawnshop	593
paws	1945
pawter	127
pax	553
paxman	129
paxton	971
pay	188822
payable	418
payal	607
payback	2902
paycheck	2395
paychecks	476
payday	1446
payed	347
payer	116
payin	410
paying	31696
payload	536
paymaster	116
payment	9305
payments	3679
payne	1146
payoff	1174
payoffs	304
payout	461
paypal	164
payphone	446
payroll	2774
pays	10813
payson	764
payton	431
paz	578
pazzi	153
pb	224
pbht	302
pbs	539
pc	2124
pca	164
pcp	446
pcr	131
pcs	186
pd	2706
pda	471
pe	1183
pea	2162
peabody	855
peace	64262
peaceable	142
peaceably	121
peaceful	9987
peacefully	3356
peacekeeper	436
peacekeepers	461
peacekeeping	240
peacemaker	365
peacemakers	128
peacetime	330
peach	4083
peaches	2370
peachy	872
peacock	2098
peacocks	406
peak	4762
peaked	558
peaking	176
peaks	1494
peaky	179
peal	199
peanut	5757
peanutbutter	265
peanuts	3823
pear	1586
pearce	1257
pearl	8175
pearlman	117
pearls	3149
pearly	607
pears	935
pearson	1614
peas	3139
peasant	3715
peasants	3645
pease	172
peasy	214
peat	450
pebble	930
pebbles	879
pecan	542
pecans	164
peck	2450
pecked	207
pecker	783
peckerwood	130
peckham	268
pecking	556
peckish	272
pecks	124
pecos	192
pecs	383
pectoral	134
peculiar	4058
peculiarities	133
peculiarly	123
ped	196
pedal	2086
pedaling	250
pedals	564
pedantic	206
peddle	443
peddler	587
peddlers	187
peddling	623
peder	205
pedersen	186
pedes	186
pedestal	904
pedestrian	926
pedestrians	461
pediatric	567
pediatrician	842
pediatrics	361
pedicure	504
pedicures	130
pedigree	691
pedophile	1139
pedophiles	436
pedophilia	159
pedro	6184
pedrosa	189
peds	271
pee	13455
peed	2059
peeing	1759
peek	3308
peekaboo	351
peeked	389
peeking	1242
peel	4097
peele	117
peeled	1478
peeler	242
peeling	914
peels	357
peep	2579
peeped	225
peeper	217
peepers	302
peephole	285
peeping	1632
peeps	593
peer	1566
peerage	130
peered	162
peering	384
peerless	218
peers	1671
pees	399
peeta	171
peeved	186
peewee	323
peg	4939
pegasus	1133
pegged	1052
peggotty	125
peggy	7431
pegs	595
pei	379
peking	839
pel	216
pelant	385
pele	256
pelham	498
pelican	771
pelicans	194
pell	252
pelle	317
pellegrino	158
pellet	477
pelletier	151
pellets	685
pelosi	174
pelt	848
pelted	138
pelts	346
pelvic	750
pelvis	1299
pemberley	116
pemberton	405
pembleton	247
pembroke	239
pen	16656
pena	401
penal	1284
penalized	224
penalties	770
penalty	7347
penance	1648
pence	1108
penchant	381
pencil	5582
pencils	1610
pendant	1244
pendants	119
pendejo	315
pender	149
pending	2667
pendleton	733
pendragon	246
pendrick	358
pendulum	648
penelope	3248
penetrate	2137
penetrated	1182
penetrates	351
penetrating	915
penetration	1141
peng	861
penguin	3362
penguins	2031
penh	140
penicillin	1109
penile	152
peninsula	1406
penis	10143
penises	955
penitence	193
penitent	263
penitentiary	1424
penknife	215
penmanship	239
penn	2354
pennant	388
penne	153
penned	286
penner	398
penney	118
pennies	2204
penniless	1178
penning	116
pennington	385
pennsylvania	3068
penny	19236
penrod	115
penrose	248
pens	2019
pensacola	198
pension	4963
pensioner	337
pensioners	371
pensions	586
pensive	352
pent	235
pentagon	3343
pentagram	365
pentecost	127
penthouse	2452
pentothal	205
penultimate	150
peon	338
peonies	203
peons	164
peony	356
peop	165
people	885915
peoples	3228
peoria	193
pep	2225
pepa	252
pepe	2038
pepi	216
pepita	201
pepito	258
peppa	194
peppe	240
pepper	7346
peppered	185
peppermint	861
pepperoni	1201
peppers	1676
peppi	228
peppino	786
peppone	229
peppy	398
pepsi	941
pepys	117
per	22472
pera	162
peralta	670
perce	172
perceive	1555
perceived	1353
perceives	206
perceiving	131
percell	354
percent	16352
percentage	2711
percentages	365
percentile	200
perception	2673
perceptions	412
perceptive	974
perch	843
perchance	506
perched	500
percival	711
percocet	236
percussion	458
percussive	245
percy	3952
perdition	248
pere	178
peregrine	274
pereira	434
perennial	251
peres	117
perez	2179
perf	137
perfect	112229
perfected	1059
perfecting	385
perfection	3768
perfectionist	484
perfectly	31201
perfecto	250
perfidious	146
perforated	385
perforation	143
perform	15312
performance	19713
performances	2393
performed	6584
performer	2076
performers	1269
performing	6317
performs	851
perfume	7146
perfumed	438
perfumes	587
perhaps	109240
peri	675
pericardial	159
pericardium	168
pericles	277
perignon	212
peril	1510
perilous	734
perils	393
perimeter	5313
perimeters	135
perimortem	191
period	23158
periodic	555
periodical	125
periodically	385
periodicals	116
periods	2045
peripheral	488
periphery	198
periscope	620
perish	2647
perishable	150
perished	1175
perishing	162
peritoneal	125
peritonitis	137
peritta	170
periwinkle	169
perjure	203
perjured	235
perjury	1316
perk	879
perked	129
perkins	2376
perks	1472
perky	856
perla	295
perlman	120
perm	736
permafrost	201
permanence	173
permanent	8395
permanently	3594
permeates	123
permian	200
permissible	271
permission	24999
permissions	132
permit	8491
permits	1894
permitted	3143
permitting	353
permutations	114
pernell	388
pernicious	244
pernille	264
pernod	191
pero	606
peron	207
peroxide	432
perp	2469
perpendicular	265
perpetrate	125
perpetrated	531
perpetrator	1786
perpetrators	701
perpetual	1209
perpetually	278
perpetuate	333
perpetuated	118
perpetuating	150
perpetuity	245
perplexed	388
perplexing	208
perps	570
perri	224
perrier	304
perrin	505
perrine	950
perry	7325
persecute	454
persecuted	1156
persecuting	270
persecution	1265
persephone	258
perseus	379
perseverance	711
persevere	469
persevered	163
pershing	181
persia	723
persian	1718
persians	405
persimmon	215
persimmons	115
persist	1000
persisted	264
persistence	669
persistent	2246
persistently	190
persists	366
person	192652
persona	1137
personable	195
personage	160
personal	60381
personalities	2011
personality	11303
personalized	327
personally	25058
personals	203
personas	121
personification	167
personified	266
personnel	7676
persons	6965
perspective	7030
perspectives	326
perspiration	309
perspire	126
perspiring	177
persson	234
persuade	5385
persuaded	2717
persuades	118
persuading	553
persuasion	1156
persuasive	1532
pert	234
pertain	175
pertaining	551
pertains	238
perth	451
pertinent	701
pertti	143
perturbed	212
peru	2085
perugia	144
perumal	185
peruse	222
peruvian	621
perv	1180
pervasive	218
perverse	1112
perversion	540
perversions	203
perversity	126
pervert	5970
perverted	1414
perverting	184
perverts	1185
pervs	199
pervy	289
pesetas	1011
peshawar	138
pesky	713
peso	292
pesos	2314
pessimism	232
pessimist	431
pessimistic	683
pest	1900
pester	570
pestered	219
pestering	931
pesticide	559
pesticides	633
pestilence	616
pestle	145
pesto	468
pests	586
pet	12235
peta	312
petal	557
petals	1410
petar	298
pete	26016
petechial	208
peter	58654
peterman	180
peters	2107
petersburg	1566
petersen	528
peterson	3786
petey	1305
peti	222
petit	894
petite	910
petition	3550
petitioned	259
petitioner	188
petitioning	171
petitions	441
petr	451
petra	2147
petrelli	260
petri	469
petrie	653
petrified	1048
petrillo	118
petro	236
petrograd	147
petrol	4096
petroleum	836
petronius	160
petros	270
petrov	731
petrova	135
petrovic	195
petrovich	716
petrovna	218
petruchio	125
petrus	308
pets	3340
petter	366
petticoat	369
petticoats	211
pettigrew	302
pettiness	144
petting	943
petty	8431
petulant	249
petunia	354
petunias	147
petya	368
peu	148
peugeot	398
pew	1011
pews	203
pewter	133
pewterschmidt	122
peyote	332
peyrac	120
peyton	3063
pez	277
pezuela	190
pezzini	168
pfc	348
pfeifer	123
pfeiffer	505
pff	367
pfff	181
pffft	145
pfft	1722
pfizer	115
pg	311
ph	629
phaedra	149
phalanges	135
phalanx	228
phallic	240
phallus	245
phan	168
phantasm	129
phantom	4364
phantoms	431
phar	147
pharaoh	2682
pharaohs	714
pharisees	202
pharma	302
pharmaceutical	1718
pharmaceuticals	1051
pharmacies	238
pharmacist	1193
pharmacists	121
pharmacology	135
pharmacy	3113
pharrell	1047
phase	8690
phased	207
phaser	779
phasers	732
phases	627
phasing	157
phat	350
phd	1552
phds	144
pheasant	878
pheasants	323
pheebs	380
phelan	175
phelps	1186
phenomena	1427
phenomenal	2027
phenomenally	140
phenomenon	3846
pheromone	246
pheromones	591
phew	2859
phi	804
phil	21338
philadelphia	4185
philanderer	199
philandering	197
philanthropic	209
philanthropist	544
philanthropy	253
philbin	148
philby	452
philharmonic	458
philibert	153
philip	10080
philipp	263
philippa	228
philippe	3462
philippine	333
philippines	1798
philips	482
philistine	367
philistines	404
phill	291
phillies	240
phillip	5331
phillipa	143
phillipe	280
phillips	3635
philly	2648
philo	272
philomena	210
philosopher	2662
philosophers	892
philosophical	1264
philosophically	181
philosophies	342
philosophy	6535
phineas	525
phipps	482
phlegm	342
phlox	367
phnom	165
pho	159
phobia	740
phobias	292
phobic	115
phoebe	6452
phoebus	185
phoenician	174
phoenicians	162
phoenix	5978
phone	950000
phonebook	174
phoned	5393
phones	12424
phoney	972
phonies	283
phoning	1211
phonograph	522
phony	4298
phooey	401
phosphate	169
phosphorous	172
phosphorus	430
photo	750000
photocopied	122
photocopier	221
photocopies	245
photocopy	520
photocopying	114
photogenic	485
photograph	10953
photographed	2105
photographer	7495
photographers	1638
photographic	1261
photographing	627
photographs	7925
photography	4993
photojournalist	150
photon	594
photonic	162
photons	363
photos	23035
photoshoot	115
photoshop	492
photoshopped	274
photosynthesis	291
phrase	6167
phrased	181
phrases	1328
phrasing	302
phresh	137
phryne	221
phu	263
phuket	223
phuong	244
phwoar	141
phyl	143
phyllis	2626
phys	142
physic	147
physical	20898
physicality	159
physically	7914
physicals	122
physician	4171
physicians	808
physicist	1618
physicists	980
physics	6452
physio	211
physiological	585
physiologically	123
physiology	694
physiotherapist	130
physiotherapy	171
physique	625
pi	2323
pia	989
piaf	147
piak	177
pianist	1638
pianists	117
piano	20426
pianos	425
piao	193
piazza	740
pic	1036
picard	1698
picasso	2315
piccadilly	539
picchu	331
piccolo	727
pick	122698
pickaxe	194
picked	44114
picker	484
pickering	321
pickers	280
picket	1245
picketing	199
pickets	187
pickett	363
pickford	175
pickin	523
picking	21173
pickings	509
pickle	3048
pickled	1327
pickles	3034
pickling	115
pickpocket	741
pickpockets	258
picks	5315
pickup	3698
pickups	315
pickwick	171
picky	1734
picnic	6760
picnics	536
pico	284
pics	828
pictionary	141
pictorial	161
picture	83461
pictured	1635
pictures	43550
picturesque	509
picturing	835
piddling	121
pidge	279
pie	17716
piece	84224
pieced	314
pieces	30122
piecing	253
pied	716
piedmont	302
pier	4186
pierce	7027
pierced	1933
pierces	293
piercing	1395
piercings	344
piero	702
pierre	8229
pierrot	861
piers	816
pierson	467
pies	2944
piet	352
pieter	333
pietje	170
pietro	1563
piety	549
pig	26989
pigalle	235
pigeon	4626
pigeons	3068
piggies	308
piggy	3750
piggyback	555
pigheaded	331
piglet	1156
piglets	321
pigment	442
pigmentation	147
pigments	191
pignon	157
pigpen	172
pigs	10566
pigskin	177
pigsty	728
pigtail	123
pigtails	454
pik	114
pika	1050
pikachu	791
pike	2986
pikes	166
pil	725
pilaf	175
pilar	1128
pilate	751
pilates	885
pilcher	145
pile	9476
piled	1188
piles	1630
pileup	183
pilfered	125
pilfering	160
pilgrim	1553
pilgrimage	1639
pilgrims	1594
piling	1182
pilkington	290
pill	9181
pillage	377
pillaged	184
pillaging	224
pillai	180
pillar	1796
pillars	1172
pillbox	139
pillock	233
pillow	7989
pillowcase	320
pillows	2208
pills	20181
pillsbury	208
pilot	18070
piloted	212
piloting	407
pilots	4228
pim	750
pimento	169
pimlico	129
pimm	145
pimp	5272
pimped	233
pimpernel	253
pimpin	160
pimping	627
pimple	702
pimples	628
pimply	135
pimps	969
pin	10355
pina	471
pinata	250
pinball	1043
pincer	163
pincers	227
pinch	4247
pinche	161
pinched	1740
pincher	128
pinches	262
pinching	797
pincus	145
pincushion	116
pindar	270
pindy	118
pine	4633
pineal	168
pineapple	2343
pineapples	424
pined	144
pineda	218
pines	1240
pinewood	215
piney	247
ping	3401
pinged	285
pinging	413
pings	401
pinhead	487
pinheads	124
pinhole	135
pini	125
pining	789
pink	15742
pinker	164
pinkerton	512
pinkertons	124
pinkeye	133
pinkie	1513
pinkies	126
pinkman	125
pinko	132
pinks	284
pinky	4886
pinnacle	659
pinned	2668
pinning	518
pino	524
pinocchio	1274
pinochet	274
pinochle	170
pinot	677
pinpoint	1506
pinpointed	274
pins	2847
pinstripe	121
pint	3476
pinter	194
pinto	815
pints	1275
pintu	136
pinup	188
pinwheel	151
pio	376
pioneer	1729
pioneered	313
pioneering	487
pioneers	1260
piotr	483
pious	1238
pip	2010
pipe	11672
piped	206
pipeline	1705
pipelines	220
piper	5744
pipers	125
pipes	4559
piping	771
pipo	130
pippa	621
pippen	119
pippi	822
pippin	278
pippo	258
pippy	188
pips	387
pipsqueak	306
pique	147
piqued	237
piracy	618
piranha	572
piranhas	327
pirate	6318
pirated	289
pirates	5774
pirelli	218
piri	196
piron	118
pirouette	190
piryu	122
pis	123
pisa	454
pisces	374
pish	241
piss	20720
pissant	290
pissarro	175
pissed	19247
pisser	214
pisses	1955
pissin	119
pissing	4054
pissy	474
pista	151
pistachio	604
pistachios	194
pistol	6669
pistols	1656
piston	523
pistons	388
pit	11599
pita	337
pitbull	233
pitch	11022
pitched	1599
pitcher	2582
pitchers	424
pitches	770
pitchfork	484
pitchforks	198
pitching	1869
pitchy	141
piteous	117
pitfalls	217
pith	127
pithy	168
piti	232
pitiable	210
pitied	559
pities	122
pitiful	3011
pitifully	142
pitiless	219
pitkin	275
pitman	132
pits	2134
pitstop	184
pitt	1665
pittance	323
pitted	298
pitting	257
pittman	383
pitts	231
pittsburgh	2358
pitty	133
pituitary	284
pity	22667
pitying	194
piu	170
pius	246
pivot	493
pivotal	509
pix	172
pixar	202
pixel	242
pixels	263
pixie	714
pixies	231
pixy	175
piya	196
pizarro	243
pizza	21677
pizzas	1739
pizzazz	227
pizzeria	457
pj	1120
pjs	232
pk	413
pl	390
pla	548
placard	162
placards	117
placate	283
place	444863
placebo	464
placed	12026
placement	1354
placenta	640
places	41041
placid	362
placing	2305
plagiarism	331
plagiarized	194
plague	6480
plagued	926
plagues	533
plaguing	156
plaid	746
plain	12952
plainclothes	276
plainer	128
plainly	1104
plains	2511
plaintiff	1510
plaintiffs	365
plaintive	172
plait	613
plaits	122
plan	118129
planck	277
plane	49704
planed	127
planes	8460
planet	47564
planetarium	457
planetary	1279
planetoid	123
planets	7215
plank	1465
planks	597
plankton	793
planned	23797
planner	1498
planners	332
plannin	200
planning	32400
plans	39142
plant	23599
plantagenet	390
plantain	164
plantains	114
plantation	1860
plantations	476
planted	7577
planter	323
planters	179
planting	2192
plants	11419
plaque	1523
plaques	262
plasma	2803
plaster	2182
plastered	1015
plastering	128
plasters	120
plastic	13694
plastics	794
plastique	145
plata	269
plate	21466
plateau	1355
plated	282
platelet	137
platelets	330
plates	9684
platform	6308
platforms	665
plath	142
plating	751
platinum	1804
platitudes	258
plato	1279
platonic	749
platoon	3712
platoons	241
platt	567
platter	1734
platters	197
platypus	528
platz	115
plausible	1430
play	233865
playa	551
playacting	120
playback	698
playbook	651
playboy	2719
playboys	282
playdate	347
played	43357
player	23087
players	12735
playful	1671
playfully	400
playground	3360
playgrounds	254
playhouse	450
playin	2176
playing	146615
playlist	421
playmate	613
playmates	306
playoff	337
playoffs	1105
playpen	193
playroom	349
plays	33550
playstation	606
plaything	473
playthings	183
playtime	662
playwright	682
plaza	2837
plckman	194
ple	222
plea	5006
plead	5132
pleaded	1138
pleading	1644
pleads	521
pleakley	135
pleas	567
pleasant	12122
pleasantly	539
pleasantries	411
please	1700000
pleased	23158
pleaser	155
pleases	2377
pleasing	1489
pleasurable	527
pleasure	54085
pleasures	2458
pleasuring	133
pleated	139
pleats	163
plebs	120
pled	376
pledge	4918
pledged	1211
pledges	931
pledging	363
pleiades	192
plentiful	566
plenty	36941
plethora	183
pleural	138
plexiglas	140
plexus	189
pliable	176
plied	130
pliers	841
plight	1376
plimpton	162
pliny	167
plo	212
plod	176
plodding	153
plonk	181
plonker	147
plop	469
plot	9006
plots	1265
plotted	925
plotters	138
plotting	2314
plough	936
ploughed	314
ploughing	297
plover	157
plow	1253
plowed	411
plowing	462
plows	164
ploy	1390
pluck	2095
plucked	1147
plucking	525
plucks	150
plucky	402
plug	6583
plugged	1604
plugging	462
plugs	1188
plum	2437
plumage	232
plumb	676
plumber	3221
plumbers	626
plumbing	2570
plume	542
plumes	286
plummer	561
plummet	381
plummeted	310
plummeting	314
plump	921
plums	783
plunder	921
plundered	461
plundering	274
plunge	1740
plunged	1006
plunger	530
plunges	253
plunging	521
plunk	122
plunkett	331
plural	840
plus	33414
plush	396
pluto	1668
plutonium	1133
ply	399
plying	179
plymouth	898
plywood	406
pm	8007
pms	316
pneumatic	285
pneumo	154
pneumonia	2587
pneumothorax	266
po	3942
poach	437
poached	866
poacher	580
poachers	813
poaching	893
pocahontas	456
pocket	24261
pocketbook	413
pocketed	264
pocketful	191
pocketing	148
pocketknife	157
pockets	8576
poco	217
poconos	157
pocus	208
pod	4382
podcast	616
podiatrist	204
podium	989
pods	1192
podunk	133
poe	1292
poem	9092
poems	4263
poet	7674
poetic	2222
poetry	9374
poets	1985
pogo	396
pogue	652
poi	222
poignant	590
poindexter	259
point	174205
pointe	205
pointed	6390
pointer	561
pointers	822
pointing	6222
pointless	4589
points	24659
pointy	1142
poirot	3624
poise	470
poised	798
poison	21323
poisoned	8332
poisoner	250
poisoning	5209
poisonous	3579
poisons	1148
poit	145
poitier	145
poitiers	166
pok	292
poke	3898
poked	1076
pokemon	569
poker	8624
pokes	240
pokey	460
poking	2614
pol	757
pola	114
polack	307
poland	4936
polanski	294
polar	3159
polaris	263
polarity	369
polarized	128
polaroid	567
polaroids	293
poldark	731
poldi	173
pole	10136
polecat	129
polenta	336
poles	3216
poli	220
police	221380
policeman	11364
policemen	4064
policewoman	622
policia	148
policies	2400
policing	651
policy	15482
polina	189
polio	797
polish	9090
polished	1744
polishing	1000
politburo	135
polite	8368
politely	1587
politeness	526
politic	227
political	23126
politically	2293
politician	4389
politicians	5950
politics	16636
polk	543
polka	974
poll	1652
pollack	473
pollan	128
pollard	410
polled	128
pollen	1424
polling	712
pollo	276
pollock	761
polls	2129
pollutants	142
pollute	426
polluted	925
polluting	368
pollution	1971
pollux	210
polly	5005
pollyanna	232
polo	2789
polonium	197
polonius	186
poltergeist	472
poly	479
polyester	577
polygamist	131
polygamy	314
polygraph	1003
polymer	401
polynesia	165
polynesian	263
polynomial	115
polyp	126
polyps	215
polytechnic	176
polyurethane	119
pom	505
pomegranate	477
pomegranates	129
pomeranian	129
pomeroy	199
pomme	119
pomona	144
pomp	549
pompadour	170
pompeii	691
pompey	584
pompous	1295
pon	350
ponce	534
ponch	361
poncho	568
pond	5843
ponder	803
pondered	290
pondering	470
ponderosa	371
pondicherry	120
ponds	539
pong	1726
pongo	310
ponies	1669
pont	270
ponte	206
ponti	156
pontiac	491
pontiff	218
pontius	367
pontoon	232
pontus	258
pony	5698
ponyo	144
ponytail	884
ponytails	184
ponyville	270
ponzi	400
poo	2798
pooch	841
poochie	276
poodle	1297
poodles	318
poof	2063
poofs	185
poofter	225
poofy	124
pooh	1680
pooja	2271
pookie	339
pool	27818
poole	1164
pooled	190
pooling	216
poolroom	147
pools	1902
poolside	216
poon	427
poonam	194
poontang	176
poop	4601
pooped	914
pooper	532
poopie	147
pooping	517
poops	337
poopsie	117
poopy	294
poor	107444
poorer	1082
poorest	777
poorhouse	178
poorly	2790
poorna	119
pootie	264
pop	38419
popcorn	4590
pope	11257
popes	331
popeye	877
poplar	383
popo	269
popov	504
poppa	573
popped	5391
popper	371
poppers	387
poppet	313
poppies	326
poppin	483
popping	4226
poppins	604
poppy	3445
poppycock	343
pops	8753
popsicle	820
popsicles	324
populace	406
popular	18896
popularity	2008
populate	195
populated	949
population	10449
populations	902
populist	140
populous	138
por	2746
porcelain	1302
porch	4148
porco	116
porcupine	575
pore	319
pores	652
porgy	310
poring	139
pork	9308
porkchop	205
porker	127
porky	1026
porn	9665
porno	2283
pornographer	181
pornographic	706
pornography	1849
pornos	220
porous	224
porphyria	117
porpoise	232
porque	240
porridge	1839
porsche	2744
porsches	172
port	12355
porta	382
portable	2008
portal	4029
portals	558
porte	280
porter	6462
porterhouse	506
porters	580
portfolio	1538
portfolios	140
porthole	236
porthos	477
portia	785
portico	135
portion	3399
portions	1019
portland	2873
portly	152
portman	276
porto	435
portobello	161
portrait	5595
portraits	1313
portray	647
portrayal	344
portrayed	847
portraying	263
portrays	165
ports	1271
portside	128
portsmouth	438
portugal	2041
portuguese	3198
portwenn	180
pos	6970
pose	5384
posed	1621
poseidon	929
poser	381
posers	153
poses	1343
posey	219
posh	2256
posies	162
posing	2339
position	54449
positioned	944
positioning	532
positions	7050
positive	22369
positively	3080
positives	270
positivity	250
positronic	121
posner	222
posse	1864
posses	222
possess	4961
possessed	5796
possesses	1275
possessing	679
possession	9686
possessions	2442
possessive	837
possessor	146
possibilities	5122
possibility	14141
possible	106080
possibles	118
possibly	34442
possum	1207
possums	224
post	26113
postage	503
postal	1613
postcard	2779
postcards	1318
posted	7719
poster	4959
posterior	515
posterity	711
posters	3357
postgraduate	114
posthumous	255
posthumously	192
posting	1774
postings	137
postman	1987
postmark	292
postmarked	210
postmaster	331
postmen	136
postmodern	138
postmortem	1476
postpartum	260
postpone	2755
postponed	1660
postponement	273
postponing	438
posts	2629
postscript	118
posture	1566
postures	117
posturing	334
postwar	257
posy	140
pot	17692
potassium	1318
potato	8297
potatoes	9398
potemkin	149
potency	356
potent	1394
potential	15193
potentially	3613
potentials	168
pothead	251
pothole	345
potholes	410
potion	3314
potions	716
potluck	336
potomac	368
potpourri	240
pots	2682
potsdam	265
potted	352
potter	4986
potters	170
pottery	1499
potting	128
potts	705
potty	1324
potus	419
pouch	1432
pouches	192
poughkeepsie	329
poul	313
poulet	116
poulsen	114
poultice	241
poultry	729
pounce	750
pounced	233
pound	9235
pounded	679
pounder	186
pounding	6085
pounds	22483
pour	11879
poured	3826
pouring	5275
pourquoi	133
pours	1236
poussin	128
pout	607
pouting	518
pouty	247
poverty	5647
pow	2638
powder	10172
powdered	1077
powders	322
powdery	128
powell	3299
power	136611
powerball	120
powered	1727
powerful	33854
powerfully	301
powerhouse	512
powering	1221
powerless	2535
powerpoint	264
powers	22649
pows	325
powwow	305
pox	1128
poxy	311
pp	448
ppl	139
pr	3382
pra	187
prabha	270
prabhakar	203
prabhu	193
practical	7685
practicality	160
practically	13180
practice	33775
practiced	2609
practices	2092
practicing	6904
practise	2603
practised	689
practises	115
practising	1580
practitioner	451
practitioners	212
prada	657
pradeep	118
pradesh	281
pradhan	192
prado	385
prady	135
prae	197
praetor	116
prager	172
pragmatic	405
pragmatist	121
prague	3011
prairie	1642
prairies	219
praise	9619
praised	2113
praises	1152
praiseworthy	126
praising	978
prakash	784
praline	121
pram	586
pran	133
prance	313
prancer	270
prancing	538
prank	4618
pranked	188
pranking	246
pranks	1446
prankster	324
pranksters	129
prasad	905
prashant	336
prat	486
pratap	972
pratt	2293
prattle	205
prattling	216
pravda	116
praveen	237
prawn	635
prawns	656
pray	29862
prayed	4476
prayer	11982
prayers	8348
prayin	175
praying	8477
prays	692
pre	809
preach	2603
preached	597
preacher	3931
preachers	418
preaches	277
preaching	1955
preachy	133
preamble	146
prearranged	161
precarious	628
precaution	2172
precautionary	358
precautions	2092
precede	179
preceded	495
precedence	490
precedent	1426
precedents	256
precedes	561
preceding	338
precepts	152
precinct	4749
precincts	411
precious	18562
precipice	486
precipitate	167
precipitated	156
precipitation	204
precise	5932
precisely	11346
precision	2506
preclude	197
precocious	343
preconceived	181
preconceptions	171
precrime	130
precursor	284
predates	178
predation	120
predator	3149
predators	3175
predatory	582
predecessor	1108
predecessors	487
predestined	272
predetermined	310
predicament	1281
predicated	192
predict	4229
predictability	129
predictable	2360
predictably	150
predicted	3278
predicting	819
prediction	1374
predictions	1141
predictive	176
predicts	431
predilection	139
predisposed	210
predisposition	194
prednisone	185
predominantly	339
preemptive	338
preening	154
preet	186
preeti	654
preexisting	137
preface	284
prefect	1346
prefectural	181
prefecture	709
prefer	29606
preferable	557
preferably	1803
preference	1374
preferences	522
preferential	268
preferred	3796
preferring	151
prefers	2232
prefix	150
prefrontal	166
preggers	121
pregnancies	361
pregnancy	5868
pregnant	41290
prego	258
prehistoric	1579
prehistory	152
prejudice	2305
prejudiced	876
prejudices	561
prejudicial	313
prelim	289
preliminaries	278
preliminary	3208
prelude	463
prem	1839
premarital	213
premature	2082
prematurely	679
premed	218
premeditated	973
premeditation	272
premier	2046
premiere	2303
premiered	144
premieres	178
preminger	214
premise	824
premises	3837
premium	1499
premiums	319
premonition	935
premonitions	284
prenatal	425
prendergast	176
prentice	541
prentiss	1113
prenup	742
prenuptial	212
preoccupation	218
preoccupied	1586
preordained	128
prep	5086
prepaid	496
preparation	3246
preparations	2877
preparatory	213
prepare	29762
prepared	31857
preparedness	173
prepares	1080
preparing	8724
preposterous	1636
prepped	1098
prepping	1115
preppy	247
prerequisite	219
prerogative	742
pres	380
presbyterian	404
preschool	869
prescott	1440
prescribe	1310
prescribed	1967
prescribes	136
prescribing	304
prescription	5224
prescriptions	973
presence	18788
present	63307
presentable	717
presentation	5957
presentations	328
presented	5835
presenter	673
presenters	143
presenting	2484
presently	1761
presents	12544
preservation	957
preservative	155
preservatives	193
preserve	4742
preserved	2708
preserver	202
preserves	509
preserving	884
preset	143
preside	324
presided	332
presidency	1682
president	81980
presidente	410
presidential	3461
presidents	1697
presiding	809
presley	957
press	44624
pressed	4427
presses	1147
pressing	4898
pressman	184
pressure	40065
pressured	983
pressures	1329
pressuring	786
pressurized	369
prestes	150
prestige	1611
prestigious	1364
presto	705
preston	3583
presumably	2449
presume	4760
presumed	1192
presuming	286
presumption	490
presumptuous	902
pretence	404
pretences	148
pretend	30225
pretended	4528
pretender	513
pretenders	224
pretending	12910
pretends	1604
pretense	618
pretenses	415
pretensions	152
pretentious	1493
pretext	1212
pretoria	154
pretrial	158
prettier	3830
pretties	150
prettiest	2786
prettily	119
pretty	259500
pretzel	964
pretzels	985
prevail	1789
prevailed	588
prevailing	445
prevails	457
prevalent	280
prevent	11504
preventable	126
preventative	187
prevented	2283
preventing	1427
prevention	853
preventive	219
prevents	1344
preview	2072
previews	219
previous	10960
previously	16487
prey	6930
preyed	315
preying	416
preys	296
prez	251
pri	128
priam	177
price	43671
priced	569
priceless	3087
prices	6196
pricey	713
pricing	278
prick	9801
pricked	403
pricking	200
prickly	616
pricks	1328
pride	20205
prided	138
prideful	177
prides	276
pried	247
priest	23453
priestess	990
priestesses	129
priesthood	642
priestley	143
priestly	267
priests	4984
prig	160
prim	344
prima	861
primal	1126
primaries	270
primarily	1636
primary	7225
primate	554
primates	539
prime	20480
primed	606
primer	398
primes	138
primetime	141
primeval	339
priming	138
primitive	4062
primitives	210
primo	904
primordial	487
primping	119
primrose	351
primula	144
primus	213
prince	40914
princely	353
princes	2295
princesa	126
princess	36046
princesses	1320
princeton	1707
principal	12667
principally	178
principals	445
principle	6868
principled	264
principles	5417
pringle	528
pringles	230
print	13293
printed	4306
printer	2172
printers	520
printing	2975
printout	344
printouts	137
prints	12737
prion	116
prior	6689
priorities	2228
prioritize	385
priority	8157
priors	1248
priory	483
pris	131
priscilla	1100
prise	116
prism	596
prison	60581
prisoner	17740
prisoners	14410
prisons	2065
priss	182
prissy	393
pristine	901
pritam	198
pritchard	1136
pritchett	276
prithee	326
prithvi	287
prithviji	120
prius	539
privacy	9058
private	54978
privately	2828
privates	633
privatization	200
privatized	125
privilege	6526
privileged	2383
privileges	2415
privy	1163
prix	1068
priya	3112
priyanka	232
prize	16489
prized	964
prizes	2010
pro	9706
proactive	455
prob	506
probabilities	319
probability	2108
probable	2366
probably	202736
probate	374
probation	4254
probationary	223
probative	174
probe	3816
probed	279
probert	178
probes	735
probie	704
probing	592
problem	232325
problema	177
problematic	877
problemo	599
problems	60633
proboscis	119
probs	127
probst	833
procedural	340
procedure	10698
procedures	3094
proceed	12314
proceeded	851
proceeding	1697
proceedings	2182
proceeds	1244
process	27930
processed	2647
processes	1443
processing	3204
procession	2072
processions	155
processor	733
processors	205
proclaim	1073
proclaimed	798
proclaiming	244
proclaims	251
proclamation	778
proclivities	142
proconsul	122
procrastinating	146
procreate	322
procreation	326
proctologist	165
proctor	1384
procurator	214
procure	600
procured	368
procurement	262
procurer	114
procuring	218
prod	545
prodded	199
prodding	209
prodigal	855
prodigies	119
prodigious	354
prodigy	999
produce	11471
produced	7916
producer	10843
producers	3705
produces	2265
producing	3426
product	12560
production	14892
productions	1345
productive	2063
productivity	696
products	6553
prof	808
profane	434
profanity	363
profess	441
professed	198
profession	7420
professional	24205
professionalism	611
professionally	1984
professionals	3153
professions	456
professor	52026
professors	1598
professorship	148
proffer	168
proficiency	207
proficient	366
profile	10808
profiled	287
profiler	460
profiles	963
profiling	749
profit	9672
profitability	129
profitable	2065
profited	260
profiteer	129
profiteering	135
profiteers	148
profiting	249
profits	4809
profound	3732
profoundly	1051
profusely	334
progenitor	140
progeny	372
prognosis	884
program	29668
programme	6001
programmed	3377
programmer	601
programmers	270
programmes	881
programming	2224
programs	3894
progress	17605
progressed	826
progresses	337
progressing	1071
progression	700
progressive	1797
progressively	309
prohibit	418
prohibited	2138
prohibiting	176
prohibition	1176
prohibits	363
project	32040
projected	1055
projectile	740
projectiles	228
projecting	807
projection	1442
projectionist	239
projections	827
projector	1753
projectors	160
projects	5166
prolene	122
proletarian	382
proletarians	155
proletariat	529
proliferation	178
prolific	390
prologue	459
prolong	802
prolonged	1020
prolonging	212
prom	8687
promenade	747
prometheus	851
promicin	201
prominence	258
prominent	2195
prominently	173
promiscuity	260
promiscuous	508
promise	115908
promised	47559
promises	9347
promising	5091
promissory	305
promo	412
promos	169
promote	3204
promoted	4655
promoter	752
promoters	273
promotes	374
promoting	1531
promotion	8402
promotional	579
promotions	708
prompt	891
prompted	717
prompter	174
prompting	239
promptly	1187
prompts	148
proms	134
prone	1384
prong	152
prongs	129
pronoun	169
pronounce	3836
pronounced	2373
pronounces	123
pronouncing	249
pronouns	168
pronto	1518
pronunciation	540
proof	29430
proofread	200
proofreading	138
proofs	765
prop	2523
propaganda	3009
propagate	220
propagation	187
propane	830
propel	371
propellant	229
propelled	344
propeller	928
propellers	298
propels	126
propensity	238
proper	22889
properly	19152
properties	3887
property	27815
prophecies	733
prophecy	3186
prophesied	258
prophesy	258
prophet	4451
prophetic	360
prophets	1375
prophylactic	133
propitious	141
propofol	203
proponent	137
proportion	1825
proportional	303
proportions	1402
proposal	8992
proposals	1379
propose	9771
proposed	5711
proposes	611
proposing	2518
proposition	4160
propositioned	151
propositions	171
propped	300
propping	143
proprietary	384
proprietor	801
proprietress	132
propriety	315
props	2138
propulsion	1063
pros	2263
prosaic	161
prosciutto	338
prose	595
prosecco	143
prosecute	2188
prosecuted	1295
prosecuting	1022
prosecution	6287
prosecutions	235
prosecutor	8868
prosecutorial	138
prosecutors	1183
prosit	147
prospect	2493
prospecting	276
prospective	908
prospector	240
prospectors	181
prospects	1547
prospectus	265
prosper	1451
prospered	255
prospering	122
prosperity	2386
prospero	351
prosperous	1348
prosser	134
prost	256
prostate	1260
prosthesis	191
prosthetic	762
prosthetics	368
prostitute	6312
prostitutes	2971
prostitution	2902
prostrate	271
protagonist	572
protagonists	157
protect	66508
protected	10400
protecting	13916
protection	19995
protections	197
protective	4757
protector	2768
protectorate	183
protectors	646
protects	2852
protege	390
protein	3669
proteins	885
protest	7517
protestant	1576
protestantism	121
protestants	584
protested	554
protester	184
protesters	1021
protesting	1596
protestors	564
protests	1550
proteus	271
proto	118
protocol	6562
protocols	1871
proton	598
protons	609
prototype	2461
prototypes	383
protracted	196
protruding	273
proud	59309
prouder	417
proudest	533
proudly	1733
proust	426
prove	55079
proved	9104
proven	6008
provenance	303
provence	408
provenza	770
proverb	982
proverbial	658
proverbs	366
proves	6677
provide	16609
provided	8929
providence	1875
provider	1078
providers	252
provides	3206
providing	3558
province	3593
provinces	1184
provincial	1435
proving	3752
provision	722
provisional	719
provisions	1804
provo	238
provocateur	169
provocation	1112
provocations	153
provocative	1094
provoke	2756
provoked	1768
provokes	324
provoking	861
provolone	250
provost	423
prow	129
prowess	715
prowl	738
prowler	521
prowlers	114
prowling	529
proxies	157
proxima	142
proximal	210
proximity	1386
proxy	1234
prozac	486
pru	214
prude	726
prudence	1071
prudent	1277
prudhoe	176
prudie	215
prudish	205
prue	1629
pruitt	405
prune	864
prunes	450
pruning	359
prussia	645
prussian	646
prussians	294
pry	2283
pryce	520
prying	900
pryor	621
ps	846
psa	149
psalm	402
psalms	334
pseudo	192
pseudonym	446
psh	235
pshh	130
psi	838
psoriasis	188
pss	129
pssh	270
pssst	123
psst	3331
pst	170
psych	3718
psyche	1280
psyched	1480
psychedelic	575
psychiatric	3482
psychiatrist	6102
psychiatrists	884
psychiatry	935
psychic	7022
psychically	178
psychics	689
psycho	7269
psychoanalysis	487
psychoanalyst	309
psychoanalyze	115
psychobabble	167
psychological	5187
psychologically	1090
psychologist	3368
psychologists	650
psychology	4181
psychopath	2793
psychopathic	475
psychopaths	682
psychos	573
psychosis	924
psychosomatic	351
psychotherapist	199
psychotherapy	317
psychotic	2699
psychotropic	192
psyphon	118
pt	537
pta	804
pterodactyl	408
pterosaurs	116
ptolemy	361
ptsd	820
pu	927
pub	9026
pube	150
puberty	1468
pubes	603
pubic	962
public	59687
publically	123
publican	126
publication	1345
publications	504
publicist	887
publicity	5976
publicize	220
publicized	189
publicly	3150
publish	4232
published	6843
publisher	2943
publishers	922
publishes	239
publishing	2862
pubs	962
pucci	171
puccini	239
puce	128
puck	1764
pucker	410
puckett	219
pucks	211
pud	202
puddin	183
pudding	5241
puddings	303
puddle	1704
puddles	431
puddy	124
pudge	116
pudgy	296
pueblo	288
puede	135
puedo	157
puerile	131
puerta	167
puerto	2656
puff	3179
puffed	539
puffer	324
puffin	263
puffing	427
puffs	1193
puffy	1000
pug	840
pugh	200
pugsley	195
puh	125
puja	277
pujol	177
puke	3869
puked	961
pukes	196
puking	961
pula	126
pulaski	334
pulitzer	914
pull	89880
pulled	34816
puller	208
pulley	376
pulleys	166
pullin	351
pulling	19630
pullman	505
pullo	141
pullover	192
pulls	5299
pulmonary	987
pulp	1769
pulpit	517
pulsar	312
pulsars	117
pulsating	478
pulse	11145
pulses	835
pulsing	682
pulver	115
pulverize	187
pulverized	236
pum	362
puma	616
pumice	202
pummel	195
pummeled	183
pump	8846
pumped	2715
pumpernickel	205
pumphrey	121
pumpin	123
pumping	3202
pumpkin	4698
pumpkins	643
pumps	2159
pun	1540
punch	18951
punched	4484
puncher	144
punches	2832
punching	3178
punchline	211
punchy	407
punctual	1201
punctuality	587
punctuation	246
puncture	1695
punctured	985
punctures	254
puncturing	117
pundit	202
pundits	124
pune	448
pungent	352
punic	121
punish	9876
punishable	752
punished	10395
punisher	268
punishes	435
punishing	2617
punishment	14476
punishments	558
punitive	450
punjab	1170
punjabi	856
punjabis	163
punk	11400
punked	210
punks	2690
punky	190
puns	405
punt	436
punta	261
punter	318
punters	437
puny	1033
pup	1733
pupa	128
pupil	2750
pupils	3081
pupkin	165
puppet	5083
puppeteer	371
puppets	1993
puppies	3055
puppy	7764
pups	1198
pura	116
purcell	701
purchase	4819
purchased	3020
purchases	835
purchasing	875
purdue	157
purdy	374
pure	20685
purebred	208
puree	668
purely	3734
purer	246
purest	817
purgatory	1342
purge	1553
purged	517
purges	124
purging	316
puri	356
purification	532
purified	569
purifier	144
purifies	142
purify	777
purifying	239
purim	169
purist	182
purists	118
puritan	367
puritanical	175
puritans	210
purity	2333
puro	127
purple	7681
purpose	28471
purposeful	203
purposefully	246
purposely	1119
purposes	3955
purr	399
purring	701
purrs	341
purse	12740
purser	294
purses	741
pursuant	272
pursue	5507
pursued	2032
pursuers	204
pursues	286
pursuing	2929
pursuit	5120
pursuits	403
purty	175
purveyor	145
purview	288
purvis	261
pus	628
pusan	182
push	49690
pushed	17408
pusher	780
pushers	340
pushes	2273
pushin	287
pushing	15648
pushkin	396
pushover	633
pushpa	272
pushups	279
pushy	1398
puss	2432
pussies	1328
pussy	13922
pussycat	1538
pussycats	205
put	552246
puta	525
putin	938
putnam	484
putney	233
puto	205
putrid	443
puts	16846
putt	581
putter	413
puttering	116
putties	241
puttin	1003
putting	48797
putty	769
putz	596
puyo	800
puzzle	6510
puzzled	926
puzzler	130
puzzles	1805
puzzling	690
pvc	213
px	173
pyare	182
pygmalion	115
pygmies	239
pygmy	382
pyjama	170
pyjamas	1147
pyle	215
pylon	229
pylons	208
pym	504
pyo	676
pyongyang	401
pyotr	362
pyramid	3430
pyramids	2051
pyramus	197
pyre	572
pyrenees	265
pyro	197
pyroclastic	115
pyromaniac	188
pyrotechnics	177
pyrrhus	124
pythagoras	417
python	1469
pythons	235
qa	267
qaeda	766
qasim	268
qatar	168
qb	208
qc	815
qi	2081
qian	335
qiang	233
qiao	362
qin	1664
qing	1731
qiu	735
qt	176
qu	1532
qua	200
quaaludes	142
quack	2451
quacking	484
quacks	476
quad	1009
quadrant	1878
quadrants	156
quadratic	152
quadriplegic	123
quadruple	429
quads	172
quagmire	1132
quahog	422
quai	178
quaid	189
quail	932
quaint	1230
quake	1078
quaker	357
quakers	149
quakes	278
quaking	206
qualification	570
qualifications	1346
qualified	5654
qualifier	146
qualifiers	120
qualifies	861
qualify	2189
qualifying	457
qualities	4037
quality	14596
qualms	434
quan	539
quand	134
quandary	261
quando	146
quang	123
quantico	898
quantify	190
quantities	1237
quantity	1824
quantrill	139
quantum	3612
quanzhen	207
quarantine	2533
quarantined	608
quark	1001
quarks	272
quarles	132
quarrel	4066
quarreled	566
quarreling	454
quarrelled	265
quarrelling	425
quarrels	707
quarrelsome	129
quarries	195
quarry	2434
quart	581
quarter	14642
quarterback	2538
quarterbacks	144
quartered	363
quarterly	548
quartermaster	426
quarters	9178
quartet	845
quarts	287
quartz	683
quasar	161
quash	179
quashed	122
quasimodo	334
quatermain	188
quatermass	212
quatre	149
quatro	122
quay	378
quayle	350
quayside	123
que	5785
queasy	667
quebec	1019
queef	122
queeg	138
queen	53006
queenie	1141
queens	5201
queensland	306
queequeg	129
queer	3906
queers	665
quel	180
quell	355
quelle	184
quench	702
quenched	225
quentin	2867
querida	169
queries	198
query	474
quesadilla	179
queso	158
quest	5551
questa	262
question	140970
questionable	1507
questioned	5312
questioning	8373
questionnaire	623
questionnaires	178
questions	82887
quests	146
queue	2543
queues	248
queuing	374
qui	938
quibble	353
quibbling	131
quiche	607
quick	81548
quicken	198
quickening	123
quickens	171
quicker	5316
quickest	1066
quickfire	197
quickie	851
quickly	62072
quickness	115
quicksand	695
quicksilver	162
quid	5389
quien	118
quiere	120
quieres	185
quiero	389
quiet	90552
quieted	155
quieten	169
quieter	1570
quietest	173
quietly	15115
quietness	135
quiets	241
quigley	569
quill	1175
quillan	123
quills	202
quilt	910
quilting	147
quilts	160
quimby	388
quin	140
quincannon	143
quince	477
quincey	172
quincy	1155
quinine	357
quinlan	374
quinn	8864
quinoa	252
quint	546
quintana	219
quintero	146
quintessence	125
quintessential	238
quintet	126
quinton	188
quintus	269
quip	141
quips	163
quique	130
quirk	326
quirke	220
quirks	404
quirky	812
quirt	166
quit	50649
quite	166980
quito	170
quits	1684
quitted	159
quitter	915
quitters	272
quitting	5083
quiver	488
quivering	563
quivers	119
quixote	759
quiz	3058
quizzes	224
qun	124
quo	1401
quoi	377
quorum	293
quot	738
quota	1354
quotas	393
quotation	526
quotations	254
quote	7348
quoted	942
quotes	1232
quoth	123
quotient	141
quoting	1317
qur	411
quran	350
qureshi	212
ra	4247
raah	164
rab	196
rabb	1231
rabbi	3791
rabbis	306
rabbit	13027
rabbits	3857
rabble	960
raben	180
rabid	1128
rabies	1382
rabin	254
rabinowitz	142
rac	147
raccoon	1574
raccoons	591
race	44089
racecar	249
racecourse	145
raced	1072
racehorse	540
racehorses	175
raceman	540
racer	1266
racers	693
races	5132
racetrack	890
rach	1248
rachael	930
rache	192
rachel	23258
rachid	419
rachmaninoff	167
racial	2037
racially	320
racine	380
racing	9262
racism	1537
racist	5624
racists	399
rack	4642
racked	553
racket	4355
racketeer	138
racketeering	435
rackets	515
rackham	250
racking	519
racks	565
racoon	172
racquet	241
racquetball	362
racy	355
rad	1292
rada	207
radar	8868
radars	126
radcliff	122
radcliffe	617
radek	188
rader	145
radford	383
radha	1835
radhe	216
radhika	343
radial	396
radiance	421
radiant	1527
radiate	320
radiated	186
radiates	197
radiating	326
radiation	8107
radiator	1406
radiators	182
radical	4758
radicalized	117
radically	777
radicals	678
radio	62502
radioactive	2597
radioactivity	637
radioed	463
radiogram	122
radiohead	190
radiological	123
radiologist	225
radiology	827
radios	1512
radish	700
radishes	391
radium	429
radius	3309
radley	495
radon	236
radovan	199
radu	311
rae	1999
raelia	145
raf	1426
rafa	818
rafael	2703
rafe	1201
raff	314
raffaele	395
rafferty	443
raffi	323
raffle	968
raffles	127
raffy	154
rafi	719
rafiki	116
rafiq	226
raft	2682
rafters	436
rafting	269
rafts	353
rag	3354
raga	181
ragamuffin	115
rage	8981
raged	484
rager	311
rages	600
ragged	1120
raggedly	135
raggedy	402
ragging	312
raghav	279
raghavan	300
raghu	970
raging	2767
ragini	138
raglan	194
ragnar	1390
ragnarok	181
rags	2424
ragtag	187
ragtime	362
ragu	120
rah	1047
raheem	141
rahim	318
rahl	761
rahm	163
rahman	233
rahui	226
rahul	3072
rai	1096
raid	7253
raided	1761
raider	525
raiders	1224
raiding	818
raids	1475
raif	118
raiko	119
raikou	233
rail	3746
railing	945
railings	265
railly	170
railroad	5039
railroaded	216
railroading	155
railroads	604
rails	1750
railway	4969
railways	1026
raimundo	122
raimy	149
rain	37417
raina	916
rainbird	116
rainbow	6336
rainbows	947
raincoat	1145
raincoats	185
raindrop	174
raindrops	571
raine	288
rained	1941
rainer	965
raines	1174
rainey	395
rainfall	595
rainforest	1160
rainforests	261
rainier	237
raining	8107
rainmaker	225
rains	4662
rainstorm	350
rainwater	328
rainy	2685
raisa	165
raise	38449
raised	21712
raiser	149
raises	2407
raisin	817
raising	8423
raisins	1075
raison	145
raj	5797
raja	3480
rajah	232
rajan	443
rajasthan	337
rajat	213
rajeev	406
rajendra	117
rajesh	889
raji	165
rajini	134
rajiv	674
rajjo	179
rajni	151
rajput	226
raju	1906
rajveer	326
rak	135
rake	1467
raked	239
rakes	266
rakesh	497
rakhi	272
raki	274
raking	546
rakka	124
raksha	278
raleigh	720
ralf	312
rallied	393
rallies	621
rallo	608
rally	5239
rallying	473
ralph	10474
ralphie	876
ralston	292
ram	8274
rama	2650
ramaa	161
ramada	159
ramadan	416
ramakrishna	137
ramallah	119
raman	249
ramana	127
ramayana	129
rambabu	230
rambaldi	405
ramble	403
rambler	218
rambling	979
ramblings	261
rambo	1292
rambunctious	139
ramen	1391
ramesh	923
ramesses	308
rami	513
ramifications	564
ramirez	1728
ramiro	742
ramji	209
ramlal	154
rammed	580
rammer	173
ramming	232
ramon	2833
ramona	1561
ramone	375
ramones	332
ramos	987
ramp	2328
rampage	944
rampaging	258
rampant	792
rampart	289
ramparts	249
ramping	131
ramps	324
ramrod	225
rams	492
ramsay	3336
ramse	234
ramses	507
ramsey	1881
ramu	831
ramya	341
ran	66177
rana	834
ranbir	180
rance	308
ranch	8263
rancher	530
rancheros	119
ranchers	528
ranches	270
ranching	177
rancho	465
rancid	538
rancor	188
rand	1896
randal	377
randall	4995
randhir	187
randi	416
rando	117
randolph	2088
random	10039
randomly	1576
randomness	157
randy	11863
rane	195
rang	6287
ranga	281
range	17758
ranged	167
ranger	6492
rangers	8484
ranges	599
ranging	435
rango	116
rangoon	247
rani	1253
ranjan	144
ranjeet	212
ranjit	545
rank	6755
ranked	894
rankin	732
ranking	1167
rankings	229
ranks	3718
ransack	215
ransacked	567
ransacking	162
ransom	6138
ransome	208
rant	639
ranting	714
rants	230
ranveer	250
ranvir	262
rao	1422
raoh	147
raoul	1636
rap	7446
rape	16303
raped	12088
rapes	1057
raph	638
raphael	2656
rapid	4140
rapidly	4581
rapido	174
rapids	701
rapier	143
raping	1752
rapist	2983
rapists	892
rapped	142
rappel	131
rapper	1165
rappers	489
rapping	1375
rapport	648
raps	442
rapt	117
raptor	630
raptors	266
rapture	754
rapunzel	512
raquel	1834
rare	17927
rarely	6006
rarer	238
rarest	639
raring	318
rarity	918
raro	195
ras	288
rasa	168
rasca	116
rascal	6477
rascals	1562
rasgotra	193
rash	5284
rashad	264
rasheed	207
rashes	300
rashid	1051
rashly	327
rashmi	336
raskolnikov	133
rasmus	529
rasmussen	216
rasp	169
raspberries	489
raspberry	2037
rasping	198
rasputin	609
raspy	435
rasta	388
rastafari	119
rat	21042
ratan	268
ratatouille	243
ratched	123
ratchet	731
ratcliffe	131
rate	19700
rated	962
rates	3439
rath	328
rathbone	126
rather	94057
rathod	179
rathore	233
ratified	241
ratify	158
rating	1712
ratings	2496
ratio	1795
ration	1544
rational	3684
rationale	236
rationality	288
rationalization	130
rationalize	301
rationally	563
rationed	213
rationing	445
rations	1710
ratios	248
raton	212
rats	11046
rattan	126
ratted	1012
ratting	409
rattle	2590
rattled	1066
rattler	210
rattles	1838
rattlesnake	787
rattlesnakes	275
rattling	5507
ratty	572
rau	138
raucous	389
raul	1884
raunchy	237
raus	366
ravage	285
ravaged	656
ravages	231
ravaging	156
ravan	297
ravana	294
rave	1580
raved	125
ravel	215
raven	3913
ravenna	163
ravenous	443
ravens	845
raves	342
ravi	3001
ravine	1021
ravines	130
raving	1712
ravings	202
ravioli	819
ravis	147
ravish	164
ravished	144
ravishing	868
ravn	203
ravu	204
raw	9552
rawdon	169
rawhide	221
rawley	187
rawlings	427
rawlins	388
rawls	259
rawr	232
rawson	116
ray	38995
raya	260
rayanne	277
rayburn	668
rayce	123
rayden	156
raydor	243
raye	117
raylan	2337
rayleen	150
raymond	9076
rayna	1454
rayne	170
rayner	121
raynor	144
rayon	132
rays	3233
rayyan	604
raza	365
raze	243
razed	275
razer	178
razia	180
razor	4664
razors	427
razzle	170
rb	779
rc	373
rca	139
rcmp	159
rd	886
rdx	263
re	4059719
rea	369
reach	48221
reachable	241
reached	23358
reacher	168
reaches	5126
reaching	6680
reacquainted	176
react	7521
reacted	1929
reacting	1449
reaction	13825
reactionaries	139
reactionary	607
reactions	2095
reactivate	301
reactivated	233
reactive	459
reactor	2882
reactors	516
reacts	1066
read	154667
readable	130
reade	441
reader	2981
readers	2510
readership	146
readied	143
readies	132
readily	833
readin	263
readiness	685
reading	39869
readings	3066
readjust	168
readout	281
readouts	126
reads	5680
ready	267268
readying	139
reaffirm	156
reagan	4751
reais	132
real	294536
realign	156
realisation	259
realise	12977
realised	7449
realises	577
realising	613
realism	739
realist	488
realistic	3978
realistically	516
realities	1078
reality	25398
realization	937
realize	54306
realized	29081
realizes	2329
realizing	2505
really	1174710
realm	4610
realms	685
realness	158
reals	336
realtor	1089
realtors	160
realty	401
realy	316
ream	203
reamed	139
reams	166
reanimate	123
reanimated	131
reanimation	119
reap	1411
reaped	181
reaper	1765
reapers	258
reaping	283
reappear	521
reappearance	119
reappeared	387
reappears	181
reapply	159
rear	7491
rearden	164
reardon	658
reared	468
rearing	297
rearrange	898
rearranged	468
rearranging	329
rears	185
rearview	443
reason	144399
reasonable	11835
reasonably	1549
reasoned	440
reasoning	1675
reasons	24431
reassemble	279
reassembled	186
reassess	244
reassign	198
reassigned	780
reassignment	252
reassurance	496
reassure	1476
reassured	733
reassures	149
reassuring	1587
reattach	215
reb	594
reba	796
rebar	240
rebate	164
rebbe	130
rebeca	226
rebecca	12950
rebecka	178
rebekah	839
rebel	6130
rebelled	549
rebelling	492
rebellion	3810
rebellions	164
rebellious	1184
rebels	4966
rebirth	1281
reboot	789
rebooting	150
reborn	2417
rebound	1446
rebounds	157
rebs	209
rebuild	3427
rebuilding	1234
rebuilt	1360
rebuke	255
rebuked	140
rebus	296
rebuttal	421
rec	1194
recalculating	124
recalibrate	219
recall	14021
recalled	1259
recalling	415
recalls	409
recant	344
recanted	244
recap	765
recapture	552
recaptured	270
recast	188
recce	130
recede	283
receded	148
receding	578
receipt	5727
receipts	2488
receive	18100
received	27728
receiver	2426
receivers	344
receives	1860
receiving	6362
recent	12948
recently	27204
recep	349
receptacle	220
reception	9216
receptionist	1975
receptions	223
receptive	601
receptor	236
receptors	437
recess	2541
recessed	160
recesses	226
recession	1239
recharge	925
recharged	224
recharging	203
recheck	308
rechecked	165
recieve	125
recieved	148
recipe	6408
recipes	1619
recipient	1003
recipients	330
reciprocal	224
reciprocate	359
reciprocated	181
reciprocity	119
recital	1611
recitals	158
recitation	178
recite	2348
recited	467
recites	245
reciting	848
reckless	4668
recklessly	565
recklessness	334
reckon	12411
reckoned	1064
reckoning	1062
reckons	1122
reclaim	1403
reclaimed	375
reclaiming	215
reclamation	209
recline	128
recliner	121
reclining	184
recluse	528
reclusive	268
recognisable	206
recognise	8107
recognised	2684
recognises	349
recognising	216
recognition	4042
recognizable	498
recognizance	204
recognize	30366
recognized	8510
recognizes	1608
recognizing	782
recoil	378
recollect	529
recollection	1014
recollections	232
recommend	9188
recommendation	3559
recommendations	1003
recommended	4397
recommending	892
recommends	512
recompense	255
recon	1850
reconcile	1184
reconciled	633
reconciliation	1041
reconciling	152
reconfigure	254
reconfigured	139
reconnaissance	1217
reconnect	898
reconnected	277
reconnecting	187
reconnoiter	126
reconsider	3555
reconsidered	439
reconsidering	220
reconstruct	1003
reconstructed	447
reconstructing	193
reconstruction	1705
reconstructive	202
reconvene	470
record	60360
recorded	9676
recorder	3374
recorders	348
recording	12286
recordings	1519
records	31339
recount	625
recounted	137
recounting	124
recounts	114
recoup	274
recourse	485
recover	8972
recovered	8386
recovering	2781
recovers	752
recovery	7052
recreate	1540
recreated	378
recreating	362
recreation	1179
recreational	738
recriminations	133
recruit	3282
recruited	2464
recruiter	430
recruiters	163
recruiting	1735
recruitment	806
recruits	2072
rectal	459
rectangle	306
rectangular	290
rectified	195
rectify	610
rector	567
rectory	435
rectum	551
recuperate	390
recuperating	291
recuperation	125
recurrence	187
recurrent	150
recurring	813
recuse	256
recycle	888
recycled	790
recycling	1543
red	106589
redacted	313
redcoat	132
redcoats	260
redcorn	115
redder	208
reddick	188
redding	660
reddington	1179
reddish	320
reddit	134
reddy	1243
redecorate	441
redecorated	284
redecorating	485
redeem	1732
redeemed	734
redeemer	392
redeeming	356
redefine	266
redefined	159
redemption	2814
redesign	283
redesigned	173
redevelopment	300
redeye	126
redfern	312
redfield	152
redford	417
redhead	1947
redheaded	389
redheads	405
redial	169
redid	195
redirect	681
redirected	249
rediscover	309
rediscovered	274
redistribution	117
redline	159
redman	201
redmond	461
redneck	1083
rednecks	398
redness	201
redo	1283
redoing	268
redone	314
redress	280
reds	1663
redskin	158
redskins	368
redstone	146
reduce	4943
reduced	4901
reduces	635
reducing	1138
reduction	1397
reductions	126
redundancies	125
redundancy	340
redundant	949
redwood	450
redwoods	125
ree	231
reece	966
reed	6529
reeds	505
reedus	115
reef	2778
reefer	413
reefs	697
reek	806
reeked	181
reeking	268
reeks	941
reel	2417
reelected	176
reelection	355
reeled	156
reeling	763
reels	525
reem	138
reema	147
reena	497
reenact	191
reenactment	389
reenter	131
reentry	279
rees	241
reese	5007
reestablish	285
reet	116
reevaluate	264
reeve	357
reeves	1556
reexamine	138
ref	1305
refectory	119
refer	4580
referee	2301
referees	189
reference	6216
referenced	205
references	2574
referencing	183
referendum	649
referral	485
referrals	190
referred	3287
referring	5224
refers	1429
refill	1805
refilled	188
refilling	118
refills	355
refine	363
refined	2094
refinement	434
refineries	213
refinery	798
refining	259
reflect	3994
reflected	1772
reflecting	1006
reflection	4283
reflections	596
reflective	522
reflector	251
reflectors	137
reflects	1554
reflex	1349
reflexes	1251
reflux	282
refocus	169
reform	3888
reformation	473
reformatory	334
reformed	999
reformer	164
reformers	165
reforming	256
reforms	792
refraction	140
refrain	1632
refresh	1483
refreshed	697
refresher	301
refreshing	2681
refreshingly	119
refreshment	784
refreshments	1042
refrigerated	289
refrigeration	370
refrigerator	3954
refrigerators	320
refs	117
refuel	528
refueling	374
refuelling	122
refuge	3702
refugee	2202
refugees	3194
refund	1769
refunded	123
refunds	345
refurbished	164
refusal	1269
refuse	19168
refused	14058
refuses	4820
refusing	3469
refute	419
reg	2522
regain	2802
regained	1422
regaining	378
regains	345
regal	826
regale	146
regalia	276
regan	1170
regard	5357
regarded	1811
regarding	8508
regardless	5210
regards	5724
regatta	220
regency	687
regenerate	596
regenerated	182
regenerating	182
regeneration	745
regenerative	170
regent	1927
regents	325
reggae	794
reggie	5298
reggio	135
regi	147
regime	3339
regimen	533
regiment	4338
regimental	426
regimented	115
regiments	441
regimes	256
regina	4187
reginald	1121
regine	154
region	8664
regional	2763
regionals	594
regions	1914
regis	739
register	8096
registered	8379
registering	589
registers	586
registrar	667
registration	4453
registrations	123
registry	1535
regress	164
regressed	142
regression	752
regret	24846
regretful	273
regretfully	256
regrets	5249
regrettable	805
regrettably	499
regretted	1495
regretting	925
regroup	1184
regrouping	158
regs	217
regular	21961
regularity	240
regularization	134
regularly	3674
regulars	1178
regulate	716
regulated	521
regulates	184
regulating	205
regulation	1712
regulations	4435
regulator	436
regulators	295
regulatory	283
regurgitate	135
rehaan	116
rehab	5172
rehabilitate	332
rehabilitated	435
rehabilitation	1378
rehan	192
rehash	171
rehearsal	7869
rehearsals	2105
rehearse	3246
rehearsed	1202
rehearsing	2614
reheat	189
rehire	129
rehired	151
rehman	121
rei	627
reich	2426
reichman	125
reichsfuhrer	168
reichstag	249
reid	4492
reiden	210
reign	4062
reigned	350
reigning	558
reigns	730
reiji	268
reiki	120
reiko	853
reilly	1145
reily	256
reimburse	526
reimbursed	235
reimbursement	170
reims	192
rein	880
reina	444
reincarnate	219
reincarnated	597
reincarnation	1150
reindeer	2738
reine	137
reiner	384
reinforce	861
reinforced	1094
reinforcement	619
reinforcements	3043
reinforces	153
reinforcing	234
reinhardt	480
reinhart	116
reinhold	324
reins	1262
reinstate	548
reinstated	841
reinstatement	226
reinstating	126
reintroduce	164
reinvent	559
reinvented	277
reinventing	196
reis	186
reiter	127
reiterate	394
reject	4253
rejected	6579
rejecting	1040
rejection	2292
rejections	126
rejects	1004
rejoice	1971
rejoiced	237
rejoices	215
rejoicing	482
rejoin	953
rejoined	166
rejoining	123
rejust	304
rejuvenate	194
rejuvenated	197
rejuvenation	230
rekha	366
reki	136
rekindle	311
rekindled	171
rel	229
relapse	930
relapsed	204
relatable	215
relate	3622
related	12408
relates	717
relating	1056
relation	4547
relations	7164
relationship	55128
relationships	9541
relative	7928
relatively	3329
relatives	9754
relativity	925
relaunch	221
relax	59715
relaxant	149
relaxation	1128
relaxed	5652
relaxes	609
relaxing	3087
relay	2564
relayed	353
relaying	193
relays	486
release	29892
released	18533
releases	1608
releasing	2842
relegated	220
relent	243
relentless	1884
relentlessly	627
relevance	1174
relevant	5068
reliability	393
reliable	5523
reliably	182
reliance	241
reliant	339
relic	1800
relics	1329
relied	941
relief	11188
relies	940
relieve	3467
relieved	7707
reliever	131
relieves	289
relieving	590
religion	13083
religions	1565
religious	12544
religiously	277
relinquish	604
relinquished	142
relish	1151
relished	128
relive	1231
relived	114
reliving	548
reload	1074
reloaded	129
reloading	235
relocate	821
relocated	770
relocating	274
relocation	580
reluctance	523
reluctant	1897
reluctantly	685
rely	7632
relying	1578
rem	681
remade	212
remain	31135
remainder	901
remained	6315
remaining	7606
remains	19299
remake	869
remaking	127
remand	669
remanded	590
remark	2022
remarkable	9499
remarkably	2002
remarked	367
remarks	2106
remarried	1302
remarry	624
rematch	1047
rember	287
rembrandt	1891
remeber	137
remedial	286
remedied	162
remedies	611
remedy	2492
remember	358291
remembered	16359
remembering	4474
remembers	5824
remembrance	900
remi	694
remind	26171
reminded	6386
reminder	3655
reminders	406
reminding	2561
reminds	12848
remington	969
reminisce	487
reminiscent	374
reminiscing	386
remiss	384
remission	719
remit	230
remix	381
remmy	331
remnant	528
remnants	1032
remo	544
remodel	471
remodeled	309
remodeling	499
remorse	2865
remorseful	249
remote	10235
remotely	2414
remotes	135
remotest	183
removable	121
removal	1836
remove	19723
removed	12931
remover	430
removes	694
removing	2800
remuneration	193
remus	683
remy	1355
ren	1688
rena	554
renaissance	2032
renal	628
renaldo	265
rename	243
renamed	351
renard	564
renata	959
renate	129
renato	638
renaud	324
renauld	121
renault	806
rend	145
render	1638
rendered	1577
rendering	702
renders	336
rendezvous	3689
rendition	492
rene	3469
renee	2904
renegade	1102
renegades	293
renege	160
reneged	144
renegotiate	379
renew	1563
renewable	330
renewal	852
renewed	1305
renewing	347
renfield	593
renko	420
renner	172
rennes	152
rennie	273
renny	347
reno	2248
renoir	681
renounce	1578
renounced	479
renouncing	153
renovate	429
renovated	559
renovating	506
renovation	969
renovations	569
renown	306
renowned	1769
rent	24451
rental	3460
rentals	430
rented	6190
renter	212
renters	152
renting	2010
renton	189
rents	1131
renu	435
renunciation	139
renzo	482
reopen	1491
reopened	763
reopening	548
reorganization	176
reorganize	250
reorganized	136
reorganizing	136
rep	2638
repaid	968
repaint	334
repainted	254
repainting	116
repair	8522
repaired	2758
repairing	1101
repairman	603
repairs	3124
reparation	154
reparations	321
repartee	192
repast	144
repatriated	141
repatriation	174
repay	5951
repaying	349
repayment	338
repays	137
repeal	267
repealed	192
repeat	23036
repeated	3257
repeatedly	3049
repeater	151
repeating	3856
repeats	1146
repel	725
repelled	290
repellent	500
repels	145
repent	2386
repentance	783
repentant	234
repented	305
repenting	195
repercussions	923
repertoire	570
repetition	692
repetitive	519
rephrase	899
replace	11983
replaceable	230
replaced	7242
replacement	5112
replacements	734
replaces	475
replacing	2208
replant	124
replay	881
replaying	181
replenish	450
replenished	143
replete	135
replica	1341
replicant	141
replicas	242
replicate	1059
replicated	301
replicating	243
replication	238
replicator	474
replicators	491
replied	2296
replies	768
reply	6125
replying	280
repo	424
repopulate	174
report	77824
reported	13643
reportedly	624
reporter	17553
reporters	6352
reporting	7562
reports	17743
repose	384
reposition	163
repository	268
repossess	192
repossessed	278
reprehensible	387
represent	10930
representation	1850
representations	249
representative	5276
representatives	2119
represented	3464
representing	3943
represents	5548
repress	345
repressed	1107
repressing	171
repression	852
repressive	243
reprieve	542
reprieved	168
reprimand	630
reprimanded	380
reprisal	259
reprisals	374
reprise	120
reproach	1058
reproached	119
reproaches	150
reprobate	140
reproduce	1325
reproduced	301
reproducing	255
reproduction	945
reproductions	142
reproductive	733
reprogram	448
reprogrammed	325
reprogramming	196
reps	614
reptile	1100
reptiles	1291
reptilian	428
reptilians	139
republic	7860
republican	3625
republicans	1762
republics	194
repudiate	142
repugnant	497
repulse	215
repulsed	332
repulsion	184
repulsive	1333
reputable	580
reputation	16145
reputations	494
repute	286
reputed	422
request	22533
requested	7233
requesting	3028
requests	3757
requiem	362
require	8819
required	9862
requirement	1176
requirements	1692
requires	8269
requiring	750
requisite	219
requisition	614
requisitioned	299
requisitions	139
reread	282
rereading	121
reroute	491
rerouted	351
rerouting	191
rerun	416
reruns	377
res	482
resale	183
reschedule	1708
rescheduled	419
rescheduling	143
rescind	303
rescinded	253
rescue	19892
rescued	4940
rescuer	189
rescuers	305
rescues	373
rescuing	1630
research	30907
researched	808
researcher	1336
researchers	1862
researches	254
researching	1654
resect	128
resection	207
reseda	143
resell	202
resemblance	2287
resemble	1767
resembled	453
resembles	1433
resembling	536
resent	2952
resented	794
resentful	545
resenting	204
resentment	1621
resentments	121
resents	319
reservation	5770
reservations	3052
reserve	5579
reserved	4000
reserves	1940
reserving	143
reservist	117
reservoir	1487
reservoirs	215
reset	2376
resets	144
resetting	177
resettlement	125
reshape	194
reshma	359
reshoot	150
reshuffle	146
reside	930
resided	174
residence	6855
residences	264
residency	1167
resident	4794
residential	1315
residents	4987
resides	901
residing	444
residual	862
residue	2368
resign	5051
resignation	3903
resignations	134
resigned	2890
resigning	1001
resigns	193
resilience	277
resilient	760
resin	582
resist	11034
resistance	9888
resistant	1067
resisted	1515
resisting	2050
resists	553
resnick	223
resolute	463
resolutely	136
resolution	2691
resolutions	346
resolve	4548
resolved	3440
resolves	134
resolving	325
resonance	674
resonant	176
resonate	314
resonated	152
resonates	242
resonating	172
resort	5926
resorted	346
resorting	289
resorts	534
resound	174
resounding	359
resounds	115
resource	1599
resourceful	1307
resourcefulness	182
resources	9388
respect	57647
respectability	378
respectable	4622
respected	6573
respectful	2001
respectfully	1721
respecting	997
respective	742
respectively	219
respects	5681
respiration	651
respirator	463
respiratory	1460
respite	462
resplendent	200
respond	10704
responded	2852
respondent	167
responder	135
responders	419
responding	4148
responds	1209
responsability	139
response	12684
responses	1167
responsibilities	4670
responsibility	28183
responsible	36781
responsibly	366
responsive	576
resps	137
ressler	586
rest	158976
restart	982
restarted	157
restarting	128
restaurant	35126
restaurants	4704
restaurateur	147
rested	1772
restful	387
resting	5469
restitution	471
restless	4173
restlessness	373
restock	236
restocking	116
reston	497
restoration	1418
restorative	161
restore	5083
restored	3713
restorer	136
restores	276
restoreth	143
restoring	979
restrain	1513
restrained	947
restraining	2319
restraint	1460
restraints	883
restrict	518
restricted	2750
restricting	218
restriction	456
restrictions	1322
restrictive	210
restroom	2579
restrooms	285
restructure	184
restructured	115
restructuring	353
rests	2324
result	19823
resulted	1596
resulting	1429
results	23478
resume	4779
resumed	573
resumes	1846
resuming	275
resupply	210
resurface	199
resurfaced	258
resurgence	138
resurrect	767
resurrected	885
resurrecting	134
resurrection	2293
resuscitate	433
resuscitated	164
resuscitation	393
resync	431
resynced	164
retail	1739
retailer	242
retailers	350
retain	1896
retained	943
retainer	1412
retainers	294
retaining	396
retains	305
retake	632
retaliate	858
retaliated	206
retaliation	1174
retaliatory	122
retard	2195
retarded	3242
retards	487
retches	623
retching	1064
retention	307
retest	141
rethink	1492
rethinking	234
reticent	164
retina	483
retinal	346
retinas	150
retinue	203
retire	6786
retired	8951
retirees	117
retirement	6309
retires	384
retiring	2110
retort	184
retrace	598
retracing	191
retract	856
retractable	127
retracted	231
retracting	130
retraction	418
retractor	268
retreat	7993
retreated	901
retreating	1109
retreats	413
retrial	339
retribution	1418
retrieval	557
retrieve	3577
retrieved	930
retriever	425
retrieving	400
retro	1162
retroactive	123
retrofit	115
retrograde	309
retrospect	655
retrospective	277
retrovirus	198
retry	121
retsudo	118
return	89451
returned	25860
returning	11434
returns	8924
reu	122
reuben	1405
reum	118
reunification	270
reunion	5466
reunions	425
reunite	921
reunited	1705
reuniting	207
reuse	177
reuters	147
reuven	167
rev	1033
reva	228
revamp	120
revathy	131
reve	174
reveal	11310
revealed	7713
revealing	2553
reveals	2616
reveille	328
revel	451
revelation	2505
revelations	955
revelry	180
revels	196
revenant	280
revenge	24565
revenged	172
revenue	2262
revenues	448
reverb	131
revere	794
revered	924
reverence	917
reverend	10539
reverent	132
reverie	165
reversal	712
reverse	8324
reversed	1905
reverses	204
reversible	244
reversing	603
revert	553
reverted	213
reverts	124
review	9732
reviewed	1532
reviewer	221
reviewing	1318
reviews	2159
reviled	129
revise	760
revised	857
revising	274
revision	559
revisions	287
revisit	769
revisited	174
revisiting	164
revitalize	141
revival	984
revive	2011
revived	1002
revives	133
reviving	282
revoir	1777
revoke	601
revoked	1026
revoking	124
revolt	2145
revolted	277
revolting	1378
revolts	181
revolution	15350
revolutionaries	938
revolutionary	5502
revolutionise	145
revolutionised	139
revolutionize	381
revolutionized	217
revolutions	810
revolve	526
revolved	251
revolver	2414
revolvers	222
revolves	669
revolving	691
revs	2589
revue	417
revulsion	206
revved	195
revving	3566
revy	128
reward	15944
rewarded	2716
rewarding	1239
rewards	1736
rewind	1487
rewinding	446
rewinds	173
rewing	148
rewire	233
rewired	155
rewiring	144
rework	166
rewrite	2017
rewrites	202
rewriting	470
rewritten	414
rewrote	308
rex	7841
rey	1086
reyes	1603
reykjavik	326
reynaldo	185
reynard	258
reynaud	114
reynold	185
reynolds	4589
rez	155
reza	781
rezian	131
rf	147
rfid	139
rg	149
rh	142
rhade	391
rhapsody	284
rhe	164
rhea	708
rhesus	147
rhetoric	745
rhetorical	922
rhett	596
rhetta	269
rheumatic	135
rheumatism	664
rhib	175
rhine	810
rhinestone	158
rhinestones	169
rhino	1784
rhinoceros	617
rhinos	424
rho	275
rhoades	275
rhoda	900
rhode	920
rhodes	2334
rhodesia	186
rhodey	148
rhonda	1952
rhone	132
rhubarb	641
rhydian	414
rhyme	2868
rhymed	178
rhymes	2056
rhyming	475
rhys	935
rhythm	7224
rhythmic	1638
rhythmically	724
rhythms	750
ri	2743
ria	676
rialto	151
rian	185
riario	154
riaz	164
rib	3294
ribbed	147
ribbentrop	179
ribbing	151
ribbit	334
ribbon	2887
ribbons	1423
ribcage	181
ribs	5731
ric	528
rica	1079
rican	1079
ricans	309
ricardo	2789
riccardo	405
ricci	475
riccio	132
ricco	187
rice	18503
rich	58651
richard	38625
richards	2821
richardson	1304
riche	183
richelieu	332
richer	2762
riches	2502
richest	2799
richie	6257
richland	137
richly	348
richman	116
richmond	2597
richness	478
richter	1083
richthofen	115
ricin	212
rick	20835
rickard	176
rickets	199
rickety	312
rickey	319
ricki	426
rickie	381
rickles	149
rickman	307
ricks	220
rickshaw	1063
rickshaws	116
ricky	17230
rico	5128
ricochet	419
ricocheted	149
ricocheting	211
ricochets	201
ricotta	284
rid	46242
riddance	1246
ridden	1363
riddick	256
ridding	216
riddle	2949
riddled	759
riddler	438
riddles	1264
ride	73070
rider	4352
riders	2222
rides	4414
ridge	4670
ridges	710
ridgeway	305
ridicule	1159
ridiculed	642
ridiculing	181
ridiculous	38121
ridiculously	945
ridin	710
riding	19398
ridley	1064
rie	499
rien	365
riend	159
riesen	132
riesling	168
rifat	115
rife	386
riff	977
riffing	128
riffraff	524
riffs	190
rifkin	141
rifle	9221
rifleman	133
rifles	3234
rifling	282
rift	1641
rifts	127
rig	5500
riga	277
rigby	1098
rigel	135
rigged	2761
rigging	757
riggins	529
riggs	1626
righ	190
right	2576821
righted	118
righteous	3702
righteousness	1335
rightful	2144
rightfully	1121
righting	143
rightly	1714
righto	881
rights	23824
righty	1914
rigid	1397
rigidity	166
rigmarole	130
rigoletto	180
rigor	958
rigorous	773
rigorously	151
rigors	143
rigs	678
rigsby	596
rihanna	558
riina	135
rik	156
rika	703
rikako	126
rikard	165
riker	1094
rikers	726
riki	344
rikke	160
rikki	463
riko	410
rikyu	118
rile	296
riled	809
riles	172
riley	9001
rim	1939
rimbaud	256
rimini	199
rimmer	947
rims	520
rimshot	145
rin	1428
rina	767
rinaldi	328
rinaldo	224
rincon	132
rind	254
rinds	279
ring	66018
ringed	196
ringer	1046
ringers	194
ringin	121
ringing	40518
ringle	161
ringleader	587
ringleaders	147
ringmaster	208
ringo	1512
rings	44331
ringside	423
ringtail	144
ringtone	1157
ringworm	120
rink	1338
rinko	206
rino	178
rinse	1484
rinsed	177
rinsing	136
rio	4945
riordan	251
rios	438
riot	5454
rioters	219
rioting	523
riotous	122
riots	2082
rip	13626
ripa	121
ripe	3072
ripen	229
ripened	191
ripley	1223
ripp	129
ripped	10671
ripper	2242
ripping	3314
ripple	828
ripples	664
rippling	284
rips	1301
riri	146
risa	435
rise	22596
risen	2376
riser	264
rises	4329
rishabh	161
rishi	699
risin	138
rising	8769
risk	44005
risked	3473
riskier	160
risking	4075
risks	7178
risky	6984
risotto	1594
rist	147
risto	153
rit	127
rita	10304
ritalin	355
ritchie	2241
rite	1595
rites	1754
rito	162
riton	118
ritsuko	237
rittenhouse	291
ritter	812
ritu	329
ritual	6931
ritualistic	288
rituals	2507
ritz	1169
ritzy	163
riva	256
rival	4823
rivalries	210
rivalry	1243
rivals	1983
rivas	228
river	45834
rivera	1328
riverbank	450
riverbed	322
riverboat	256
riverdale	368
rivers	5935
riverside	1181
riverton	135
rivet	202
riveted	184
riveting	474
rivets	249
riviera	994
rivka	162
rivoli	116
riya	417
riyadh	169
riyaz	158
riza	293
rizzo	871
rizzoli	638
rj	1202
rk	134
rko	136
rl	193
rm	3461
rmb	133
rn	241
rna	211
rne	225
ro	2199
roach	1301
roaches	749
road	85751
roadblock	1347
roadblocks	918
roadhouse	302
roadie	376
roadies	149
roadkill	373
roadrunner	134
roads	9270
roadshow	153
roadside	999
roadster	222
roadway	170
roam	2980
roamed	656
roaming	2269
roams	373
roan	414
roanoke	264
roar	3907
roared	330
roaring	7909
roark	381
roarke	260
roars	6149
roary	184
roast	6269
roasted	2014
roasting	746
roasts	172
rob	20228
roban	148
robb	559
robbed	11188
robber	3451
robberies	2023
robbers	3576
robbery	15978
robbie	5841
robbin	123
robbing	3955
robbins	1815
robbo	180
robby	1640
robe	4279
robert	33595
roberta	1682
roberto	3768
roberts	5094
robertson	1238
robes	1539
robeson	183
robespierre	416
robie	229
robin	16921
robins	271
robinson	5185
robinsons	133
robles	240
robo	601
robocop	350
robot	12886
robotic	1121
robotics	561
robotnik	1187
roboto	118
robots	4845
robs	675
robson	539
robust	932
roby	146
robyn	1498
roc	645
roca	145
rocca	161
rocco	2251
rocha	327
roche	303
rochefort	310
rochelle	1031
rocher	157
rochester	971
rocio	135
rock	67361
rockaway	157
rocked	1638
rockefeller	1353
rocker	1408
rockers	479
rocket	10752
rocketed	144
rockets	2739
rockfish	202
rockford	556
rockies	473
rockin	1257
rocking	3087
rockingham	153
rockland	181
rocko	142
rocks	17459
rockstar	223
rocksteady	341
rockwell	583
rocky	8902
rococo	141
rod	6808
rodan	114
roddenberry	150
rodders	168
roddy	636
rode	5640
rodent	1009
rodents	658
rodeo	2720
roderick	824
roderigo	123
rodger	435
rodgers	534
rodin	296
rodion	128
rodman	263
rodney	6238
rodolfo	497
rodrick	117
rodrigo	2043
rodrigues	227
rodriguez	2121
rods	1489
roe	855
roebuck	198
roffe	151
rog	994
rogan	243
roge	191
rogelio	645
rogen	143
roger	30768
rogers	4389
rogue	4876
rogues	791
roh	152
rohan	1286
rohini	124
rohit	1273
rohypnol	296
roi	148
roja	129
rojas	412
rojo	146
rok	216
roker	126
roku	275
roky	150
roland	4441
rolando	184
role	21813
roles	3041
rolex	1064
rolf	1120
rolfe	251
roll	39791
rolla	143
rolled	5803
roller	4137
rollerblading	157
rollercoaster	266
rollers	746
rolli	159
rollie	478
rollin	1665
rolling	14377
rollins	1254
rollo	815
rolls	6601
rolly	350
rolo	237
rolodex	248
roly	226
rom	1069
roma	1120
romagna	117
romain	330
romaine	156
roman	14575
romana	478
romance	10374
romances	549
romancing	406
romani	138
romania	1336
romanian	1357
romanians	275
romano	1204
romanov	232
romans	4716
romantic	23427
romantically	725
romanticism	282
romantics	256
romany	145
rome	22884
romek	252
romeo	7286
romero	1151
romi	496
romina	120
rommel	959
rommie	686
romney	381
romolo	139
romp	307
romper	147
romulan	677
romulans	453
romulus	365
romy	402
ron	11456
rona	243
ronald	3519
ronaldo	724
ronan	414
ronda	542
rondo	177
rong	593
roni	123
ronin	697
ronni	212
ronnie	8072
ronny	1531
ronon	402
ronson	249
roo	765
roof	26204
roofer	157
roofie	332
roofied	175
roofies	218
roofing	275
roofs	980
rooftop	1785
rooftops	836
rook	2327
rooker	160
rookie	3823
rookies	665
rooks	327
room	290206
roomful	288
roomie	498
roomies	211
rooming	378
roommate	7535
roommates	2225
rooms	18562
roomy	315
rooney	992
roop	304
roos	234
roosevelt	4608
roost	640
rooster	3746
roosters	400
root	8144
rooted	1110
rooting	1530
roots	6422
rope	16159
roped	657
roper	954
ropes	4487
roping	324
roque	271
roquefort	123
ror	133
rorish	143
rorschach	165
rory	6259
ros	693
rosa	7305
rosalba	133
rosalee	567
rosaleen	131
rosales	214
rosalia	263
rosalie	1349
rosalind	577
rosalinda	174
rosaline	237
rosalita	195
rosalyn	128
rosamund	229
rosanna	371
rosaria	175
rosaries	117
rosario	1084
rosary	822
rosaura	187
rosco	363
roscoe	1467
rose	35942
roseanna	171
roseanne	722
rosebud	570
rosebuds	118
rosella	128
roselli	119
rosemary	2953
rosen	1251
rosenbaum	122
rosenberg	530
rosencrantz	122
rosendo	124
rosenthal	364
roses	8627
rosetta	848
rosette	234
rosewater	146
rosewood	810
rosey	247
roshan	395
roshi	136
roshni	270
rosie	7206
rosin	118
rosina	336
rosine	117
rosita	801
roslin	253
roslyn	259
ross	13220
rossellini	119
rossetti	167
rossi	2171
rossini	266
rosslyn	145
rosso	215
rossum	186
roster	1234
rostov	322
rostro	146
roswell	729
rosy	1730
rot	6186
rota	330
rotary	519
rotate	1364
rotated	261
rotates	348
rotating	933
rotation	1869
rotations	156
rotator	167
rotc	213
rote	175
rotgut	128
roth	1495
rothman	265
rothschild	503
rothstein	364
roti	177
rotisserie	171
rotor	422
rotors	197
rots	575
rotted	590
rotten	11586
rotter	225
rotterdam	477
rotting	2866
rottweiler	235
rotu	140
rotunda	149
roubles	353
rouen	371
rouge	1948
rough	24370
roughed	494
rougher	466
roughest	228
roughing	351
roughly	3481
roughnecks	121
roughness	201
roughshod	123
roulette	1525
round	70043
roundabout	741
rounded	1498
rounder	208
roundhouse	189
rounding	985
rounds	8595
roundup	471
rourke	554
rouse	621
roused	287
rousing	517
rousseau	607
roust	143
rout	252
route	17472
routed	527
router	378
routes	2440
routine	12497
routinely	435
routines	898
routing	355
roux	237
rov	141
rove	220
rover	2843
rovere	294
rovers	302
roving	447
row	18117
rowan	1336
rowboat	355
rowdies	260
rowdy	1345
rowe	440
rowed	308
rowena	597
rowing	1317
rowland	378
rowley	345
rowling	158
rows	1738
rox	435
roxana	122
roxane	274
roxanne	1591
roxie	854
roxton	727
roxxxy	123
roxy	1936
roy	14370
roya	146
royal	23448
royale	434
royalist	154
royally	416
royals	634
royalties	756
royalty	2580
royce	1905
royston	174
roz	2681
roza	120
rp	129
rpg	488
rpgs	152
rpm	351
rr	408
rrr	243
rrrr	114
rs	4389
rst	219
rsvp	526
rt	453
ru	986
rua	128
ruan	168
rub	9168
rubbed	1760
rubber	7682
rubbers	464
rubbery	223
rubbing	3163
rubbish	10181
rubble	1792
rubdown	158
rube	649
ruben	1564
rubens	348
ruber	117
rubes	136
rubicon	231
rubies	753
rubik	287
rubin	590
rubio	253
ruble	204
rubles	1193
rubs	774
ruby	8278
ruck	139
rucker	160
rucksack	341
ruckus	1387
rud	129
ruda	190
rudd	380
rudder	1276
ruddy	898
rude	17432
rudely	518
rudeness	657
rudest	120
rudge	157
rudi	1091
rudimentary	466
rudnick	363
rudo	117
rudolf	823
rudolph	1568
rudra	260
rudy	5774
rudyard	124
rue	2757
ruel	200
ruff	761
ruffian	536
ruffians	405
ruffle	348
ruffled	333
ruffles	310
ruffnut	143
rufino	114
rufio	127
rufus	2135
rug	4593
rugby	1753
ruger	162
rugged	1319
ruggero	118
ruggles	136
rugs	695
ruhr	126
rui	465
ruin	24008
ruination	166
ruined	25312
ruining	6041
ruinous	139
ruins	5381
ruiz	1501
rukh	198
rukia	166
rule	34517
rulebook	158
ruled	5893
ruler	3631
rulers	1317
rules	48345
ruling	3777
rulings	148
rum	4917
rumba	594
rumble	1553
rumbled	180
rumbles	2447
rumbling	9232
rumblings	188
rumi	268
rummage	421
rummaging	346
rummy	601
rumor	7163
rumored	815
rumors	8216
rumour	2257
rumoured	288
rumours	2870
rump	684
rumpelstiltskin	206
rumple	305
rumplestiltskin	329
rumpole	2421
rumpus	323
rumsfeld	304
run	244200
runabout	271
runaround	329
runaway	2906
runaways	579
rundown	876
rune	625
runes	421
rung	1655
rungs	186
runkle	252
runner	3821
runners	1561
runneth	217
runnin	2825
running	116973
runny	635
runoff	205
runs	24284
runt	1212
runts	152
runway	5842
runways	215
runyon	138
rupa	797
rupali	175
rupaul	769
rupee	762
rupees	5383
rupert	3709
rupture	946
ruptured	1168
ruptures	153
rural	1976
rus	209
ruse	1279
rush	24375
rushed	4575
rushes	1036
rushing	4905
rushmore	363
rushworth	170
rusk	366
ruskin	401
ruslan	232
russ	3781
russel	412
russell	12102
russia	12828
russian	26288
russians	9294
russkies	252
russo	1853
rust	1856
rusted	693
rustic	798
rusting	195
rustle	927
rustler	140
rustlers	323
rustles	573
rustling	3162
rustom	163
rusty	7276
rut	1659
rutabaga	163
rutger	309
rutgers	158
ruth	9836
rutherford	816
ruthie	1244
ruthless	3942
ruthlessly	396
ruthlessness	181
ruthy	118
rutland	234
rutledge	898
rutles	186
rutter	127
rutting	158
ruxin	704
ruzek	163
rv	1242
rwanda	458
ry	501
rya	118
ryan	28655
rydell	378
ryder	2065
rye	1682
ryerson	138
rygel	662
ryker	350
ryland	466
ryman	132
ryno	153
ryo	1813
ryoko	383
ryoma	234
ryosuke	169
ryota	299
ryu	1325
ryuichi	124
ryuji	276
ryuk	114
ryuko	144
ryung	208
ryunosuke	200
ryuta	121
ryutaro	114
ryuzaki	253
sa	3150
saab	531
saad	203
saara	140
saba	354
saban	166
sabatino	125
sabbath	1306
sabbatical	611
sabe	250
saber	1125
sabers	209
sabes	170
sabian	138
sabin	145
sabina	811
sabine	1730
sable	681
sabotage	3791
sabotaged	1297
sabotaging	672
saboteur	453
saboteurs	311
sabra	157
sabre	638
sabres	120
sabretooth	126
sabri	133
sabrina	5107
sabu	397
saburo	318
sac	739
sacco	164
sacha	600
sachi	261
sachiko	591
sachin	907
sachs	629
sack	8822
sacked	1945
sacking	307
sacko	172
sacks	1835
sacrament	649
sacramento	1163
sacraments	184
sacre	125
sacred	12939
sacrifice	17760
sacrificed	5135
sacrifices	3947
sacrificial	693
sacrificing	1584
sacrilege	661
sacrilegious	243
sacristy	205
sacrosanct	163
sacs	179
sad	57179
sada	326
sadako	425
sadao	115
sadat	242
saddam	1835
saddened	503
saddens	334
sadder	758
saddest	1129
saddle	4531
saddlebag	157
saddlebags	160
saddled	613
saddles	348
sade	449
sadhu	280
sadie	4077
sadik	151
sadiq	227
sadism	242
sadist	919
sadistic	1116
sadists	165
sadler	327
sadly	5380
sadness	5235
sado	237
sae	603
saeed	230
saeki	280
saeko	266
safa	179
safari	1314
safe	114104
safecracker	159
safeguard	890
safeguarding	177
safeguards	317
safehouse	177
safekeeping	641
safely	10001
safer	8257
safes	416
safest	2254
safeties	136
safety	25861
safeway	117
saffron	745
saffy	159
sag	452
saga	1509
sagan	249
sagar	395
sagara	165
sagas	119
sage	3516
sages	352
saget	207
sagging	316
saggy	291
sagittarius	392
sahab	161
sahai	119
sahara	1297
saheb	623
sahib	1663
sahiba	180
sahil	469
sahir	181
sai	1932
said	818878
saigo	181
saigon	1359
saijo	164
sail	9160
sailboat	636
sailed	3000
sailing	5534
sailor	6767
sailors	3411
sails	2247
sainsbury	227
saint	15618
sainte	148
sainted	208
sainthood	167
saintly	380
saints	3988
saipan	188
saira	213
sais	379
saison	154
sait	118
saitama	169
saith	201
saito	686
saiyan	501
saiyans	156
sajid	206
sak	130
sakaguchi	126
sakai	430
sakaki	146
sakamoto	530
sake	52827
sakes	5241
saki	817
sakiko	148
sakina	175
saks	244
saku	220
sakuma	153
sakura	1605
sakurai	250
sal	4969
sala	182
salaam	1160
salacious	168
salad	11646
saladin	265
salads	949
salah	277
salam	362
salamanca	321
salamander	520
salami	1272
salander	218
salaries	1027
salary	9710
salas	210
salazar	1025
sale	18014
saleem	181
saleh	175
salem	2245
salerno	217
sales	10950
salesgirl	240
salesman	5170
salesmanship	117
salesmen	896
salesperson	233
saleswoman	211
salford	222
salgado	169
salient	182
salih	224
salim	1362
salima	123
salina	130
salinas	312
saline	1422
salinger	598
salisbury	546
saliva	1817
salivating	155
salle	283
sallie	278
sally	14857
salma	426
salman	487
salmon	5129
salmonella	325
salmoneus	257
salome	804
salomon	209
salon	4108
salons	353
saloon	2527
saloons	253
salsa	1955
salt	16079
salted	777
salter	268
saltines	148
saltpeter	120
salts	1059
saltwater	510
salty	2722
saltzman	151
salud	759
salut	343
salutation	267
salutations	551
salute	5367
saluted	225
salutes	365
saluting	344
salvador	1637
salvadoran	115
salvadorans	117
salvage	2064
salvageable	134
salvaged	415
salvaging	156
salvation	4913
salvatore	2105
salve	510
salvi	115
salvo	702
salzburg	328
sam	80423
sama	209
samantha	7912
samar	494
samara	311
samaritan	1353
samaritans	215
samba	1292
sambar	183
sambo	152
sambuca	118
samcro	165
same	348167
sameer	1248
sameera	297
sami	956
samia	114
samir	1194
samira	366
sammi	291
sammie	165
sammy	10138
samoa	224
samoan	194
samosa	147
samosas	227
samovar	167
sampei	114
sample	11484
sampled	276
sampler	204
samples	7673
sampling	595
sampo	126
sampson	915
sams	124
samson	2178
samsung	153
samuel	5450
samuels	756
samurai	6738
samurais	115
samy	224
san	26690
sana	795
sanada	452
sanae	287
sanatorium	718
sanborn	153
sanchez	2830
sancho	862
sancti	327
sanctified	313
sanctify	197
sanctimonious	408
sanction	680
sanctioned	898
sanctions	698
sanctity	768
sanctuaries	154
sanctuary	3735
sanctum	484
sand	16019
sandal	493
sandals	1481
sandalwood	285
sandbag	242
sandbags	298
sandberg	154
sandbox	549
sandcastle	122
sanded	128
sandeep	141
sander	614
sanders	2982
sanderson	994
sandford	143
sandhu	240
sandhurst	123
sandhya	617
sandi	650
sanding	166
sandler	257
sandman	791
sandor	257
sandoval	1177
sandpaper	339
sandpiper	143
sandra	7185
sandrine	527
sandro	1035
sands	2531
sandstone	388
sandstorm	533
sandstrom	166
sandusky	215
sandwich	14200
sandwiched	185
sandwiches	6006
sandy	10207
sane	3310
sanford	788
sang	9686
sanger	137
sangre	121
sangria	328
sanguine	134
sanh	200
sanhedrin	147
sania	211
sanitarium	661
sanitary	676
sanitation	899
sanitized	143
sanitizer	216
sanity	1591
sanjana	929
sanjay	1364
sanjeev	154
sanji	151
sanju	401
sank	2287
sanka	144
sankichi	134
sanna	481
sanne	358
sano	261
sans	597
sansa	238
sanskrit	560
sanson	171
sant	379
santa	24532
santamaria	130
santana	1044
santas	244
sante	122
santee	122
santeria	121
santi	614
santiago	2905
santillana	195
santini	537
santino	465
santis	156
santo	1458
santorini	211
santoro	125
santos	2856
santosh	196
santy	182
sanya	188
sanyi	115
sao	633
saori	376
saotome	152
sap	1806
saperstein	240
sapien	142
sapiens	533
sapling	200
saplings	164
sapna	845
sapper	154
sapphire	935
sapphires	249
sapporo	301
sappy	443
saps	261
sar	291
sara	15387
saracen	575
saracens	126
sarah	38933
sarajevo	737
saran	188
sarang	323
sarasota	161
saraswati	231
saratoga	374
sarcasm	1770
sarcastic	1997
sarcastically	553
sarcoma	147
sarcophagus	705
sardar	404
sardarji	120
sardine	609
sardines	1460
sardinia	303
sardo	150
saree	481
sarek	114
sarge	8091
sargeant	130
sargent	406
sargon	137
sari	1958
sarin	521
sarina	169
saris	295
sarita	316
sark	410
sarkar	161
sarkissian	116
sarkozy	148
saro	220
saroja	203
saroyan	704
sars	253
sarsaparilla	186
sartre	350
sas	673
sasa	197
sasaki	673
sascha	278
sash	1072
sasha	5850
sashay	186
sashi	246
sashimi	444
sasi	187
saskatchewan	181
saskia	487
sasquatch	717
sass	524
sassafras	119
sassy	1184
sasuke	612
sat	21163
satan	7341
satanic	893
satanism	127
satanist	179
satanists	202
satch	162
satchel	622
sate	126
sated	159
satellite	9059
satellites	2202
sathya	439
sati	136
satin	1109
satine	133
satire	475
satirical	220
satisfaction	4775
satisfactorily	150
satisfactory	1711
satisfied	12083
satisfies	406
satisfy	4343
satisfying	1850
satish	116
sato	1432
satoko	186
satomi	539
satoru	493
satoshi	502
satou	243
sats	1226
satsuki	332
satsuma	345
saturated	561
saturation	367
saturday	27434
saturdays	1408
saturn	2211
satya	508
satyan	116
satyr	210
sau	347
sauce	13249
saucepan	179
saucer	1796
saucers	615
sauces	431
saucy	707
saudi	1642
saudis	255
sauerkraut	593
saul	3900
sauna	2089
saunders	1729
saunter	118
sauron	262
sausage	6605
sausages	2704
sausalito	129
sauteed	192
sauvage	180
sauvignon	134
saux	114
sav	295
sava	245
savage	5708
savaged	124
savagely	287
savagery	337
savages	2299
savaii	168
savanna	224
savannah	2049
savant	307
save	129390
saved	57667
saver	529
saverio	277
savers	121
saves	3628
savi	363
savile	166
saville	117
savin	276
saving	22196
savings	5666
savino	311
savio	165
savior	3771
saviors	319
saviour	1618
savitar	283
savitri	344
savonarola	187
savor	757
savoring	139
savory	411
savour	310
savoury	165
savoy	800
savvy	839
saw	297985
sawa	163
sawada	265
sawaki	174
sawako	230
sawamura	117
sawant	169
sawatari	148
sawbones	129
sawdust	731
sawed	426
sawing	665
sawmill	513
saws	397
sawyer	2524
sax	749
saxena	412
saxon	1207
saxons	364
saxony	195
saxophone	1070
say	1153915
saya	448
sayaka	266
sayer	205
sayers	227
sayeth	223
sayid	693
sayin	5174
saying	236600
sayings	444
sayo	199
sayoko	150
sayonara	797
says	215090
sayu	169
sayuri	357
saz	314
sb	141
sbk	223
sc	344
scab	718
scabbard	238
scabby	229
scabies	188
scabs	427
scaffold	565
scaffolding	600
scala	209
scald	144
scalded	213
scalding	276
scale	10519
scaled	373
scales	2588
scalia	127
scaling	320
scallions	116
scallop	540
scallops	1421
scalp	1781
scalped	277
scalpel	2022
scalpels	173
scalper	122
scalping	166
scalps	311
scaly	306
scam	4761
scammed	374
scamming	375
scamp	555
scamper	168
scampi	349
scams	696
scan	7861
scandal	7894
scandalized	115
scandalous	1224
scandals	778
scandinavia	421
scandinavian	573
scanlan	202
scanlon	764
scanned	1282
scanner	2718
scanners	1240
scanning	1961
scans	2258
scant	194
scape	146
scapegoat	1184
scapegoats	163
scapula	187
scar	7339
scarab	387
scarborough	285
scarce	1725
scarcely	1301
scarcity	293
scare	23192
scarecrow	1733
scarecrows	164
scared	107906
scaredy	340
scares	5508
scarf	4980
scarface	690
scarier	928
scariest	935
scaring	5199
scarlet	2356
scarlett	2824
scarran	198
scarrans	203
scarred	1081
scarring	596
scars	3962
scarsdale	226
scarves	697
scary	22035
scat	805
scathing	176
scatter	1844
scatterbrain	132
scattered	4482
scattering	369
scatters	161
scatting	663
scavenge	226
scavenger	831
scavengers	531
scavenging	310
scavo	238
scenario	5414
scenarios	1035
scene	58017
scenery	2689
scenes	8376
scenic	690
scent	6523
scented	793
scents	385
scepter	692
sceptical	418
scepticism	136
sceptre	256
sch	158
schabbach	142
schaefer	195
schaeffer	336
schafer	189
schanke	577
schedule	17817
scheduled	6236
schedules	1366
scheduling	634
scheherazade	173
schematic	358
schematics	723
scheme	6590
schemed	138
schemer	215
schemes	1628
scheming	1178
schenectady	140
schiff	205
schiller	887
schilling	204
schillinger	252
schillings	121
schindler	280
schism	142
schizo	264
schizophrenia	1045
schizophrenic	1150
schizophrenics	161
schlep	188
schlong	140
schmeikel	129
schmeling	232
schmidt	3929
schmitt	177
schmitty	121
schmooze	201
schmoozing	129
schmuck	1426
schmucks	209
schmutz	133
schnabel	186
schnapps	1102
schnauzer	136
schneider	1253
schnell	555
schnitzel	380
schoen	157
schofield	206
scholar	3176
scholarly	238
scholars	1883
scholarship	5324
scholarships	638
scholastic	186
scholl	131
schon	163
school	240176
schoolboy	862
schoolboys	247
schoolchildren	269
schooled	442
schooler	217
schoolers	141
schoolgirl	1085
schoolgirls	383
schoolhouse	377
schooling	1040
schoolmaster	475
schoolmate	244
schoolmates	293
schools	10470
schoolteacher	1085
schoolwork	543
schoolyard	483
schooner	357
schopenhauer	214
schott	127
schrader	297
schraeder	135
schreck	118
schrodinger	134
schroeder	404
schrute	188
schubert	603
schuester	238
schultz	3893
schultzy	116
schulz	209
schumacher	264
schumann	429
schumer	138
schuster	197
schuyler	383
schwartz	1008
schwarz	206
schwarzenegger	556
schweitzer	217
schwimmer	117
sci	196
sciatica	272
science	31833
sciences	1231
scientific	10774
scientifically	1201
scientist	10126
scientists	13124
scientologist	160
scientologists	146
scientology	942
scimitar	249
scintillating	256
scion	160
scipio	320
scipione	130
scissor	521
scissors	5119
sciuto	162
sclerosis	354
scobie	172
scoff	459
scoffed	116
scoffing	782
scoffs	19383
scofield	758
scold	2420
scolded	1331
scolding	1069
scolds	190
scoliosis	194
scone	442
scones	631
scoob	1219
scooby	2638
scooch	328
scoop	3569
scooped	591
scooping	252
scoops	546
scoot	1600
scooter	3330
scooters	309
scooty	119
scope	2927
scoped	145
scopes	232
scoping	167
scopolamine	174
scorch	487
scorched	667
scorcher	139
scorching	670
score	18120
scoreboard	451
scorecard	114
scored	4297
scorer	215
scores	5667
scoring	1351
scorn	911
scorned	650
scorns	118
scorpio	744
scorpion	2518
scorpions	824
scorpius	518
scorsese	538
scot	649
scotch	6965
scotches	181
scotia	462
scotland	9635
scots	1432
scotsman	387
scott	26686
scottie	998
scottish	3683
scottsdale	278
scotty	4764
scoundrel	5232
scoundrels	1442
scour	518
scoured	421
scourge	822
scouring	450
scouse	118
scout	7409
scouted	359
scouting	1192
scoutmaster	122
scouts	3453
scoville	132
scow	117
scowl	241
scowling	131
scpd	132
scrabble	940
scram	2802
scramble	1592
scrambled	2359
scrambler	279
scrambles	132
scrambling	876
scranton	423
scrap	3730
scrapbook	729
scrapbooking	132
scrape	2408
scraped	1078
scraper	156
scrapes	907
scraping	2264
scrapings	176
scrapped	377
scrapper	136
scrapping	268
scrappy	572
scraps	1365
scrapyard	138
scratch	12856
scratched	2873
scratcher	160
scratches	2312
scratching	3108
scratchy	647
scrawl	119
scrawled	139
scrawny	838
scream	19681
screamed	3481
screamer	377
screamin	304
screaming	59151
screams	32273
screech	6163
screeches	2026
screeching	10966
screen	700000
screened	555
screening	2082
screenings	228
screenplay	3074
screenplays	170
screens	1851
screenwriter	526
screw	26824
screwball	291
screwdriver	1894
screwdrivers	129
screwed	20566
screwin	123
screwing	6841
screws	2662
screwup	322
screwy	559
scribble	380
scribbled	332
scribbles	196
scribbling	501
scribe	452
scribes	237
scrimmage	250
scrip	246
script	13108
scripted	327
scripts	1418
scripture	1128
scriptures	1023
scriptwriter	193
scroll	2155
scrolling	166
scrolls	976
scrooge	2455
scrote	155
scrotum	637
scrounge	312
scrounging	215
scrub	3633
scrubbed	1030
scrubber	186
scrubbers	119
scrubbing	1294
scrubs	847
scruff	212
scruffy	644
scrum	149
scrumptious	409
scrunch	153
scrunchie	150
scruples	753
scrupulous	183
scrutinize	148
scrutinized	199
scrutiny	956
scuba	1123
scud	147
scudder	297
scuff	317
scuffed	146
scuffle	529
scuffling	202
scull	206
scullery	227
scully	3443
sculpt	866
sculpted	750
sculpting	919
sculptor	1045
sculptors	188
sculptural	131
sculpture	2728
sculptures	956
scum	7530
scumbag	3549
scumbags	1076
scummy	134
scums	127
scurry	330
scurrying	312
scurvy	520
scuse	600
scusi	312
scut	127
scuttle	312
scuttlebutt	225
scuttled	137
scuttling	131
scylla	526
scythe	417
sd	365
sdh	1823
sdi	1154
sdl	253
sdu	287
se	5964
sea	60812
seabed	392
seabirds	249
seabiscuit	354
seaboard	504
seacrest	182
seafarers	125
seafaring	207
seafloor	114
seafood	1847
seagal	284
seagull	1001
seagulls	1519
seahawk	167
seahawks	129
seahorse	184
seahorses	125
seal	12770
sealant	124
seale	145
sealed	8428
sealing	724
seals	3063
seam	618
seaman	1268
seamen	489
seamless	277
seamlessly	125
seams	876
seamstress	745
seamus	748
sean	19572
seance	400
seaplane	171
seaport	171
seaquest	445
sear	393
search	47439
searched	8988
searcher	189
searchers	173
searches	1481
searchin	119
searching	17430
searchlight	176
searchlights	176
seared	544
searing	458
sears	921
seas	4647
seashell	176
seashells	302
seashore	426
seasick	902
seasickness	165
seaside	1587
season	28290
seasonal	983
seasoned	1246
seasoning	764
seasons	3695
seat	54615
seatbelt	1083
seatbelts	520
seated	5554
seating	1151
seaton	146
seats	12199
seattle	5911
seaver	419
seaview	153
seawater	498
seaweed	1445
seaworld	224
seaworthy	168
seb	448
sebas	131
sebastian	7966
sebastien	375
sebring	132
sec	13941
secession	117
secluded	843
seclusion	491
secnav	354
second	193687
secondary	3042
seconded	272
secondhand	554
secondly	2874
seconds	47936
secrecy	2762
secret	89236
secretarial	310
secretariat	548
secretaries	1055
secretary	24623
secrete	159
secreted	204
secretion	176
secretions	223
secretive	1504
secretly	6398
secrets	23070
secs	195
sect	1725
sectarian	122
section	18094
sectionals	311
sectioned	176
sections	2127
sector	6447
sectors	689
sects	274
secular	783
secure	16048
secured	3742
securely	466
secures	152
securing	969
securities	1004
security	71503
sed	220
sedan	1517
sedate	679
sedated	1237
sedation	520
sedative	1908
sedatives	623
sedentary	129
seder	244
sedgewick	121
sedgwick	237
sediment	534
sedimentary	144
sediments	171
sedition	323
seditious	147
sedley	119
sedona	245
seduce	3341
seduced	2141
seducer	306
seduces	255
seducing	803
seduction	1029
seductive	917
see	1781493
seed	6336
seeded	227
seeding	188
seedling	172
seedlings	249
seeds	5678
seedy	559
seeger	243
seein	950
seeing	88192
seek	16595
seeker	1478
seekers	555
seeking	6398
seeks	2363
seeley	438
seem	98575
seema	870
seemed	40343
seeming	527
seemingly	1809
seems	136699
seen	282420
seenu	754
seep	308
seepage	115
seeped	217
seeping	346
seeps	195
seer	580
sees	26505
seesaw	252
seetha	243
seething	363
seeya	124
seeyou	214
sefton	206
seg	139
segal	234
segawa	179
seger	194
segment	1666
segments	477
segolia	129
segovia	157
segregated	350
segregation	653
segue	245
segundo	206
seher	223
sei	481
seiichi	126
seiji	589
seiko	172
seimei	248
seine	787
seinfeld	756
seis	127
seismic	814
seiya	161
seize	5050
seized	3636
seizes	300
seizing	935
seizure	2826
seizures	1446
sek	323
sekai	284
sekar	150
seki	266
sela	117
selam	194
selby	379
selden	140
seldom	2223
select	3689
selected	4507
selecting	623
selection	4079
selections	271
selective	867
selectively	135
selector	116
selects	242
selena	932
selene	189
selenia	126
selenium	123
self	13657
selfie	1222
selfies	427
selfish	13305
selfishly	341
selfishness	995
selfless	1186
selflessly	190
selflessness	183
selfridge	1125
selfridges	151
selim	626
selina	1312
selkirk	128
sell	73802
sellars	133
selleck	180
seller	2128
sellers	1009
sellin	383
selling	29357
sellout	328
sells	5691
selma	1249
seltzer	435
selves	1010
selwyn	179
selznick	144
sem	180
sema	254
semantics	415
semblance	346
semen	2425
semester	3773
semesters	194
semi	774
semiautomatic	164
semifinal	211
semifinals	441
seminal	359
seminar	2513
seminars	508
seminary	919
seminole	119
semis	165
sempai	126
semper	530
semple	160
sempre	123
semtex	242
semyon	191
sen	1401
sena	301
senate	5100
senator	15992
senators	1408
send	131999
sendai	183
sender	720
sendin	118
sending	26184
sends	9325
seneca	349
senegal	308
senegalese	118
seng	255
sengoku	125
senhor	290
senile	1463
senility	161
senior	17374
seniority	610
seniors	1904
senna	445
senor	3695
senora	906
senorita	851
senpai	638
sensation	4023
sensational	2454
sensations	730
sense	96442
sensed	2128
sensei	4064
senseless	1987
senses	8313
sensibilities	331
sensibility	547
sensible	5231
sensibly	364
sensing	1689
sensitive	14396
sensitivity	1836
sensor	2301
sensors	4288
sensory	878
sensual	1320
sensuality	414
sensuous	293
sent	113959
senta	161
sentence	17312
sentenced	4762
sentences	3109
sentencing	1185
senthil	135
sentient	516
sentiment	2162
sentimental	5011
sentimentality	411
sentiments	1082
sentinel	807
sentinels	260
sentries	582
sentry	907
seo	3781
seok	1217
seol	779
seon	804
seong	1392
seonjun	212
seoul	4833
separate	18291
separated	9723
separately	2522
separates	1331
separating	1492
separation	3719
separatist	383
separatists	365
seperate	166
sepp	192
seppuku	332
sepsis	308
sept	278
september	9351
septic	892
septimus	200
septum	249
sepulchre	136
sepulveda	128
sequel	1196
sequels	205
sequence	5438
sequencer	134
sequences	776
sequencing	264
sequential	167
sequestered	290
sequined	117
sequins	391
sequoia	158
ser	723
sera	913
serafina	233
seraphim	238
serb	455
serbia	1078
serbian	1486
serbs	823
serena	4797
serenade	639
serendipity	252
serene	1215
serengeti	284
serenity	1258
serf	259
serfs	281
serge	1801
sergeant	41650
sergeants	493
sergeevich	115
sergei	2706
sergey	860
sergeyevich	251
sergeyevna	134
sergio	2223
sergius	117
serial	9936
serials	248
series	18098
serious	108774
seriously	68524
seriousness	1064
serizawa	238
serling	265
sermon	2313
sermons	820
serotonin	327
serpent	2525
serpentine	257
serpents	491
serpico	246
serra	242
serrano	463
serrated	316
serum	2490
servalan	164
servant	13198
servants	7906
serve	32190
served	18169
server	3208
servers	1362
serves	5508
servet	119
service	59277
serviceable	128
serviced	469
serviceman	141
servicemen	316
services	15982
servicing	407
servile	192
serving	10281
servings	201
servitude	437
servo	188
seryozha	357
ses	114
sesame	1461
sesh	160
seska	155
session	10682
sessions	3440
sesterces	163
set	164165
setauket	130
setback	1330
setbacks	538
seth	8037
sethi	168
sethu	374
seti	330
seton	150
sets	11151
setsuko	533
settee	191
setter	186
settin	157
setting	450000
settings	800000
settle	27798
settled	15766
settlement	5422
settlements	874
settler	205
settlers	1252
settles	1939
settling	3225
setup	4127
setups	139
seu	245
seul	239
seung	2309
seurat	177
seuss	230
seve	160
seven	70968
sevens	466
seventeen	2980
seventeenth	183
seventh	5814
seventies	398
seventy	1653
sever	1032
several	35232
severance	943
severe	8032
severed	2688
severely	2923
severide	490
severin	156
severing	293
severino	138
severity	674
severn	115
severus	206
sevilla	177
seville	756
sew	3360
sewage	1117
seward	487
sewed	1058
sewell	221
sewer	3307
sewers	1472
sewing	3425
sewn	1145
sews	185
sex	96431
sexes	634
sexier	866
sexiest	935
sexiness	151
sexing	130
sexism	277
sexist	1326
sexless	218
sextant	156
sexting	336
sexton	269
sexual	21499
sexuality	2282
sexually	5438
sexy	21774
seychelles	161
seyma	126
seymour	2021
sforza	577
sfpd	176
sg	208
sgc	269
sgt	479
sh	3932
sha	1247
shaadi	121
shaan	146
shabana	322
shabbat	499
shabby	1493
shabnam	128
shack	3634
shacked	351
shacking	292
shackle	236
shackled	441
shackles	1019
shackleton	403
shacks	271
shad	287
shade	4843
shaded	200
shades	2489
shading	294
shado	258
shadow	17240
shadowed	227
shadowhunter	167
shadowhunters	182
shadowing	437
shadows	8095
shadowy	540
shadwell	193
shady	2693
shae	140
shaeffer	160
shaffer	132
shaft	4133
shafted	235
shafts	644
shag	2133
shagged	632
shagging	1208
shaggy	2402
shags	132
shah	1534
shahid	185
shahir	278
shahrukh	259
shailu	119
shaina	227
shaka	382
shake	26384
shakedown	466
shaken	3132
shaker	749
shakers	277
shakes	2678
shakespeare	5981
shakespearean	242
shakily	813
shakin	677
shaking	9503
shakir	152
shakira	631
shakthi	138
shakti	523
shakuntala	164
shakur	141
shaky	1924
shal	259
shale	444
shales	125
shalimar	547
shalini	555
shall	164162
shallots	206
shallow	4312
shallows	316
shalom	1155
shalt	2103
shalu	315
sham	1647
shaman	1930
shamans	366
shamar	173
shambhu	135
shambles	686
shambo	293
shambu	128
shame	37793
shamed	907
shameful	2776
shamefully	189
shameless	3371
shamelessly	439
shames	208
shaming	343
shamisen	141
shampoo	2737
shampoos	137
shamrock	410
shams	126
shamsher	153
shamu	176
shamus	192
shan	4763
shana	611
shanaya	245
shandong	138
shandy	156
shane	8870
shang	1156
shanghai	4288
shanghaied	159
shania	456
shank	716
shankar	2126
shankara	148
shanked	205
shanks	313
shanley	120
shanna	153
shannon	4414
shanta	120
shanthi	206
shanti	913
shanty	378
shanxi	167
shao	680
shaolin	1874
shape	23460
shaped	3422
shapeless	164
shapely	260
shapes	2954
shapeshifter	177
shaping	1077
shapiro	705
shaq	488
shaquille	192
shar	144
sharapov	114
sharat	177
sharath	167
shard	655
sharda	146
shards	724
share	56854
shared	10484
shareholder	591
shareholders	1216
shares	6420
shari	379
sharia	211
sharif	523
sharing	9785
shark	10456
sharkey	276
sharks	5822
sharkslayer	127
sharky	426
sharla	121
sharma	1493
sharman	197
sharon	6425
sharona	809
sharp	17246
sharpe	1600
sharpen	1042
sharpened	664
sharpener	269
sharpening	448
sharpens	165
sharper	885
sharpest	450
sharpie	200
sharpish	115
sharply	4724
sharpness	164
sharps	185
sharpshooter	277
sharpshooters	199
sharpton	116
shashank	126
shashi	468
shasta	295
shastri	269
shat	571
shatner	360
shatter	1429
shattered	4360
shattering	2399
shatters	2644
shaun	1882
shauna	609
shauni	125
shave	7607
shaved	3408
shaven	261
shaver	333
shavers	136
shaves	337
shaving	2847
shavings	257
shaw	5405
shawl	1111
shawn	9321
shawna	317
shawnee	235
shawshank	184
shay	1619
shayla	123
shayna	119
shayne	696
shaz	357
shazam	281
shazia	226
she	2778359
shea	1267
shear	341
sheared	204
shearer	155
shearing	177
shears	649
sheath	473
sheaves	162
sheba	912
shebang	339
shecky	150
shed	10791
shedding	894
sheds	812
shee	141
sheehan	169
sheela	199
sheen	710
sheena	678
sheep	13127
sheepdog	189
sheeps	130
sheepskin	163
sheer	3893
sheesh	888
sheet	8346
sheetal	325
sheeting	124
sheets	7895
shefali	152
sheffield	1383
shei	142
sheik	1249
sheikh	1241
sheila	6030
shejust	115
shek	282
shekels	369
shekhar	1250
shekhawat	167
shel	515
shelagh	120
shelby	3562
shelbyville	122
sheldon	3960
sheldrake	120
shelf	4806
shelia	197
shell	10381
shelled	294
shelley	2372
shellfish	784
shelling	587
shells	4044
shelly	4105
shelter	11527
sheltered	1026
sheltering	339
shelters	1308
shelton	1062
shelve	114
shelved	161
shelves	1883
shem	156
shen	1583
shenandoah	163
shenanigans	724
sheng	833
shenzhen	349
shep	975
shepard	1239
shephard	173
shepherd	6803
shepherdess	263
shepherds	1098
sheppard	1451
sher	386
sheraton	263
sherbet	352
shere	166
sheri	435
sheridan	1935
sherif	398
sheriff	30458
sheriffs	568
sherlock	3869
sherm	178
sherman	3525
sherpa	263
sherpas	182
sherri	542
sherry	3966
sheru	118
sherwin	125
sherwood	1196
sheryl	616
shes	655
shetland	357
shetty	382
sheung	256
shh	44939
shhh	3347
shhhh	560
shhhhh	152
shi	2518
shia	315
shiatsu	199
shiba	207
shibata	314
shibuya	476
shied	127
shield	7881
shielded	579
shielding	619
shields	3876
shift	18253
shifted	1829
shifter	345
shifting	1806
shiftless	120
shifts	4060
shifty	577
shifu	736
shige	156
shigeko	132
shigeo	117
shigeru	342
shih	518
shiho	171
shii	278
shiina	266
shik	561
shika	128
shikha	164
shikoku	223
shil	374
shill	187
shilla	423
shilling	996
shillings	1777
shilo	131
shiloh	453
shilpa	168
shim	810
shima	420
shimada	368
shimako	161
shimazaki	130
shimizu	519
shimla	214
shimmer	435
shimmering	633
shimmy	620
shimon	189
shimura	148
shin	4262
shinagawa	185
shinbei	233
shinde	242
shindig	603
shindo	699
shindou	179
shine	14055
shined	519
shiner	392
shines	3334
shing	1032
shingen	186
shingle	264
shingles	341
shingo	338
shinhwa	189
shinichi	588
shinigami	273
shinin	252
shining	8451
shinji	891
shinjuku	661
shinkage	132
shinkichi	195
shinning	129
shinnosuke	257
shino	337
shinobi	223
shinobu	368
shinohara	199
shinpei	182
shins	315
shinsengumi	264
shinsuke	210
shintaro	257
shinto	175
shinu	128
shinwell	169
shiny	5281
shinya	156
shion	128
shiori	257
ship	74224
shipbuilding	175
shipley	132
shipmate	152
shipmates	310
shipment	4577
shipments	828
shipped	3078
shipping	4345
ships	15878
shipshape	262
shipwreck	689
shipwrecked	505
shipwrecks	138
shipyard	973
shipyards	260
shira	213
shirai	154
shiraishi	128
shirakawa	138
shiratori	135
shiraz	194
shire	386
shirin	490
shirk	244
shirking	153
shirl	247
shirley	5958
shiro	1059
shiroe	130
shirou	268
shirt	30183
shirtless	428
shirts	5574
shish	235
shishio	141
shit	273312
shitbag	226
shite	1804
shitface	146
shitfaced	268
shithead	2004
shitheads	439
shithole	1337
shithouse	257
shitless	793
shitload	862
shits	1915
shitstorm	207
shitter	447
shittiest	138
shittin	228
shitting	3067
shitty	7475
shiv	955
shiva	3451
shivaji	196
shivam	136
shivani	410
shivas	172
shiver	1142
shivered	135
shivering	1893
shivers	866
shiyu	156
shizu	245
shizuka	355
shizuko	381
shizuku	169
shizuma	167
shizuo	173
shizuoka	134
shizuru	166
shizzle	118
shlomi	127
shlomo	278
shmuel	143
sho	753
shoal	318
shoals	391
shobha	248
shochiku	194
shock	21717
shocked	10546
shocker	851
shocking	5781
shockingly	400
shockley	153
shocks	1261
shockwave	336
shockwaves	129
shod	189
shoddy	561
shoe	14489
shoebox	366
shoehorn	124
shoelace	447
shoelaces	734
shoeless	119
shoemaker	661
shoes	46490
shoeshine	325
shoestring	119
shogun	1775
shogunate	802
shohei	142
shoichi	127
shoji	289
shoko	259
sholto	159
shona	206
shone	922
shoo	2905
shook	4087
shoop	206
shoot	106067
shooter	7879
shooters	1535
shootin	907
shooting	37914
shootings	1061
shootout	894
shoots	5418
shop	50976
shopkeeper	725
shopkeepers	323
shoplift	176
shoplifted	135
shoplifter	260
shoplifters	145
shoplifting	1173
shopped	390
shopper	438
shoppers	623
shopping	20754
shops	5453
shore	9666
shoreline	462
shores	2269
shorn	121
short	63714
shortage	2027
shortages	402
shortbread	168
shortcake	243
shortcomings	567
shortcut	2630
shortcuts	558
shorted	442
shorten	832
shortened	507
shortening	243
shorter	4186
shortest	1169
shortfall	150
shorthand	613
shorthanded	317
shorties	115
shorting	179
shortly	9364
shortness	457
shorts	5280
shortsighted	252
shortstop	371
shortwave	282
shorty	2975
shoshanna	159
shoshone	128
shostakovich	180
shot	144772
shota	312
shotaro	122
shotgun	6226
shotguns	539
shots	21399
shou	472
shoud	164
shouidn	302
should	823711
shoulda	1519
shoulder	17198
shoulders	9683
shouldn	117029
shouldn't	650000
shouldnt	167
shout	13856
shouted	3014
shouting	35108
shouts	8155
shove	7215
shoved	2522
shovel	4040
shoveling	515
shovelling	137
shovels	816
shoves	259
shoving	1531
show	347408
showa	278
showbiz	625
showboat	194
showboating	148
showcase	1342
showdown	1306
showed	38007
shower	27901
showered	1107
showerhead	118
showering	905
showers	3412
showgirl	338
showgirls	224
showin	291
showing	25785
showman	371
showmanship	276
shown	13295
showoff	168
showroom	725
shows	35209
showstopper	224
showtime	1874
showy	338
showyou	142
shozo	186
shraga	128
shrank	238
shrapnel	1499
shravan	201
shravani	115
shred	1955
shredded	1194
shredder	2687
shredding	399
shreds	1257
shrek	729
shreveport	220
shrew	619
shrewd	1024
shrews	121
shrewsbury	177
shreya	165
shri	191
shriek	746
shrieking	2613
shrieks	2941
shrill	548
shrimp	5817
shrimps	564
shrine	3457
shrines	273
shrink	6019
shrinkage	136
shrinking	1121
shrinks	907
shrivastav	115
shrivel	301
shriveled	308
shrivelled	125
shrooms	256
shropshire	177
shroud	940
shrouded	502
shrouds	161
shrub	238
shrubbery	189
shrubs	311
shrug	428
shrugged	221
shrunk	957
shrunken	259
shruthi	185
shruti	348
shtick	285
shu	1471
shuang	154
shuck	210
shucks	948
shudder	674
shuddering	871
shudders	776
shue	421
shuffle	1761
shuffleboard	214
shuffled	299
shuffling	736
shug	151
shui	983
shuichi	267
shuji	212
shukla	297
shultz	126
shum	167
shumway	138
shun	1388
shunji	129
shunned	513
shunsuke	132
shunt	390
shura	283
shush	2533
shushan	122
shushes	231
shushing	1165
shuster	177
shut	178378
shutdown	837
shuteye	158
shuts	4213
shutter	4866
shuttered	126
shutters	1614
shutting	3768
shuttle	5321
shuttlecraft	322
shuttlepod	121
shuttles	401
shweta	280
shy	14479
shyam	810
shying	131
shylock	205
shyness	665
shyster	221
si	7588
sia	523
siam	482
siamese	762
sian	315
siang	125
siao	284
siberia	1857
siberian	542
sibley	382
sibling	1075
siblings	2818
sibyl	158
sic	628
sich	123
sichuan	323
sicilian	916
sicilians	217
sicily	1955
sick	108596
sickbay	578
sicken	214
sickened	254
sickening	830
sickens	236
sicker	760
sickest	270
sickle	667
sickles	123
sickly	739
sickness	5834
sicko	643
sickos	165
sid	7095
siddharth	693
siddhartha	351
siddhu	389
side	155667
sidearm	233
sidebar	374
sideboard	295
sideburns	478
sidecar	315
sided	539
sidekick	1811
sidekicks	246
sideline	515
sidelined	239
sidelines	915
sides	14403
sideshow	797
sidestep	143
sideswipe	202
sidetracked	399
sidewalk	2693
sidewalks	388
sideways	2447
sidewinder	217
sidharth	199
sidhu	257
sidi	136
siding	839
sidle	403
sidney	3938
sidonia	215
sidorov	198
sie	1053
sieg	699
siege	2593
siegel	592
siegfried	1979
siempre	145
siena	304
sienna	501
siento	232
sierra	2731
sierras	149
siesta	465
sietch	138
sieve	480
sif	118
sift	395
sifted	127
sifting	359
sifu	332
sig	521
siggy	180
sigh	6086
sighed	244
sighing	8952
sighs	117410
sight	32715
sighted	1246
sighting	1360
sightings	1373
sights	3533
sightseeing	1051
sigi	157
sigil	123
sigma	715
sigmund	600
sign	92512
signage	160
signal	26438
signaled	345
signaling	509
signalled	150
signalling	251
signals	5942
signature	11114
signatures	2448
signboard	126
signe	577
signed	27074
signet	146
significance	2599
significant	7382
significantly	1246
signifies	403
signify	502
signifying	214
signing	7061
signior	154
signor	1901
signora	1792
signore	859
signorina	672
signpost	217
signs	18381
sigrid	376
sigurd	366
sik	324
sikander	358
sikes	511
sikh	373
sikhs	184
sil	509
silas	2163
silence	26053
silenced	1391
silencer	692
silences	415
silencing	149
silencio	149
silene	183
silent	19042
silently	2095
silesia	146
siletti	122
silhouette	870
silhouettes	200
silica	227
silicon	1291
silicone	844
silk	7495
silken	328
silks	380
silkworm	146
silky	821
sill	404
silla	166
sillier	120
silliest	270
silliness	318
silly	40758
silo	774
silos	207
silt	274
silva	1248
silvana	390
silvano	155
silver	23523
silverback	129
silverman	415
silvers	156
silverstein	119
silverstone	141
silverware	1077
silvery	472
silvia	1580
silvie	122
silvio	626
sim	2240
sima	494
simba	450
simcoe	343
simeon	539
simhadri	154
simi	336
simian	230
similar	17016
similarities	1175
similarity	763
similarly	968
simile	136
simla	118
simmer	846
simmering	239
simmi	188
simmonds	127
simmons	2882
simms	1538
simo	189
simon	25165
simona	407
simone	4134
simons	408
simonson	141
simpatico	148
simpering	141
simple	65090
simpler	2844
simplest	1321
simpleton	552
simpletons	132
simplicity	1331
simplified	294
simplify	603
simplistic	353
simply	38100
simpson	5745
simpsons	1001
simran	746
sims	1131
simulate	731
simulated	587
simulates	157
simulating	195
simulation	1584
simulations	493
simulator	547
simultaneous	555
simultaneously	1988
sin	17617
sinai	561
sinaloa	162
sinan	452
sinatra	1477
sinbad	883
since	254427
sincere	5158
sincerely	3900
sincerest	371
sincerity	1829
sinclair	2497
sincro	145
sind	227
sindhu	170
sine	281
sinead	215
sinestro	161
sinew	117
sinews	132
sinful	1583
sing	69575
singapore	2802
singe	178
singed	348
singer	13777
singers	2788
singh	7631
singham	171
singhania	245
singin	911
singing	49144
single	64614
singled	524
singles	1796
singleton	341
sings	7535
singsong	588
singsongy	536
singular	1140
singularity	544
singularly	193
sinha	394
sinister	2633
sink	11400
sinker	364
sinkhole	367
sinking	3924
sinks	1366
sinn	122
sinned	2027
sinner	2660
sinners	2325
sinning	317
sins	9604
sinus	850
sinuses	400
sio	189
siobhan	1685
sion	334
sioux	1057
sip	4212
siphon	391
siphoned	152
siphoning	193
sipowicz	460
sipped	141
sippin	164
sipping	1054
sippy	201
sips	434
sir	619500
sire	7909
sired	281
siree	264
siren	14411
sirena	252
sirens	7854
siri	739
sirius	463
sirloin	305
siro	274
sirrah	159
sirree	362
sirs	1724
sis	100000
sisi	203
sisko	780
sissi	280
sissie	123
sissies	395
sissy	2779
sister	154095
sisterhood	652
sisterly	147
sisters	19817
sistine	351
sisyphus	224
sit	198149
sita	1507
sitar	274
sitara	141
sitch	185
sitcom	911
sitcoms	206
site	22834
sites	4884
sith	284
sitrep	225
sits	7016
sitter	1305
sitters	119
sittin	1986
sitting	64521
situ	177
situated	803
situation	66029
situational	121
situations	5693
sitwell	119
siu	1358
siv	162
siva	451
sivaji	130
six	124087
sixer	157
sixers	172
sixes	624
sixpence	566
sixteen	3792
sixteenth	325
sixth	7566
sixties	569
sixty	3216
siya	299
sizable	461
size	32841
sizeable	375
sized	660
sizes	1974
sizing	221
sizzle	522
sizzler	206
sizzles	307
sizzling	1774
sjust	653
sk	156
ska	172
skaar	830
skander	122
skank	1321
skanks	326
skanky	423
skate	2753
skateboard	1176
skateboarding	501
skateboards	195
skated	287
skater	833
skaters	421
skates	1767
skating	2750
skedaddle	438
skeet	386
skeeter	489
skeffington	171
skeletal	385
skeleton	3558
skeletons	1700
skeletor	150
skelter	165
skelton	166
skeptic	352
skeptical	1278
skepticism	381
skeptics	243
sketch	5146
sketchbook	184
sketched	347
sketches	2002
sketching	449
sketchy	1095
skewed	213
skewer	315
skewered	177
skewers	163
ski	4862
skid	1212
skidded	212
skidding	222
skids	334
skied	166
skier	315
skiers	211
skies	5846
skiff	247
skiing	2736
skilful	300
skill	8447
skilled	2958
skillet	349
skillful	655
skillfully	232
skilling	142
skills	16100
skim	679
skimmed	369
skimmer	131
skimmerhorn	120
skimming	615
skimp	228
skimpy	299
skin	36861
skinflint	153
skinhead	408
skinheads	368
skinned	957
skinner	2167
skinnier	214
skinning	252
skinny	7719
skins	1730
skint	358
skip	11977
skipped	3588
skipper	4218
skipping	2250
skippy	612
skips	942
skirmish	370
skirmishes	211
skirt	7161
skirting	169
skirts	1913
skis	1208
skit	350
skitter	168
skitters	277
skittish	361
skittles	358
skivvies	181
skjern	190
skoda	168
skokie	140
skol	154
skouras	130
skrill	294
skrull	124
skulk	130
skulking	422
skull	13299
skullion	287
skulls	1943
skunk	2036
skunks	273
skupin	302
skwisgaar	210
sky	39986
skydiver	169
skydiving	564
skye	1559
skyfury	127
skylar	716
skylark	218
skyler	676
skylight	542
skyline	528
skynet	355
skynyrd	131
skype	918
skyrocket	220
skyrocketed	171
skyrocketing	150
skyscraper	561
skyscrapers	567
skywalker	775
sl	452
slab	1265
slabs	309
slack	3515
slacker	463
slackers	254
slacking	555
slacks	567
slade	1933
slag	1289
slags	167
slain	1552
slaine	114
slalom	158
slam	4360
slammed	2237
slammer	788
slammin	155
slamming	1676
slams	6100
slander	1484
slandered	254
slandering	200
slanderous	199
slanders	115
slang	1067
slant	453
slanted	214
slap	10977
slapped	3911
slapper	200
slapping	1642
slappy	248
slaps	1335
slapstick	150
slash	2347
slashed	1298
slasher	702
slashes	231
slashing	540
slate	2423
slated	211
slater	2057
slates	147
slats	237
slattery	315
slaughter	4562
slaughtered	2953
slaughterhouse	996
slaughtering	593
slaughters	144
slauson	137
slav	211
slava	297
slave	14888
slaved	329
slaver	205
slavers	214
slavery	3433
slaves	8828
slavic	306
slaving	540
slavs	224
slaw	298
slay	2005
slayed	257
slayer	1870
slayers	337
slaying	616
slays	161
slayton	127
sleaze	377
sleazebag	208
sleazeball	114
sleazy	1207
sled	1268
sledding	229
sledge	1024
sledgehammer	547
sleds	143
sleek	500
sleep	168103
sleeper	1711
sleepers	419
sleepin	509
sleeping	50357
sleepless	1362
sleepover	1389
sleepovers	274
sleeps	6022
sleepwalk	206
sleepwalker	268
sleepwalking	992
sleepy	6175
sleepyhead	481
sleet	1119
sleeve	3992
sleeveless	145
sleeves	2336
sleigh	1950
sleight	324
slender	966
slept	27077
sleuth	236
sleuthing	149
sleuths	129
slew	667
slice	6625
sliced	1736
slicer	176
slices	1545
slicing	883
slick	3098
slicker	277
slid	1008
slide	9324
slider	394
sliders	291
slides	1926
sliding	2273
slight	6937
slighted	152
slightest	4906
slightly	11474
slim	5093
slimane	152
slime	1893
slimeball	222
slimmer	244
slimming	281
slimy	1657
sling	1448
slinging	472
slings	284
slingshot	647
slink	414
slinking	122
slinky	298
slip	15773
slipped	10931
slipper	1129
slippers	3261
slippery	3317
slippin	181
slipping	3784
slippy	117
slips	2466
slipstream	585
slit	3396
slitheen	135
slither	254
slithering	221
slits	303
slitting	175
sliver	443
sloan	2319
sloane	1927
slob	1372
slobber	227
slobbering	309
slobs	324
slocombe	118
slocum	193
slog	288
slogan	1879
slogans	803
slogging	135
sloop	177
slop	1001
slope	2271
slopes	1086
sloping	195
sloppy	3726
sloshed	260
sloshes	129
sloshing	415
slot	2985
slote	147
sloth	694
sloths	140
slots	743
slouch	359
slouching	164
slough	280
slovak	384
slovakia	315
slovenia	272
slovenian	142
slovenly	139
slow	50276
slowdown	115
slowed	1686
slower	3792
slowest	424
slowing	2586
slowly	27121
slowpoke	227
slows	1284
slpowlcz	286
sls	115
sludge	551
slug	2606
slugged	372
slugger	492
slugging	208
sluggish	473
slugs	1290
sluice	483
slum	1166
slumber	1748
slumbers	125
slumming	501
slump	705
slumped	289
slums	1044
slung	222
slur	325
slurp	397
slurpee	149
slurping	1399
slurps	869
slurred	330
slurring	749
slurry	166
slurs	236
slush	582
slushy	148
slut	9463
sluts	1310
slutty	1389
sly	3034
sm	701
smack	5434
smackdown	163
smacked	1099
smackers	192
smacking	844
smacks	940
small	112316
smaller	11897
smallest	3223
smallhausen	208
smallpox	1205
smalls	587
smallville	954
smarmy	182
smart	60397
smartass	708
smarten	331
smarter	7236
smartest	2904
smartly	267
smartness	170
smartphone	359
smartphones	139
smarts	722
smarty	492
smash	8631
smashed	6240
smasher	203
smashes	828
smashing	3408
smattering	143
smear	1576
smeared	908
smearing	265
smears	220
smee	280
smeg	129
smell	56399
smelled	4491
smelling	3127
smells	20103
smelly	2497
smelt	900
smelting	196
smidge	248
smidgen	134
smile	43295
smiled	3688
smiler	120
smiles	4756
smiley	2115
smilin	216
smiling	12580
smilingly	127
smirk	528
smirking	286
smite	447
smith	23799
smithereens	430
smithers	716
smithfield	149
smiths	417
smithson	132
smithsonian	527
smithy	479
smitten	877
smitty	1079
smoak	123
smock	307
smog	645
smoke	43421
smoked	5410
smokehouse	158
smoker	1216
smokers	589
smokes	3201
smokescreen	369
smokey	1039
smokin	1098
smoking	18610
smoky	925
smoldering	381
smolensk	135
smollett	130
smooch	432
smooches	561
smooching	358
smoot	116
smooth	11036
smoothed	220
smoother	637
smoothest	169
smoothie	1138
smoothies	395
smoothing	182
smoothly	2704
smoothness	122
smorgasbord	209
smote	141
smother	843
smothered	796
smothering	434
smothers	118
smouldering	149
sms	694
smudge	786
smudged	369
smudges	240
smug	1952
smuggle	1798
smuggled	1906
smuggler	1213
smugglers	1017
smuggles	150
smuggling	3498
smurf	1382
smurfette	259
smurfs	392
smush	128
smushed	122
smut	478
smutty	145
smyth	142
smythe	515
sn	244
snack	6163
snacking	237
snacks	4056
snafu	240
snag	1066
snagged	611
snags	179
snail	1515
snails	1221
snake	17335
snakebite	193
snaked	127
snakes	6431
snakeskin	170
snaking	122
snap	10881
snapchat	335
snape	217
snapped	3514
snapper	515
snapping	2075
snapple	119
snappy	1449
snaps	4231
snapshot	615
snapshots	372
snare	707
snared	137
snares	283
snarf	131
snark	151
snarky	240
snarl	299
snarling	4319
snarls	1543
snart	250
snatch	3114
snatched	2626
snatcher	355
snatchers	260
snatches	281
snatching	617
snazzy	370
snc	143
sneak	10416
sneaked	1142
sneaker	393
sneakers	2122
sneakin	139
sneaking	5148
sneaks	783
sneaky	2747
sneer	351
sneering	187
sneeze	1805
sneezed	546
sneezes	1651
sneezing	957
sneha	232
snell	254
snicker	208
snickering	1015
snickers	1674
snide	373
snider	121
sniff	3100
sniffed	501
sniffer	403
sniffing	4795
sniffle	180
sniffles	6491
sniffling	1835
sniffs	6450
snifter	126
snigger	116
sniggering	232
sniggers	282
snip	892
snipe	425
sniper	4285
snipers	1414
snipes	202
sniping	249
snipped	150
snipping	126
snippy	292
snips	156
snitch	2888
snitched	375
snitches	359
snitching	300
sniveling	450
snivelling	202
snively	167
snl	134
snob	1394
snobbery	139
snobbish	209
snobby	262
snobs	415
snodgrass	134
snog	269
snogging	226
snook	183
snooker	603
snooki	251
snooks	126
snoop	1911
snooper	163
snooping	2142
snoopy	653
snoot	178
snooty	424
snooze	734
snoozing	118
snore	1311
snored	182
snores	1248
snoring	5718
snorkel	290
snorkeling	206
snorri	129
snort	1018
snorted	265
snorting	1776
snorts	2598
snot	1583
snotlout	577
snotty	610
snout	880
snouts	143
snow	26308
snowball	1183
snowballs	294
snowboard	228
snowboarding	398
snowden	449
snowed	823
snowfall	342
snowflake	683
snowflakes	463
snowing	1874
snowman	1251
snowmen	211
snowmobile	357
snowmobiles	126
snowplow	172
snows	699
snowshoes	135
snowstorm	605
snowy	1299
snp	197
snub	258
snubbed	223
snuck	3481
snuff	1343
snuffed	396
snuffy	145
snufkin	169
snug	865
snuggle	809
snuggled	151
snuggles	136
snuggling	181
snuggly	115
snyder	822
so	3434152
soak	2296
soaked	2976
soaking	1833
soaks	187
soames	1126
soap	9811
soapbox	192
soaps	612
soapy	481
soar	1198
soared	383
soaring	1009
soars	287
sob	1365
soba	334
sobbed	124
sobbing	16648
sober	8569
sobered	324
sobering	312
sobriety	992
sobs	6875
soc	185
soccer	8169
sochi	123
sociable	671
social	28990
socialise	160
socialising	126
socialism	1349
socialist	2430
socialists	617
socialite	326
socialize	621
socialized	124
socializing	423
socially	1799
societal	242
societies	1237
society	30208
socioeconomic	114
sociological	199
sociologist	149
sociology	558
sociopath	1162
sociopathic	237
sociopaths	212
sock	4440
socked	254
socket	1111
sockets	489
socks	9361
soco	207
socrates	1060
sod	2484
soda	9472
sodas	786
sodding	486
sodium	1747
sodom	729
sodomite	146
sodomized	211
sodomy	485
sods	208
soe	188
sofa	5198
sofas	268
sofi	177
sofia	4671
sofie	737
soft	26642
softball	1316
soften	1264
softened	452
softener	258
softening	261
softens	186
softer	1524
softest	298
softie	355
softly	10462
softness	414
software	5205
softy	316
soggy	827
sogo	144
sohn	174
soho	1173
soi	118
soil	9166
soiled	818
soiling	148
soils	345
soir	331
soiree	443
sojourn	157
soju	584
sokar	156
sokka	353
sokolov	134
sol	2766
sola	126
solace	1123
solana	183
solange	534
solano	457
solar	8753
solaris	208
solarium	194
sold	40796
soldats	140
solder	154
soldering	183
soldier	29719
soldiering	262
soldiers	32098
sole	5438
soledad	459
soleil	404
solely	1869
solemn	2208
solemnity	122
solemnly	1289
soles	865
solicit	347
solicitation	459
solicited	193
soliciting	519
solicitor	2437
solicitors	449
solid	15581
solidarity	1811
solider	220
solidified	192
solidify	200
solidly	178
solids	348
soliloquy	121
solis	409
solitaire	535
solitary	3522
solitude	2395
solloway	197
solly	476
solo	7703
soloist	341
solomon	3304
solon	199
solos	457
solovyov	269
solstice	632
solution	17830
solutions	2183
solve	19166
solved	9703
solveig	168
solvent	481
solvents	119
solver	169
solves	979
solving	2804
som	492
soma	367
somali	430
somalia	572
somber	1404
sombre	356
sombrero	349
some	1166914
somebody	171596
someday	18800
somehow	34291
someone	401162
someones	228
someplace	12156
somepony	136
somers	271
somersault	375
somersaults	211
somerset	505
someth	181
somethin	12242
something	1038638
somethings	545
sometime	17142
sometimes	128779
someting	214
someway	186
somewhat	6901
somewhere	92265
somewheres	311
somme	278
sommelier	186
sommer	175
sommers	378
son	325997
sona	446
sonali	208
sonar	1867
sonata	593
sondra	551
sone	178
song	86877
songbird	322
songs	20215
songwriter	793
songwriters	200
songwriting	291
songyang	182
soni	207
sonia	5903
sonic	7293
soniya	136
soniyo	135
sonja	2063
sonna	129
sonnet	357
sonnets	223
sonny	9017
sono	546
sonofabitch	355
sonogram	278
sonoko	149
sonoma	157
sonora	235
sons	16815
sont	199
sontag	209
sontaran	119
sonu	336
sony	872
sonya	2423
soo	5182
sood	153
sook	1189
sookie	1669
soon	213279
sooner	25236
soonest	182
soong	260
sooni	136
sooo	207
sooraj	160
soos	259
soot	695
sooth	119
soothe	912
soothed	138
soothes	290
soothing	1397
soothsayer	191
sooty	145
sop	217
soph	608
sophia	5202
sophie	12437
sophisticated	5518
sophistication	667
sophocles	151
sophomore	1512
sophomores	158
soppy	255
soprano	975
sopranos	240
sor	491
sora	1701
sorata	159
soraya	390
sorbet	254
sorbonne	433
sorcerer	1594
sorcerers	324
sorceress	785
sorcery	779
sordid	1354
sore	8113
sorel	157
sorely	617
soren	493
sorensen	124
sorenson	410
sores	707
soriano	176
sororities	121
sorority	1707
sorr	138
sorrel	225
sorrento	203
sorrier	213
sorriest	133
sorrow	7354
sorrowful	495
sorrows	2417
sorry	1500000
sors	152
sort	117267
sorta	1514
sorted	4711
sortie	185
sorting	1580
sorts	8835
sory	1274
sos	800
sosa	356
soso	135
sosuhno	253
sosuke	147
sot	182
sotheby	181
soto	727
sotto	209
sou	725
souffle	466
sought	4357
soul	58677
soulful	596
soulless	559
soulmate	397
soulmates	141
souls	11454
sound	105298
sounded	12385
sounder	219
sounding	3642
soundly	656
soundproof	316
sounds	109140
soundtrack	860
soundwave	168
soup	21202
soups	421
soupy	155
sour	4765
source	20892
sourced	202
sources	6166
sourdough	229
soured	148
sourpuss	281
sous	638
sousa	348
south	50364
southall	293
southampton	617
southbound	432
southeast	2287
southeastern	241
southerly	194
southern	10300
southerner	225
southerners	397
southernmost	126
southfork	603
southie	138
southland	248
southouse	120
southpaw	172
southside	272
southward	135
southwell	128
southwest	2144
southwestern	263
souvenir	3298
souvenirs	1194
souza	329
sovereign	2279
sovereigns	287
sovereignty	752
soviet	8894
soviets	1852
sow	2052
sowed	283
sowing	435
sown	494
sows	220
sox	1101
soy	2722
soya	371
soybean	251
soybeans	228
soyou	145
soyuz	159
sp	877
spa	4235
space	64991
spacecraft	2249
spaced	660
spaceiy	232
spaceman	511
spacemen	134
spaceport	176
spaces	2490
spaceship	3893
spaceships	550
spacesuit	232
spacetime	127
spacey	194
spacing	356
spacious	833
spackle	143
spade	1796
spades	1679
spaghetti	4322
spain	12200
spake	219
spalding	306
spam	1224
span	1862
spandex	364
spangled	137
spangler	280
spaniard	837
spaniards	1132
spaniel	449
spanish	27061
spank	1695
spanked	656
spanking	1223
spanky	466
spanned	124
spanner	543
spanning	217
spans	370
spanx	219
spar	574
spare	26393
spared	3851
spares	487
sparing	696
sparingly	156
spark	4765
sparked	666
sparking	415
sparkle	1875
sparkler	180
sparklers	243
sparkles	641
sparkling	2004
sparkly	684
sparks	2567
sparky	1368
sparring	812
sparrow	2077
sparrows	567
sparse	303
sparta	625
spartacus	1337
spartan	1177
spartans	500
spas	196
spasm	552
spasms	479
spassky	174
spastic	332
spat	1414
spate	194
spatial	609
spats	326
spatter	1024
spattered	119
spatula	473
spaulding	377
spawn	1010
spawned	412
spawning	290
spaz	529
spazer	210
speak	150927
speakeasy	298
speaker	7343
speakerphone	458
speakers	2925
speakin	197
speaking	82769
speaks	22181
spear	3554
spearhead	309
spearheaded	143
spearmint	138
spears	2110
spec	713
special	110344
specialise	271
specialised	452
specialises	185
specialist	5230
specialists	1428
speciality	801
specialization	138
specialize	984
specialized	1264
specializes	858
specializing	387
specially	3428
specials	1125
specialties	370
specialty	3690
species	14775
specific	13708
specifically	8092
specifications	573
specifics	1203
specified	641
specifies	115
specify	660
specimen	2599
specimens	1405
speck	1144
speckled	177
specks	295
specs	1411
spectacle	2273
spectacles	851
spectacular	5523
spectacularly	389
spectator	817
spectators	1441
specter	785
spector	532
spectra	199
spectral	335
spectre	333
spectrometer	222
spectrum	1898
speculate	1247
speculated	315
speculating	555
speculation	2536
speculations	274
speculative	327
speculators	178
sped	603
spee	124
speech	26393
speeches	3379
speechless	1633
speed	34794
speedboat	409
speeded	169
speedily	124
speeding	3336
speedo	314
speedometer	209
speedos	153
speeds	1786
speedster	266
speedway	287
speedy	1762
speer	275
spell	20592
spellbound	282
spelled	1911
speller	140
spelling	2531
spellman	332
spells	3697
spelt	451
spence	2342
spencer	8387
spend	66119
spender	597
spending	17255
spends	4198
spendthrift	114
spenser	226
spent	55836
speranza	135
sperm	5741
sperms	153
sperry	149
spew	418
spewed	214
spewing	456
spf	123
sphere	2032
spheres	593
spherical	245
sphincter	366
sphinx	900
spic	380
spice	3685
spiced	330
spicer	321
spices	1495
spick	136
spics	160
spicy	3897
spider	8488
spiderman	723
spiders	2933
spidey	574
spied	828
spiegel	134
spiel	278
spielberg	658
spies	5116
spiffy	235
spigot	147
spike	7140
spiked	1101
spikes	1319
spiking	400
spiky	304
spill	6182
spilled	4158
spiller	186
spilling	1571
spills	723
spilt	768
spin	10980
spina	136
spinach	1573
spinal	2549
spindle	219
spine	4115
spineless	781
spinelli	157
spines	432
spinks	141
spinner	468
spinners	157
spinnin	170
spinning	6603
spinoza	177
spins	1384
spinster	698
spinsters	126
spiny	179
spiral	2259
spiraled	133
spiraling	316
spirals	274
spire	249
spires	245
spirit	39556
spirited	997
spirits	12381
spiritual	7910
spiritualism	152
spiritualist	194
spirituality	581
spiritually	738
spiritus	459
spiro	391
spiros	161
spit	12399
spitballing	118
spite	6131
spiteful	581
spitfire	450
spitfires	146
spits	2734
spitter	319
spittin	174
spitting	2841
spittle	164
spittoon	137
spitz	303
spitzer	223
spivak	139
spivey	182
splash	3607
splashed	670
splashes	808
splashing	1852
splashy	119
splat	751
splatter	551
splattered	473
splattering	173
splatters	121
spleen	1576
splendid	8020
splendidly	475
splendor	749
splendour	446
splenic	155
splice	238
spliced	200
splicing	169
spliff	283
splint	414
splinter	2003
splintered	229
splintering	138
splinters	631
splints	144
split	27273
splits	1083
splitter	138
splitting	3014
splurge	291
spluttering	208
splutters	425
spock	3996
spode	142
spoil	8079
spoiled	5953
spoiler	638
spoilers	222
spoiling	1664
spoils	1603
spoilsport	284
spoilt	1600
spokane	284
spoke	34035
spoken	17993
spokes	336
spokesman	1129
spokesperson	648
spoleto	129
sponge	2968
spongebob	406
sponges	555
sponging	181
spongy	211
sponsor	3818
sponsored	1785
sponsoring	521
sponsors	1503
sponsorship	505
spontaneity	403
spontaneous	2580
spontaneously	825
spoof	198
spook	1323
spooked	1506
spooking	153
spooks	495
spooky	2753
spool	252
spools	117
spoon	5540
spooner	324
spoonful	481
spoonfuls	124
spooning	291
spoons	1496
sporadic	254
spore	175
spores	702
spork	163
sport	12131
sporting	2249
sports	16468
sportscaster	180
sportscenter	138
sportsman	530
sportsmanship	291
sportsmen	209
sportswear	131
sporty	578
spot	43079
spotless	992
spotlight	2897
spotlights	191
spots	7006
spotted	7664
spotter	528
spotters	209
spotting	735
spotty	525
spousal	315
spouse	1715
spouses	640
spout	797
spouting	698
sprague	161
sprain	679
sprained	1243
sprang	606
sprat	127
spratt	218
sprawl	216
sprawled	205
sprawling	265
spray	6639
sprayed	1224
spraying	1161
sprays	426
spread	25291
spreader	195
spreading	6072
spreads	2284
spreadsheet	259
spreadsheets	179
sprechen	170
spree	1722
sprees	119
sprig	138
sprightly	146
spring	25184
springboard	183
springer	867
springfield	2060
springing	477
springs	5108
springsteen	494
springtime	926
springy	133
sprinkle	1078
sprinkled	478
sprinkler	560
sprinklers	575
sprinkles	749
sprinkling	245
sprint	1072
sprinter	209
sprinting	217
sprints	196
sprite	446
sprites	157
spritz	186
spritzer	206
sprocket	196
sprout	955
sprouted	332
sprouting	322
sprouts	1055
spruce	803
spruced	124
sprucing	114
sprung	1580
spry	209
spud	600
spuds	293
spun	1403
spunk	822
spunky	333
spur	1102
spurious	180
spurn	203
spurned	304
spurred	255
spurs	940
spurt	423
spurting	147
spurts	156
sputnik	326
sputtering	1268
sputters	789
sputum	147
spy	17251
spyder	203
spyglass	137
spying	5147
spyros	157
spyware	194
sq	237
squab	197
squabble	431
squabbles	226
squabbling	373
squad	17220
squadron	3224
squadrons	478
squads	989
squalid	322
squall	204
squalor	371
squander	533
squandered	487
squandering	245
squanto	230
square	24077
squared	1757
squarely	359
squares	1726
squaring	150
squash	2527
squashed	1020
squashing	206
squashy	123
squat	2412
squatch	115
squats	274
squatted	116
squatter	308
squatters	461
squatting	656
squaw	539
squawk	852
squawking	2613
squawks	1239
squeak	1678
squeaked	115
squeaking	4079
squeaks	2485
squeaky	1164
squeal	3715
squealed	372
squealer	224
squealing	5449
squeals	2626
squeamish	564
squeegee	138
squeeze	9291
squeezed	1968
squeezes	310
squeezing	1660
squeezy	116
squelch	174
squelching	312
squid	2444
squids	211
squiggly	177
squint	534
squinting	183
squints	116
squire	2046
squires	265
squirm	551
squirming	475
squirrel	3785
squirrelly	233
squirrels	1553
squirt	1964
squirted	195
squirting	346
squirtle	122
squirts	350
squish	725
squished	301
squishing	492
squishy	532
sr	412
sri	1278
srivastav	163
srjanapala	474
srt	309
srtfever	133
sru	175
ss	3396
ssh	1678
sshh	293
ssi	161
ssr	133
sss	190
sssh	352
st	11375
sta	420
stab	7907
stabbed	9824
stabbing	2663
stabbings	159
stabilise	226
stabilised	192
stability	2103
stabilization	138
stabilize	1246
stabilized	1012
stabilizer	280
stabilizers	236
stabilizing	463
stable	10690
stabler	1187
stables	2085
stabs	655
stace	515
stacee	117
stacey	3021
stach	137
stache	178
staci	223
stacie	324
stack	4345
stacked	1549
stackhouse	461
stacking	624
stacks	1057
stacy	3900
stadium	4924
stadiums	289
staff	27397
staffan	114
staffed	245
staffer	191
staffers	204
staffing	182
stafford	826
staffs	234
stag	1709
stage	42074
stagecoach	587
staged	2160
stages	3075
stagg	246
stagger	429
staggered	460
staggering	1457
staggers	152
staging	1379
stagnant	353
stagnation	144
stags	145
stahl	590
stahma	115
stahr	129
stain	4407
stained	1814
staines	160
staining	264
stainless	503
stains	2665
stair	541
staircase	2183
staircases	159
stairs	17597
stairway	966
stairwell	1301
stairwells	139
stake	12356
staked	1006
stakeout	1260
stakeouts	187
stakes	3673
staking	698
stalag	840
stale	1714
stalemate	460
stalin	3385
stalingrad	683
stalinist	129
stalk	1335
stalked	1020
stalker	3202
stalkers	339
stalking	4300
stalks	526
stall	5456
stalled	1010
stalling	2190
stallion	1399
stallions	297
stallone	397
stalls	1066
stalwart	196
stamford	252
stamina	1228
stammer	334
stammering	3395
stammers	2987
stamos	151
stamp	5478
stamped	1394
stampede	908
stampeding	124
stamper	231
stamping	468
stamps	3140
stan	15106
stance	1998
stances	222
stand	155391
standard	12762
standardized	278
standards	5733
standby	2371
standin	604
standing	57866
standings	118
standish	443
standoff	573
standoffish	145
standout	172
standpoint	818
stands	15856
standstill	700
standup	331
stanfield	215
stanford	2289
stangerson	141
stanhope	341
stanislas	137
stanislav	262
stanislaw	162
stank	680
stanley	10305
stannis	247
stansfield	157
stanton	2494
stanwyck	116
stanza	146
staph	233
staple	911
stapled	223
stapler	642
staples	671
stapleton	362
star	60903
starbase	271
starboard	2784
starbuck	1409
starbucks	1181
starburst	291
starch	649
starched	178
starchy	125
stardate	854
stardom	465
stardust	690
stare	7782
stared	1967
stares	1160
starfighter	176
starfire	323
starfish	603
starfleet	2739
stargate	1956
stargates	124
stargazer	166
stargazing	131
starin	168
staring	17630
stark	5756
starkey	333
starks	298
starkwood	126
starla	239
starlet	344
starlets	120
starlight	948
starling	1017
starlings	154
starr	977
starred	489
starring	3735
starry	800
stars	35549
starscream	426
starship	1680
starships	235
starsk	160
starsky	921
starstruck	114
start	256417
started	154345
starter	1811
starters	2892
startin	798
starting	55979
startle	1000
startled	2208
startling	1044
starts	41012
startup	323
starvation	1591
starve	5194
starved	2556
starves	179
starvin	144
starving	12075
stas	278
stash	4061
stashed	1959
stashes	124
stashing	173
stasi	301
stasis	967
stat	1784
state	80818
stated	3054
statehood	127
stately	432
statement	22990
statements	5407
staten	1021
stateroom	310
states	34128
stateside	441
statesman	425
statesmen	215
statewide	239
statham	151
static	6174
stating	1547
station	68571
stationary	820
stationed	2390
stationery	690
stationmaster	195
stations	7913
statistic	431
statistical	648
statistically	937
statistics	2399
stats	1242
statue	9214
statues	2610
statuette	212
stature	1048
status	12743
statute	1425
statutes	408
statutory	570
stauffenberg	299
staunch	284
stave	259
stavros	531
stax	186
stay	378726
stayed	28309
stayin	818
staying	47241
stays	14944
std	724
stds	291
ste	303
stead	643
steadfast	420
steadily	1443
steadman	420
steady	14241
steak	9450
steakhouse	345
steaks	2240
steal	41720
stealer	278
stealin	213
stealing	19327
steals	3315
stealth	1652
stealthily	328
stealthy	346
steam	8179
steamboat	314
steamed	1419
steamer	812
steamers	173
steaming	1230
steamroller	194
steamship	295
steamy	564
stearns	148
stebbins	135
steckler	188
stedman	159
steed	3754
steeds	124
steel	13177
steele	3740
steelers	169
steelworks	137
steely	335
steen	164
steep	2484
steeped	372
steeper	207
steeple	348
steer	3892
steerage	165
steered	517
steering	3462
steerpike	124
steers	375
stef	864
stefan	5504
stefani	249
stefania	286
stefanie	143
stefano	1206
stefanos	115
steffen	161
steffi	210
stegman	231
stegosaurus	118
stein	2246
steinar	190
steinbeck	126
steinberg	316
steinbrenner	119
steinem	114
steiner	1134
steinmetz	201
steinway	118
stele	116
stelios	129
stell	223
stella	6811
stellar	1026
stem	2716
stemmed	140
stemming	166
stems	862
sten	368
stench	2102
stencil	167
stenographer	331
stenosis	123
stent	326
step	84882
stepan	496
stepanovich	130
stepbrother	407
stepdad	845
stepdaughter	576
stepfather	2237
stepford	225
steph	2212
stephan	679
stephane	198
stephanie	5664
stephano	150
stephen	13069
stephens	2169
stephenson	257
stephie	183
stepladder	165
stepmom	477
stepmother	2012
steppe	410
stepped	9454
steppes	245
steppin	282
stepping	5562
steps	18492
stepsister	301
stepson	652
stereo	3271
stereos	203
stereotype	818
stereotypes	595
stereotypical	215
sterile	1609
sterility	169
sterilization	218
sterilize	417
sterilized	369
sterling	2714
stern	3353
sternal	122
sternberg	141
sternly	127
sternum	494
steroid	443
steroids	2254
stethoscope	546
stetson	677
steve	40377
steven	13772
stevens	4139
stevenson	1009
stevie	5568
stevo	142
stew	4786
steward	1755
stewardess	1173
stewardesses	271
stewards	287
stewart	5670
stewed	475
stewey	236
stewie	1773
stewing	212
stews	138
sthe	155
sti	225
stian	438
stick	60548
sticker	1767
stickers	1199
stickin	242
sticking	8873
stickler	531
sticks	8989
stickup	336
sticky	4063
stiff	6620
stiffed	272
stiffen	177
stiffer	166
stiffness	188
stiffs	488
stiffy	181
stifle	423
stifled	572
stifler	284
stifles	146
stifling	624
stig	1695
stigma	532
stigmata	158
stil	224
stiles	1697
stiletto	304
stilettos	213
stilgar	131
stilinski	153
still	639540
stillborn	298
stilled	115
stiller	351
stillman	404
stillness	484
stills	639
stillson	307
stillwater	221
stillwell	228
stilton	230
stilts	389
stimulant	377
stimulants	232
stimulate	1118
stimulated	547
stimulates	384
stimulating	1197
stimulation	940
stimulator	144
stimuli	441
stimulus	557
stina	171
stine	255
sting	5035
stinger	659
stingers	293
stinging	573
stingray	352
stings	1478
stingy	1536
stink	7891
stinker	684
stinkers	121
stinkin	748
stinking	4277
stinks	7323
stinky	2764
stinson	254
stint	699
stipe	162
stipend	400
stippling	153
stipulate	238
stipulated	288
stipulates	161
stipulation	186
stir	4611
stirling	625
stirred	1627
stirring	2356
stirrup	187
stirrups	258
stirs	658
stitch	3297
stitched	1057
stitches	3290
stitching	808
stix	191
sto	317
stock	16373
stockade	426
stockbroker	538
stocked	893
stockholder	231
stockholders	598
stockholm	2408
stocking	1484
stockings	2455
stockman	242
stockpile	367
stockpiling	200
stockroom	221
stocks	2895
stockton	701
stockwell	272
stocky	286
stoddard	344
stoffer	127
stoic	329
stoick	179
stoke	606
stoked	978
stoker	570
stokes	2122
stoking	148
stole	39897
stolen	29618
stoli	115
stoller	191
stomach	25500
stomachache	567
stomachs	1030
stomp	1434
stomped	570
stomping	1039
stomps	201
stone	37203
stonebridge	237
stoned	3328
stonehaven	148
stonehenge	755
stoneman	143
stonemason	127
stoner	799
stoners	162
stones	12006
stonewall	353
stonewalling	180
stoney	362
stoning	178
stony	567
stood	20827
stooge	554
stooges	697
stool	2756
stoolbend	152
stoolie	156
stools	477
stoop	1530
stooped	264
stooping	139
stop	574016
stoplight	194
stopover	237
stoppage	127
stopped	60200
stopper	299
stoppin	211
stopping	14667
stops	23086
stopwatch	456
storage	7281
store	51492
stored	3113
storefront	245
storehouse	388
storekeeper	160
storeroom	1043
stores	6488
storey	286
storeys	230
storied	153
stories	34792
storing	745
stork	894
storks	260
storm	25143
stormed	1306
stormer	129
stormfly	169
storming	761
storms	3101
stormtrooper	140
stormtroopers	155
stormy	1483
story	164040
storyboard	155
storyboards	136
storybook	388
storybrooke	503
storyline	266
storyteller	631
storytellers	163
storytelling	532
stosh	120
stottlemeyer	266
stout	904
stove	4739
stover	151
stoves	300
stow	755
stowaway	598
stowaways	218
stowe	223
stowed	449
stoy	305
str	221
strada	117
straddle	178
straddling	201
stradivarius	204
stragglers	319
straight	87378
straightaway	1403
straighten	5039
straightened	1695
straightening	416
straighter	264
straightforward	2305
straightjacket	136
straights	205
strain	4683
strained	1372
strainer	134
straining	2067
strains	1094
strait	545
straitjacket	427
straits	735
straker	344
strand	1453
stranded	2558
strands	725
strang	185
strange	76863
strangely	3612
strangeness	235
stranger	18791
strangers	11621
strangest	2021
strangle	2996
strangled	4011
stranglehold	165
strangler	765
strangles	259
strangling	894
strangulation	900
strap	3171
strapless	175
strapped	2057
strapping	561
straps	994
strasbourg	340
strasse	144
strasser	196
strata	208
stratagem	164
strategic	2775
strategically	556
strategies	1222
strategist	486
strategize	304
strategizing	118
strategy	10205
stratford	305
stratos	245
stratosphere	351
stratton	553
strauss	1554
stravinsky	198
straw	5179
strawberries	2101
strawberry	3587
straws	1291
stray	3796
strayed	732
straying	233
strays	611
streak	3011
streaked	132
streaking	236
streaks	436
stream	6688
streamed	141
streamers	298
streaming	1225
streamline	183
streamlined	310
streams	1503
streep	356
street	98007
streetcar	588
streetlight	227
streetlights	200
streets	26067
streetwalker	156
streisand	407
strenght	185
strength	32950
strengthen	1837
strengthened	569
strengthening	407
strengthens	347
strengths	1345
strenuous	532
strep	345
stress	13446
stressed	5544
stresses	445
stressful	2725
stressing	954
stretch	10667
stretched	2607
stretcher	1585
stretchers	206
stretches	1309
stretching	2295
stretchy	168
strewn	427
striations	247
stricken	841
strickland	745
strict	6747
stricter	192
strictest	377
strictly	6823
stride	1274
strident	115
strider	137
strides	593
striding	156
strife	1044
strigoi	207
strike	30801
striker	686
strikers	381
strikes	7107
striking	3872
strikingly	165
strindberg	262
string	9786
stringent	191
stringer	721
stringfellow	156
stringing	472
strings	6661
stringy	249
strip	11481
stripe	820
striped	862
stripes	2856
stripped	2995
stripper	3741
strippers	1515
stripping	1285
strips	1398
striptease	520
stripy	118
strive	1558
strives	202
striving	682
strix	124
strobe	228
strode	194
stroganoff	201
stroh	320
stroke	9508
stroked	383
strokes	1812
stroking	565
stroll	3311
strolled	259
stroller	801
strollers	140
strolling	945
strolls	215
strom	204
stromberg	132
strong	80501
strongarm	165
strongbox	151
stronger	19713
strongest	5442
stronghold	985
strongholds	122
strongly	5326
strongman	229
strontium	152
stroud	335
struan	136
struck	12749
strucker	118
structural	1274
structurally	210
structure	9302
structured	530
structures	2354
strudel	475
struggle	14736
struggled	2903
struggles	1782
struggling	8148
strum	241
strumming	535
strumpet	259
strums	291
strung	1663
strut	860
struthers	145
struts	276
strutting	460
strychnine	405
stryker	515
stu	3294
stuart	7032
stub	696
stubb	196
stubbed	160
stubble	321
stubborn	10738
stubbornly	232
stubbornness	771
stubbs	702
stubby	287
stubs	344
stucco	144
stuck	48497
stuckey	174
stud	3095
studded	272
studebaker	174
student	32987
students	29034
studied	10355
studies	10402
studio	20312
studios	2543
studious	224
studly	126
studs	675
study	39882
studying	16217
stuff	190629
stuffed	7114
stuffing	2191
stuffs	605
stuffy	1720
stumble	1561
stumbled	2694
stumbles	384
stumbling	987
stump	1560
stumped	634
stumps	442
stumpy	440
stun	1405
stung	1420
stunk	423
stunned	2464
stunner	329
stunning	4753
stunningly	183
stunt	5410
stunted	312
stuntman	615
stuntmen	194
stunts	1300
stupendous	519
stupid	131497
stupider	376
stupidest	1377
stupidities	146
stupidity	2750
stupidly	682
stupor	377
sturdy	1195
sturgeon	356
sturges	145
sturgis	244
sturm	186
stutter	910
stuttered	118
stuttering	1659
stutters	985
stuttgart	376
stuyvesant	168
sty	366
style	26569
styled	230
styles	2163
styling	603
stylings	159
stylish	1576
stylist	928
stylists	132
stylized	135
styrofoam	358
styx	321
su	4178
sua	145
suarez	680
suat	153
suave	541
sub	5460
subaru	591
subatomic	494
subbed	169
subbing	834
subbu	419
subclavian	179
subcommittee	403
subconscious	2095
subconsciously	498
subcontinent	146
subcontractor	128
subcontractors	143
subculture	141
subcutaneous	197
subdivision	185
subduction	131
subdue	731
subdued	676
subdural	313
subhas	115
subhash	262
subhuman	157
subject	24820
subjected	1394
subjecting	173
subjective	695
subjects	5985
subjugate	165
subjugated	172
subjugation	144
sublet	352
subletting	114
sublime	1466
subliminal	374
submachine	159
submarine	4164
submarines	1000
submerge	296
submerged	887
submersible	291
submission	1260
submissions	213
submissive	647
submit	4796
submits	157
submitted	2207
submitting	411
subodh	132
subordinate	766
subordinates	604
subpar	126
subpoena	2014
subpoenaed	607
subpoenas	296
subprime	152
subrip	436
subroutine	116
subroutines	127
subs	1924
subscribe	631
subscribed	169
subscriber	333
subscribers	341
subscription	850
subscriptions	221
subsection	248
subsequent	892
subsequently	852
subservient	221
subside	339
subsided	283
subsides	272
subsidiaries	187
subsidiary	408
subsidies	386
subsidize	186
subsidized	153
subsidy	306
subsistence	115
subspace	1060
substance	4986
substances	1375
substandard	238
substantial	2582
substantially	428
substantiate	275
substantiated	118
substantive	129
substation	361
substitute	3607
substituted	357
substitutes	282
substituting	227
substitution	354
subterfuge	344
subterranean	610
subtext	460
subtitle	2029
subtitled	933
subtitles	14939
subtitling	1568
subtle	4891
subtleties	191
subtlety	566
subtly	421
subtract	473
subtraction	115
suburb	738
suburban	1390
suburbia	275
suburbs	2098
subversion	233
subversive	902
subversives	154
subvert	222
subway	6595
subways	381
subxpacio	470
succeed	10441
succeeded	4837
succeeding	694
succeeds	1069
success	25989
successes	708
successful	18352
successfully	3613
succession	1275
successive	324
successor	2467
successors	267
succinct	148
succotash	132
succour	122
succubus	520
succulent	409
succumb	718
succumbed	547
succumbing	121
such	261104
suck	22982
sucka	205
sucked	6822
sucker	6939
suckered	308
suckers	2477
suckin	131
sucking	5077
suckle	227
suckling	329
sucks	17110
sucky	429
sucre	207
suction	2208
sud	131
sudan	1126
sudanese	283
sudden	25262
suddenly	46833
sudha	207
sudhir	123
sudo	200
sudoku	241
suds	271
sue	19375
sued	2376
suede	747
suen	208
sues	240
suet	123
suey	295
suez	442
suffer	21496
suffered	13646
sufferer	183
sufferers	211
suffering	19819
sufferings	580
suffers	2677
suffice	1748
sufficed	142
sufficient	3977
sufficiently	1090
suffocate	1347
suffocated	1173
suffocates	175
suffocating	1625
suffocation	561
suffolk	555
suffrage	181
suffragette	195
sufi	172
sug	157
suga	173
sugan	119
sugar	26110
sugarcane	322
sugarcoat	294
sugared	150
sugarfoot	135
sugarman	158
sugarplum	167
sugars	870
sugary	354
sugata	136
suge	276
suggest	300000
suggested	180000
suggestible	121
suggesting	140000
suggestion	200000
suggestions	150000
suggestive	50000
suggests	5589
suggs	119
sugi	190
sugimoto	129
sugita	174
sugiyama	239
sugu	178
suh	932
suhani	191
sui	320
suicidal	2286
suicide	31261
suicides	1310
suing	2514
suis	505
suit	42315
suitable	5346
suitably	289
suitcase	8738
suitcases	1781
suite	7680
suited	2907
suites	689
suiting	184
suitor	953
suitors	744
suits	13469
suk	1141
sukekiyo	214
suki	651
sukiyaki	192
sul	386
suleiman	246
suleyman	303
sulfate	237
sulfide	151
sulfur	967
sulfuric	361
suliban	125
sulk	782
sulking	1258
sulky	228
sulla	136
sullen	395
sullied	254
sullivan	4867
sully	2141
sulphate	126
sulphur	587
sulphuric	140
sultan	4102
sultana	542
sultans	125
sultry	557
sulu	796
sum	7265
suma	204
suman	378
sumatra	273
sumerian	341
sumi	283
sumida	217
sumiko	137
sumitra	154
summa	172
summarily	156
summarize	474
summary	1188
summat	701
summation	337
summed	353
summer	45611
summerhouse	216
summerlee	242
summers	2936
summerson	115
summertime	919
summing	164
summit	3601
summits	160
summon	3525
summoned	3703
summoning	569
summons	1591
sumner	579
sumo	1363
sump	162
sumptuous	375
sums	1697
sumter	138
sun	65448
suna	285
sunaina	263
sunbae	672
sunbathe	239
sunbathing	426
sunbeam	221
sunblock	261
sunburn	536
sunburned	238
sunburst	161
sundae	711
sundaes	230
sundance	596
sundar	197
sunday	29282
sundays	2941
sunder	386
sunderland	193
sundial	261
sundown	1968
sundra	135
sundry	204
sune	220
sunflower	821
sunflowers	383
sung	6022
sungkyunkwan	442
sunglasses	2949
sunil	701
sunita	421
sunk	3279
sunken	680
sunlight	4270
sunlit	120
sunni	294
sunny	8377
sunnydale	277
sunnyvale	303
sunrise	4083
sunroof	230
suns	912
sunscreen	754
sunset	6661
sunsets	494
sunshine	8645
sunspots	217
sunstroke	290
suntan	483
sunup	376
suo	149
sup	1017
super	33639
superb	3705
superbly	231
superboy	1239
supercar	284
supercharged	252
supercomputer	242
superficial	1859
superficially	150
superfluous	477
supergirl	918
superglue	193
superheated	160
superhero	3484
superheroes	1236
superhuman	791
superintendant	201
superintendent	4874
superior	9444
superiority	948
superiors	2460
superlative	136
superman	8375
supermarket	4187
supermarkets	575
supermassive	191
supermax	177
supermen	182
supermodel	761
supermodels	257
supernatural	3326
supernova	903
supernovas	165
superpower	829
superpowers	867
supers	118
supersonic	545
superstar	2925
superstars	503
superstition	1829
superstitions	638
superstitious	1880
superstore	116
superstructure	134
supervillain	163
supervise	1321
supervised	952
supervising	804
supervision	1858
supervisor	4796
supervisors	464
supervisory	187
superwoman	135
supper	10144
suppers	148
suppertime	224
supple	497
supplement	815
supplemental	536
supplementary	236
supplements	526
supplied	1900
supplier	1761
suppliers	1036
supplies	10271
supply	14396
supplying	1121
support	48351
supported	4190
supporter	1013
supporters	2121
supporting	4995
supportive	3178
supports	2307
suppose	73465
supposed	153117
supposedly	4412
supposing	2002
supposition	311
suppositories	127
suppository	164
suppress	1776
suppressed	1093
suppresses	121
suppressing	520
suppression	542
supremacist	157
supremacy	596
supreme	7809
supremely	305
supremes	137
suprise	129
sur	1006
sura	230
suraj	666
surcharge	121
sure	709390
surefire	207
surely	29565
surer	125
suresh	584
surest	207
surety	242
surf	4333
surface	19100
surfaced	764
surfaces	929
surfacing	240
surfboard	509
surfboards	146
surfed	239
surfer	1249
surfers	680
surfing	2898
surge	2093
surged	156
surgeon	10278
surgeons	2134
surgeries	1455
surgery	27630
surges	434
surgical	3735
surgically	603
surging	442
suri	904
surinder	117
surly	524
surmise	339
surmised	160
surname	2031
surnames	193
surpass	667
surpassed	777
surpasses	276
surpassing	131
surplus	1120
surprise	62170
surprised	43018
surprises	7208
surprising	7235
surprisingly	3458
surreal	1117
surrealism	180
surrealist	201
surrender	13513
surrendered	2113
surrendering	783
surrenders	407
surreptitiously	124
surrey	477
surrogacy	257
surrogate	1414
surrogates	251
surround	2828
surrounded	12750
surrounding	4686
surroundings	1983
surrounds	948
suru	172
surveil	125
surveillance	12526
surveilling	222
survey	3561
surveyed	286
surveying	408
surveyor	656
surveyors	203
surveys	456
survivable	114
survival	9752
survivalist	158
survive	31440
survived	13293
survives	1948
surviving	3750
survivor	5895
survivors	6127
surya	1030
sus	220
susa	128
susan	19462
susana	752
susanna	1142
susannah	727
susanne	603
susceptible	880
sushi	4133
sushma	131
susi	352
susie	4476
suspect	38365
suspected	8878
suspecting	1017
suspects	10038
suspend	1758
suspended	7092
suspenders	482
suspending	404
suspense	1579
suspenseful	4752
suspension	3141
suspensions	127
suspicion	6424
suspicions	2750
suspicious	14279
suspiciously	577
suss	261
sussed	153
sussex	465
sussman	235
sustain	2289
sustainability	213
sustainable	818
sustained	4313
sustaining	358
sustains	308
sustenance	547
susu	174
susumu	288
susy	306
sutcliffe	122
sutekh	156
sutherland	482
sutra	625
sutras	138
sutter	821
sutton	2707
suture	948
sutures	620
suturing	144
suu	173
suv	2036
suvarov	132
suvs	248
suwa	210
sux	200
suzaku	188
suzan	257
suzanna	326
suzanne	3779
suze	535
suzette	501
suzhou	192
suzi	340
suzie	1728
suzu	406
suzuki	1548
suzuran	158
suzy	1726
svalbard	158
svein	131
sven	1643
svend	332
svendsen	148
svengali	191
svensson	276
sveta	291
svetlana	681
svr	262
svu	592
sw	142
swab	1416
swabbed	262
swabbing	126
swabs	523
swaddling	117
swag	749
swagger	860
swaggering	138
swahili	508
swain	1273
swallow	8357
swallowed	4748
swallowing	1133
swallows	1239
swam	1702
swami	893
swamiji	168
swamp	5516
swamped	1098
swamps	829
swampy	288
swamy	222
swan	4489
swanee	214
swank	267
swanky	398
swann	744
swanning	114
swans	986
swansea	149
swanson	1113
swap	3897
swapna	144
swapped	1211
swapping	789
swaps	217
swarek	220
swarm	1338
swarmed	266
swarming	991
swarms	315
swarthy	174
swartz	137
swastika	470
swastikas	147
swat	2575
swatch	148
swatches	174
swath	123
swathi	147
swatting	165
sway	2723
swayed	679
swaying	813
sways	346
swayze	304
swear	66157
swearengen	218
swearing	1966
swears	1591
sweat	13581
sweated	419
sweater	6711
sweaters	1074
sweatin	166
sweating	4695
sweatpants	488
sweats	901
sweatshirt	1020
sweatshirts	130
sweatshop	346
sweatshops	128
sweaty	3759
swede	933
sweden	4213
swedes	717
swedish	4771
sweeney	1177
sweep	7003
sweeper	550
sweepers	199
sweeping	2435
sweeps	1082
sweepstakes	223
sweet	94057
sweetback	154
sweetbreads	126
sweeten	610
sweetened	209
sweetener	247
sweeter	1733
sweetest	3033
sweetheart	36907
sweethearts	1020
sweetie	31295
sweeties	240
sweetly	968
sweetmeat	150
sweetness	2024
sweets	5683
sweetums	165
sweetwater	230
sweety	1166
swell	7434
swelled	482
swelling	2614
swells	1004
sweltering	191
swenson	235
swenton	135
swept	4043
swerve	427
swerved	389
swerving	171
swift	3583
swiftly	1219
swifty	303
swig	460
swill	428
swim	20171
swimmer	1568
swimmers	675
swimmin	139
swimming	14648
swimmingly	156
swims	787
swimsuit	1204
swimsuits	268
swimwear	146
swindle	706
swindled	582
swindler	763
swindlers	252
swindling	289
swindon	162
swine	4083
swines	194
swing	15079
swinger	280
swingers	365
swingin	325
swinging	3925
swings	2408
swinton	145
swipe	1308
swiped	1000
swipes	127
swiping	236
swirl	631
swirling	769
swirls	234
swirly	175
swish	596
swishing	208
swiss	5155
switch	21862
switchblade	296
switchboard	795
switched	6797
switcheroo	169
switches	1713
switching	2765
switek	233
switzerland	5171
swivel	402
swollen	2747
swoon	455
swooning	140
swoop	1175
swooped	310
swooping	248
swoops	185
swoosh	203
swope	128
sword	27928
swordfish	394
swordplay	287
swords	5196
swordsman	1307
swordsmanship	388
swordsmen	319
swore	6516
sworn	6015
swum	216
swung	1367
sy	935
syaoran	125
sybil	1672
sycamore	387
sycophant	119
sycophants	126
syd	2302
sydney	8976
syed	170
sykes	1547
syl	228
sylar	367
syllable	554
syllables	550
syllabus	350
sylvain	291
sylvan	116
sylvester	2007
sylvia	5393
sylvie	1580
sylvio	130
symbiosis	204
symbiote	430
symbiotic	273
symbol	9490
symbolic	1937
symbolically	281
symbolise	132
symbolises	152
symbolism	554
symbolize	418
symbolized	204
symbolizes	580
symbols	3241
symmetrical	580
symmetry	773
sympathetic	2573
sympathies	900
sympathise	311
sympathize	1142
sympathizer	213
sympathizers	240
sympathy	6115
symphonic	152
symphonies	165
symphony	2251
symposium	502
symptom	1348
symptomatic	247
symptoms	7415
synagogue	910
synagogues	188
synapse	142
synapses	255
synaptic	304
sync	10168
synced	898
synch	407
synched	117
synchro	992
synchronicity	163
synchronisation	122
synchronised	137
synchronization	301
synchronize	400
synchronized	1023
syndicate	1915
syndicated	206
syndicates	172
syndication	140
syndrome	4403
syne	430
synergy	388
synod	332
synonym	134
synonymous	455
synopsis	174
syntax	277
synth	426
synthesis	313
synthesize	249
synthesized	265
synthesizer	311
synthetic	1904
synthetics	178
syphilis	1293
syphilitic	116
syracuse	629
syria	2162
syrian	926
syrians	278
syringe	1804
syringes	422
syrup	3144
system	73678
systematic	602
systematically	777
systemic	277
systems	12464
systolic	511
szabo	172
sze	243
szechuan	127
t've	201
ta	5568
tab	3719
tabasco	292
tabatha	550
tabby	419
tabernacle	213
tabitha	990
table	67702
tableau	227
tablecloth	654
tablecloths	301
tables	7196
tablespoon	156
tablespoons	118
tablet	2529
tablets	2284
tabloid	869
tabloids	862
taboo	1080
taboos	282
tabor	282
tabs	1658
tac	805
tach	169
tachibana	475
tachy	288
tachycardia	205
tachycardic	162
tachyon	256
tacit	135
tacitus	133
tack	1308
tacked	192
tackle	3336
tackled	633
tackles	237
tackling	507
tacks	358
tacky	1619
taco	3322
tacoma	322
tacos	1700
tacs	160
tact	723
tactful	399
tactic	1718
tactical	3095
tactically	166
tactician	130
tactics	3515
tactile	258
tactless	252
tad	2617
tada	667
tadashi	354
tadd	178
tadeusz	222
tadpole	436
tadpoles	338
tae	6771
taek	149
taeko	316
taekwondo	323
taelon	1028
taelons	1188
taels	1218
taff	125
taffeta	198
taffy	706
taft	764
tag	8276
tagalog	121
taggart	1010
tagged	1407
tagger	132
tagging	797
tagi	117
tagore	197
tags	2000
taguchi	210
tahir	335
tahiti	938
tahitian	153
tahoe	636
tai	2960
taichi	261
taiga	267
taiji	145
taiko	118
tail	16347
tailed	726
tailgate	294
tailing	1261
tailings	179
taillight	351
taillights	127
tailor	2872
tailored	471
tailoring	273
tailors	336
tailpipe	190
tails	4633
tailspin	162
tain	142
taint	630
tainted	1667
taipan	240
taipei	860
tais	197
tait	141
taiwan	2716
taiwanese	588
taj	1628
taja	196
tajima	182
tak	1490
taka	296
takada	273
takagi	345
takahashi	807
takahiro	125
takako	221
takakura	115
takamura	133
takano	216
takao	262
takashi	1320
takayama	294
takayuki	150
take	1312232
takeaway	549
takechi	181
takeda	825
takedown	453
takei	146
taken	115236
takeo	344
takeoff	1429
takeout	970
takeover	1241
taker	674
takers	697
takeru	164
takes	86959
takeshi	815
taketh	224
takeuchi	120
takezo	150
taki	390
takigawa	160
takin	2969
taking	177667
takings	284
taku	215
takuma	192
takumi	736
takuto	165
takuya	300
tal	587
tala	142
talbert	149
talbot	2248
talbott	118
talc	136
talcum	349
tale	9672
talent	20450
talented	9970
talentless	236
talents	4057
tales	6080
tali	331
talia	1133
talib	126
taliban	2529
talisman	1242
talismans	165
talk	567036
talkative	1053
talked	67666
talker	1198
talkers	162
talkie	220
talkies	213
talkin	10729
talking	337629
talks	17763
talkto	217
talky	196
tall	21737
tallahassee	384
taller	3868
tallest	1056
talleyrand	144
tallied	162
tallies	131
tallinn	221
tallis	212
tallmadge	143
tallow	117
tallulah	207
tally	1522
tallyho	145
talmadge	157
talmud	285
talon	741
talons	377
talos	124
talyn	655
tam	1424
tama	372
tamaki	254
tamako	131
tamal	121
tamale	209
tamales	304
tamami	118
tamanna	143
tamar	247
tamara	1836
tamarind	196
tamayo	169
tambourine	576
tame	2526
tamed	814
tamer	386
tami	605
tamika	329
tamiko	165
tamil	1519
taming	329
tamir	148
tamiya	177
tamizh	134
tammi	275
tammy	4141
tampa	963
tamper	562
tampered	1375
tampering	1141
tampon	718
tamponade	162
tampons	766
tamra	385
tamsin	478
tamura	433
tan	5980
tana	313
tanabe	139
tanaka	1833
tancredi	240
tandang	184
tandem	483
tandoori	258
tandy	840
tane	165
tang	3368
tangent	219
tangerine	572
tangerines	216
tangible	953
tangier	314
tangiers	305
tangle	718
tangled	1740
tangles	198
tangling	117
tango	3595
tangos	161
tanguy	120
tangy	226
tani	241
tania	1256
taniguchi	115
tanikaze	196
tanis	155
tanja	321
tank	16273
tankard	139
tanked	521
tanker	1252
tankers	395
tanking	207
tanks	6821
tanna	117
tanned	612
tannen	248
tannenbaum	145
tanner	5274
tanners	119
tannery	132
tanning	844
tannoy	449
tano	491
tans	227
tansy	281
tantalising	173
tantalizing	282
tantamount	237
tanto	192
tantra	125
tantric	257
tantrum	860
tantrums	586
tanu	143
tanuki	200
tanvi	149
tanya	5131
tanz	245
tanzania	364
tao	2231
taoist	571
tap	9813
tapas	393
tape	33904
taped	2286
taper	195
tapered	134
tapes	7186
tapestries	185
tapestry	693
tapeworm	417
taping	1136
tapioca	501
taplow	144
tappan	114
tapped	2691
tapping	3884
taps	2102
taquitos	121
tar	2000
tara	7886
taran	176
tarantino	281
tarantula	430
tarantulas	144
taras	144
tard	131
tardes	161
tardiness	321
tardis	2612
tardy	472
tarek	609
targaryen	120
target	31415
targeted	2844
targeting	2671
targets	5719
tariff	196
tariffs	123
tarik	193
tariq	1515
tarkovsky	153
tarmac	592
tarn	266
tarnation	251
tarnish	423
tarnished	564
taro	1385
tarot	708
tarouel	122
tarp	938
tarpaulin	149
tarps	120
tarr	211
tarragon	176
tarrant	453
tarred	169
tarry	258
tarsus	208
tart	2635
tartan	237
tartar	536
tartare	292
tartars	211
tartarus	287
tarts	995
tartuffe	122
taru	270
tarun	186
taryn	274
tarzan	3103
tas	211
tase	213
tased	157
taser	1067
tasered	131
tasers	146
tash	473
tasha	1869
tashi	200
tashiro	138
task	15600
tasked	566
tasker	123
taskforce	154
taskmaster	159
tasks	2173
tasmania	206
tasmanian	158
tassel	180
tassels	244
taste	41080
tasted	4577
tasteful	749
tastefully	141
tasteless	807
taster	273
tastes	10620
tastier	250
tastiest	154
tasting	2053
tasty	6008
tat	1422
tata	605
tatami	138
tate	4006
tater	511
taters	180
tates	211
tati	149
tatiana	978
tatianna	124
tats	318
tatsu	279
tatsumi	233
tatsuo	469
tatsuya	629
tattered	347
tatters	309
tattle	213
tattler	128
tattletale	247
tattoo	11407
tattooed	1789
tattooing	393
tattoos	3665
tatty	153
tatum	537
tatyana	199
tau	914
taub	374
taught	33613
taunt	619
taunted	251
taunting	873
taunts	301
taupe	141
tauri	131
tauron	119
taurus	737
taut	352
tavern	2510
taverns	207
tawdry	354
tawney	187
tawni	322
tawny	313
tax	13389
taxation	386
taxed	328
taxes	7741
taxi	20268
taxicab	312
taxidermist	206
taxidermy	230
taxing	375
taxis	1011
taxman	211
taxpayer	723
taxpayers	974
tay	396
taye	153
taylor	17672
taylors	121
taystee	136
taz	184
tb	787
tbat	121
tbe	249
tbilisi	122
tc	576
tch	461
tcha	134
tchaikovsky	420
td	160
te	4414
tea	59277
teach	52731
teachable	129
teacher	53004
teachers	10214
teaches	3636
teaching	15100
teachings	1392
teacup	377
teacups	158
teague	285
teahouse	445
teak	226
teakettle	143
teal	2121
team	134358
teamed	643
teaming	355
teammate	929
teammates	1559
teams	12567
teamsters	189
teamwork	1714
teapot	796
tear	18766
teardrop	291
teardrops	206
tearful	368
tearfully	303
tearing	4793
tears	23377
teary	206
teas	779
teasdale	128
tease	4361
teased	1057
teaser	312
teases	243
teasing	3458
teaspoon	425
teaspoons	188
teat	272
teatime	263
teats	213
tech	7051
technical	6813
technicalities	243
technicality	803
technically	10839
technician	1913
technicians	1184
technicolor	413
technique	8469
techniques	4309
techno	1322
technodrome	392
technological	1359
technologically	280
technologies	1468
technology	18679
techs	798
tectonic	383
tectonics	154
tecumseh	337
ted	19583
teddy	13549
tedious	1453
tedium	156
tee	2112
teed	128
teeger	286
teel	145
teela	162
teeming	626
teemu	159
teen	3634
teenage	7184
teenaged	133
teenager	5451
teenagers	4109
teenie	172
teens	2086
teensy	357
teeny	1224
teepee	195
tees	270
teetering	183
teeth	31615
teething	394
teflon	283
tegan	551
tegana	139
teh	124
tehran	801
teito	162
tej	176
teja	218
tek	125
tekin	139
tel	1492
tele	180
telecast	443
telecom	373
telecommunications	273
telegram	5273
telegrams	688
telegraph	2007
telegraphed	149
telekinesis	250
telekinetic	194
telemachus	229
telemarketing	134
telemetry	487
telenovela	231
telepath	302
telepathic	781
telepathically	246
telepaths	256
telepathy	855
telephone	23343
telephoned	1445
telephones	921
telephoning	284
telephoto	182
teleport	1052
teleportation	483
teleported	260
teleporter	245
teleporting	160
teleprompter	219
telescope	3386
telescopes	826
telescopic	156
telethon	259
teletubbies	140
teletype	177
televised	487
television	21718
televisions	341
telex	308
telford	393
tell	1176290
teller	2767
tellers	328
tellin	3082
telling	136109
tells	34873
telltale	364
telly	2794
telugu	765
tem	281
temerity	127
temp	2193
tempe	149
temper	8657
temperament	954
temperamental	547
temperance	632
temperate	316
temperature	12455
temperatures	3033
tempered	757
tempers	451
tempest	653
tempestuous	138
temping	115
templar	934
templars	468
template	393
temple	22036
temples	2195
templeton	732
tempo	1435
temporal	1723
temporarily	3579
temporary	9025
temps	490
tempt	2072
temptation	3734
temptations	682
tempted	3068
tempting	2565
temptress	296
tempts	165
tempura	401
tempus	247
temujin	179
ten	100133
tenacious	614
tenacity	589
tenancy	126
tenant	2502
tenants	2554
tenctonese	233
tend	9824
tended	1006
tendencies	1009
tendency	1961
tender	6954
tendered	117
tenderloin	322
tenderly	715
tenderness	1908
tenders	247
tending	1067
tendo	139
tendon	423
tendons	362
tendrils	151
tends	2300
tendulkar	271
tenebrae	119
tenement	384
tenements	161
tenerife	145
tenet	132
tenets	191
tenfold	269
teng	274
tenga	140
tengo	248
tengu	182
tenma	154
tennant	293
tenner	720
tennessee	2337
tennis	8551
tennison	259
tennyson	846
tenor	750
tenors	118
tens	3067
tense	9542
tensed	1409
tensile	146
tension	7107
tensions	1042
tent	9777
tentacle	302
tentacles	887
tentative	374
tentatively	155
tenth	3064
tenths	138
tents	1777
tenuous	313
tenure	950
tenured	141
tenzin	190
teo	696
teodoro	245
tepee	155
tepid	205
teppei	201
tepper	118
tequila	3882
tequilas	116
ter	539
tera	122
terada	122
tere	280
terence	1077
teresa	5935
tereza	302
teri	1432
teriyaki	238
terje	214
terkel	130
term	13676
termed	209
terminal	4208
terminally	421
terminals	339
terminate	1683
terminated	1722
terminates	114
terminating	322
termination	1128
terminator	947
terminology	408
terminus	362
termite	467
termites	919
terms	21034
terra	1209
terrace	3664
terraces	297
terracotta	162
terraforming	141
terrain	2084
terran	263
terrance	921
terre	263
terrell	330
terrence	1947
terrestrial	451
terri	1451
terrians	150
terrible	69499
terribly	13954
terrier	579
terriers	135
terrific	15296
terrifically	135
terrified	8744
terrifies	475
terrify	511
terrifying	5615
terrine	116
territorial	972
territories	1688
territory	11737
terror	8207
terrorised	132
terrorism	3468
terrorist	10728
terrorists	7694
terrorize	554
terrorized	602
terrorizing	603
terrors	706
terry	15820
tertiary	149
teru	146
teruo	127
tes	226
tesco	419
tesla	1717
tesoro	176
tess	5555
tessa	2994
tessanne	203
tessie	280
test	64969
testament	2860
tested	8631
tester	400
testes	202
testicle	690
testicles	1842
testicular	267
testified	2587
testifies	447
testify	10361
testifying	1539
testimonial	258
testimonials	165
testimonies	404
testimony	9624
testing	11541
testosterone	1228
tests	17462
testy	395
tet	361
tetanus	738
tetch	184
tete	151
tether	590
tethered	370
tetra	213
tetrarch	150
tetris	283
tetsu	539
tetsuo	384
tetsuro	158
tetsuya	228
teutonic	141
tex	1328
texan	415
texans	263
texarkana	119
texas	13351
text	19730
textbook	1730
textbooks	846
texted	3518
textile	739
textiles	461
texting	3650
texts	4322
texture	2019
textures	370
teyla	564
tez	115
tezuka	244
tgs	165
th	6185
tha	3704
thackeray	242
thackery	275
thad	895
thaddeus	543
thai	4137
thailand	3418
thais	179
thakur	1310
thalberg	128
thalia	125
thallium	183
thames	1240
than	561014
thane	597
thang	480
thank	1600000
thanked	2092
thankful	4693
thankfully	1540
thanking	2677
thankless	370
thanks	1500000
thanksgiving	8229
thankyou	1560
thanos	427
thar	219
that	10203742
that's	1900000
thataway	204
thatch	133
thatched	119
thatcher	1918
thatjust	134
thats	3866
thattaboy	173
thatwas	130
thatyou	481
thave	141
thaw	963
thawed	353
thawing	173
thawne	160
thaws	116
thay	182
thayer	529
thc	237
the	22761659
thea	1912
theandromeda	172
theater	15940
theaters	1104
theatre	10776
theatres	644
theatrical	1558
theatrics	404
thebes	457
thee	16410
theft	7510
thefts	699
their	601171
theirs	6075
theis	318
thejapanese	157
thejob	189
thelma	1352
thelonious	141
them	1327509
themaru	132
theme	19163
themed	195
themes	907
themself	240
themselves	44832
then	1275502
thence	279
theo	5348
theodor	147
theodora	286
theodore	2446
theologian	161
theologians	197
theological	331
theology	721
theora	190
theorem	419
theoretical	1402
theoretically	1639
theories	4935
theorist	253
theorists	1336
theorize	148
theorized	157
theorizing	146
theory	25360
ther	1355
thera	116
therapeutic	909
therapies	364
therapist	6866
therapists	595
therapy	13278
there	3148528
there's	1200000
thereabouts	277
thereafter	817
thereby	1145
therefore	18733
therein	632
thereof	565
theres	991
theresa	3523
therese	934
theresienstadt	149
thereto	145
thermal	1958
thermals	199
thermite	255
thermodynamics	191
thermometer	1137
thermometers	175
thermonuclear	237
thermos	711
thermostat	509
theron	188
thesaurus	149
these	683128
theses	199
theseus	432
thesis	2761
thespian	172
thessaloniki	172
thet	191
theta	1881
thev	156
they	3060204
they'll	750000
they're	1300000
they've	700000
theyjust	179
theyll	114
theyre	471
theywere	161
thi	850
thiago	160
thibault	290
thick	12143
thicken	158
thickening	155
thickens	308
thicker	1509
thickest	196
thicket	241
thickness	612
thief	23870
thier	127
thierry	689
thievery	288
thieves	9915
thieving	1351
thigh	2491
thighs	2761
thiis	114
thijs	155
thimble	327
thin	15296
thine	1934
thing	697528
thingamajig	125
thingie	168
thingies	473
things	503642
thingy	1940
think	1839473
thinker	946
thinkers	652
thinkin	4404
thinking	195875
thinks	68354
thinkwe	125
thinkyou	405
thinly	232
thinned	119
thinner	1888
thinners	153
thinnest	139
thinning	324
thins	206
third	55750
thirdly	426
thirds	599
thirst	3690
thirsting	149
thirsty	10053
thirteen	3665
thirteenth	390
thirties	434
thirty	10699
this	5739788
thistle	300
thistles	133
thither	235
thls	235
tho	330
thom	615
thomas	27442
thomasina	140
thomason	140
thompkins	175
thompson	5959
thomsen	136
thomson	610
thong	1227
thongs	322
thor	3625
thora	205
thoracic	412
thoracotomy	256
thorax	260
thorazine	184
thoreau	321
thorgy	177
thorin	322
thorn	2338
thorndyke	302
thorne	1717
thornfield	192
thornhill	286
thorns	1433
thornton	1873
thorny	363
thorough	4010
thoroughbred	431
thoroughbreds	150
thoroughfare	179
thoroughly	4198
thoroughness	119
thorpe	1131
thorsen	124
thorson	149
thorwald	123
those	528404
thou	19007
though	154479
thought	558542
thoughtful	4405
thoughtfully	181
thoughtfulness	122
thoughtless	862
thoughts	25436
thoughtyou	161
thousand	47934
thousands	27986
thousandth	213
thr	274
thrace	288
thracian	158
thrall	208
thrash	1561
thrashed	1023
thrashing	1048
thread	4985
threaded	173
threading	152
threads	1452
thready	295
threat	20913
threaten	7814
threatened	14987
threatening	10510
threatens	2099
threats	7099
three	366626
threes	744
threesome	1725
threesomes	256
thresher	131
threshing	130
threshold	2301
threw	29223
thrice	862
thrift	516
thrifty	370
thrill	4597
thrilled	6775
thriller	887
thrillers	151
thrilling	2123
thrills	830
thrive	1727
thrived	401
thrives	477
thriving	1222
thro	146
throat	40719
throats	2415
throb	209
throbbing	942
throbs	152
throes	395
thrombosis	241
throne	9410
thrones	667
throng	273
throttle	1728
through	388127
throughout	13270
throught	127
throw	83679
throwaway	199
throwback	268
throwed	215
thrower	339
throwin	430
throwing	19613
thrown	16290
throws	4988
thrt	207
thru	451
thrumming	135
thrush	337
thrust	3288
thruster	482
thrusters	1070
thrusting	329
thrusts	238
thud	6046
thudding	2670
thuds	3150
thug	2813
thugs	3135
thule	247
thumb	6429
thumbelina	204
thumbing	153
thumbprint	442
thumbs	2749
thump	1825
thumped	122
thumper	333
thumping	2003
thumps	597
thun	125
thunder	16685
thunderbird	919
thunderbirds	259
thunderbolt	662
thunderbolts	159
thundercats	182
thunderclap	1419
thunderclaps	206
thunderhead	131
thundering	774
thunderous	337
thunders	354
thunderstorm	704
thunderstorms	351
thunderstruck	122
thunderzord	208
thunk	841
thurber	188
thurgood	183
thurman	342
thursby	146
thursday	14150
thursdays	1062
thurston	455
thus	11684
thusly	133
thwack	171
thwart	412
thwarted	484
thx	145
thy	18023
thyme	456
thyroid	565
thyself	782
ti	1741
tia	1082
tiago	166
tiamat	119
tian	1108
tiana	309
tiananmen	204
tianjin	248
tiara	970
tiaras	117
tibbs	409
tibby	145
tiber	229
tiberius	906
tibet	1522
tibetan	881
tibetans	178
tibi	172
tibia	479
tibor	203
tic	822
tichy	136
tick	4825
ticked	793
ticker	673
ticket	29625
ticketed	129
tickets	24973
ticking	5733
tickle	3025
tickled	880
tickles	1503
tickling	1091
ticklish	778
ticks	1190
ticktock	301
tico	240
tics	175
tidal	1350
tidbit	229
tidbits	141
tide	6191
tides	1252
tidied	502
tidings	771
tidwell	125
tidy	4007
tidying	662
tie	28920
tiebreaker	151
tied	19530
tieh	217
tiempo	135
tien	968
tiene	163
tienes	139
tier	663
tierney	373
tierra	234
tiers	173
ties	7172
tiff	770
tiffani	128
tiffany	3766
tiffin	232
tiffy	150
tig	801
tiger	15646
tigers	3193
tigger	721
tiggers	168
tigh	301
tight	34972
tighten	2148
tightened	562
tightening	588
tightens	207
tighter	2618
tightest	177
tightly	2337
tightness	169
tightrope	547
tights	1503
tightwad	143
tigre	172
tigress	546
tigris	160
tijuana	992
tiki	639
tikka	136
til	4261
tilda	438
tilde	151
tilden	246
tile	1602
tiled	124
tiles	1927
till	97044
tiller	387
tilley	126
tillie	241
tilling	146
tillman	519
tilly	955
tilney	125
tilt	1494
tilted	495
tilting	297
tilts	128
tim	24197
timber	1858
timberlake	351
timbers	422
timbo	118
timbre	116
timbuktu	357
time	1453708
timed	1233
timeframe	180
timeless	885
timeline	2125
timelines	167
timely	765
timeout	312
timepiece	174
timer	3456
timers	557
times	176522
timeshare	185
timetable	1039
timetables	158
timid	1336
timing	12009
timings	311
timmins	240
timmons	251
timmy	4154
timo	723
timon	128
timor	212
timothy	3022
timson	211
timur	219
tin	7297
tina	12777
tincture	178
tinder	571
tine	258
tiner	248
tinfoil	268
ting	2055
tinge	173
tingle	631
tingles	209
tingling	879
tingly	395
tings	150
tiniest	1025
tink	1069
tinker	1741
tinkerbell	250
tinkering	401
tinkle	815
tinkles	287
tinkling	947
tinky	126
tinned	247
tinnitus	134
tinny	648
tino	750
tins	642
tinsdale	114
tinsel	338
tinsley	176
tint	232
tinted	472
tintin	917
tiny	27829
tio	345
tion	114
tip	19263
tipped	3370
tipper	392
tipperary	136
tippi	373
tippin	144
tipping	1208
tippy	285
tips	6355
tipster	151
tipsy	773
tiptoe	481
tiptoeing	212
tiptoes	130
tipton	165
tiptop	120
tira	161
tirade	125
tiramisu	356
tire	8199
tired	76540
tiredness	242
tireless	483
tirelessly	404
tires	18678
tiresome	1069
tiring	2004
tirke	134
tirupathi	124
tis	3018
tish	387
tissue	7818
tissues	1493
tit	2142
tita	218
titan	2196
titania	140
titanic	2505
titanium	1106
titans	1689
titch	160
tithe	145
titi	280
titian	154
titicaca	119
titillating	126
title	14488
titled	554
titles	2075
tito	2531
titra	137
tits	9493
tittering	115
titti	191
titties	1838
titty	1016
tituba	265
titus	1933
tivo	390
tivoli	256
tiwari	448
tizzy	185
tj	1449
tjust	717
tk	272
tknow	186
tl	201
tlak	224
tlc	288
tlhe	566
tm	232
tmi	232
tmz	290
tn	212
tnt	582
to	17099834
toa	248
toad	3301
toads	670
toady	222
toast	18638
toasted	911
toaster	1863
toasters	216
toasting	532
toasts	367
toasty	336
toba	152
tobacco	4910
tobacconist	172
tobbe	136
tobe	326
tobey	455
tobi	325
tobias	2137
tobin	658
toboggan	150
toboni	251
tobruk	196
toby	10209
toc	117
tock	921
tod	1142
toda	331
today	366395
todays	158
todd	14262
toddle	133
toddler	928
toddlers	341
toddy	601
todo	552
todos	263
toe	6116
toei	210
toenail	399
toenails	853
toes	7886
toff	139
toffee	600
toffs	120
tofu	1769
toga	440
togashi	187
toge	179
together	302404
togetherness	379
toggle	158
togo	300
togusa	184
toh	217
toho	256
toi	393
toil	1155
toiled	308
toilet	23467
toiletries	260
toilets	3134
toilette	144
toiling	289
toils	133
toine	184
tojo	247
tojoin	147
tok	679
toke	397
token	3580
tokens	574
toki	1050
tokiko	141
tokio	114
toko	136
tokugawa	902
tokyo	12261
tol	207
told	517951
toledo	1156
tolerable	432
tolerance	2130
tolerant	936
tolerate	5428
tolerated	1406
tolerates	180
tolerating	276
tolkien	150
toll	3556
tollbooth	181
toller	157
tolling	1686
tolliver	513
tolls	1080
tolly	353
tolson	171
tolstoy	570
tolya	120
tom	61785
toma	428
tomahawk	306
tomans	267
tomas	2268
tomasz	135
tomato	4682
tomatoes	3819
tomb	6655
tomboy	469
tombs	1318
tombstone	1248
tombstones	261
tomcat	447
tome	492
tomek	199
tomer	115
tomes	118
tomfoolery	187
tomi	383
tomie	441
tomiko	225
tomita	130
tomkins	115
tomlin	252
tomlinson	146
tommaso	439
tommi	232
tommie	332
tommo	148
tommorow	177
tommorrow	124
tommy	35690
tomo	295
tomoe	181
tomoko	430
tomorrow	248729
tomorrows	335
tompkins	316
toms	323
tomy	145
ton	7438
tonda	147
tone	14366
toned	258
toner	329
tones	1724
tong	2898
tonga	296
tongs	530
tongue	24001
tongues	2377
toni	3985
tonia	224
tonic	2485
tonics	267
tonight	246514
tonino	494
tonio	463
tonk	153
tonka	123
tonkin	277
tonnage	154
tonne	327
tonnes	974
tonnie	201
tonny	128
tono	240
tons	9075
tonsils	708
tonto	528
tony	41145
tonya	1278
tonys	121
too	1022558
toodles	292
toohey	137
took	258808
tool	8496
toolbox	658
toole	363
tooley	140
tooling	125
tools	10020
toomey	135
toon	176
tooni	292
tooru	114
toot	1300
tooth	9408
toothache	830
toothbrush	3131
toothbrushes	385
toothless	1064
toothpaste	1932
toothpick	619
toothpicks	410
tootie	160
tootin	189
tooting	407
toots	1467
tootsie	529
top	105282
topanga	1395
topaz	361
topaze	127
topeka	357
toph	297
topher	721
topic	5140
topical	337
topics	978
topknot	125
topless	1192
topo	236
topography	231
topped	1007
topper	763
topping	710
toppings	338
topple	548
toppled	309
toppling	115
tops	4898
topside	628
topsoil	163
topsy	264
tor	1405
tora	440
torah	684
toranaga	336
torben	452
torch	5474
torched	854
torches	1440
torching	171
torchwood	402
tore	5817
toreador	121
tori	1504
tories	421
torii	157
torino	225
torment	2983
tormented	1420
tormenting	805
tormentor	190
torments	627
torn	8908
tornado	2441
tornadoes	364
tornados	128
toro	1035
toronto	2519
toros	267
torpedo	2298
torpedoed	232
torpedoes	1568
torquay	173
torque	647
torrance	526
torre	233
torrence	199
torrent	450
torrente	316
torrential	207
torrents	149
torres	2563
torrey	174
torrid	237
torrio	206
torso	1525
torstein	130
torsten	296
tort	170
torte	115
tortellini	191
tortilla	451
tortillas	319
tortoise	1314
tortoises	382
tortuga	136
torture	12970
tortured	6357
torturer	316
torturers	147
tortures	711
torturing	2965
torturous	212
toru	533
torvald	174
tory	2452
tosa	401
tosca	377
tosh	664
toshi	475
toshiko	202
toshio	477
toshiro	198
toss	7606
tossed	3741
tosser	564
tossers	122
tosses	387
tossing	1538
tot	635
total	29264
totaled	446
totaling	146
totalitarian	267
totality	207
totalled	114
totally	72478
totals	206
tote	515
totem	843
totems	117
totes	432
toth	163
toti	174
toting	166
toto	1957
tots	511
tottenham	179
tou	433
touch	105846
touchdown	2256
touchdowns	331
touche	379
touched	20462
touches	5029
touching	12992
touchstone	159
touchy	1653
tough	57486
toughen	462
tougher	3411
toughest	2623
toughie	145
toughness	246
tought	297
toujours	148
touker	302
toulon	363
toulouse	476
touma	173
toupee	530
tour	23875
toured	524
tourette	447
touring	1572
tourism	1281
tourist	4599
tourists	5149
touristy	114
tournament	6273
tournaments	510
tourney	161
tourniquet	577
tours	2296
tous	128
toussaint	400
tout	853
touya	736
tov	879
tovarishch	142
tove	129
tow	3342
toward	13252
towards	33032
towed	1260
towel	8491
towels	4747
tower	17842
towering	642
towers	4054
towing	569
towler	250
town	141835
towne	340
townhouse	449
townie	188
towns	4164
townsend	1114
townsfolk	295
townshend	176
township	514
townspeople	572
tox	2063
toxic	5246
toxicity	386
toxicology	796
toxie	524
toxin	1151
toxins	1233
toy	12634
toya	405
toyama	342
toyed	292
toying	787
toymaker	144
toyo	268
toyota	972
toyotomi	193
toyou	383
toys	9454
tp	308
tr	585
tra	372
trace	17465
traceable	333
traced	3915
tracer	564
tracers	114
traces	6277
tracey	1364
trach	129
trachea	497
tracheotomy	165
traci	647
tracing	1233
track	40578
tracked	4921
tracker	2059
trackers	423
tracking	9747
tracks	12399
tracksuit	327
tract	841
traction	1205
tractor	3224
tractors	489
tracts	215
tracy	7845
trade	25560
traded	3079
trademark	1157
trader	1668
traders	1339
trades	1208
tradesman	268
tradesmen	210
trading	5326
tradition	11821
traditional	8545
traditionally	1195
traditions	3049
trafalgar	366
traffic	21084
trafficked	190
trafficker	393
traffickers	584
trafficking	2649
trafford	187
tragedies	815
tragedy	10691
trager	297
tragg	666
tragic	8607
tragically	1148
trags	142
trail	14033
trailed	284
trailer	7200
trailers	515
trailing	1031
trails	1437
train	70974
trained	14156
trainee	1293
trainees	460
trainer	3658
trainers	1094
training	31973
trains	6692
traipsing	323
trait	1029
traitor	12303
traitorous	379
traitors	3542
traits	1321
trajectories	171
trajectory	1746
tram	1603
tramp	3769
trampas	142
tramping	177
trample	773
trampled	1156
trampling	427
trampoline	749
tramps	656
trams	214
tran	398
trance	2252
trang	173
tranny	491
tranq	328
tranquil	642
tranquility	779
tranquilizer	858
tranquilizers	525
tranquillity	317
trans	1532
transaction	2407
transactions	1251
transatlantic	282
transceiver	221
transcend	468
transcended	182
transcendence	177
transcendent	293
transcendental	230
transcends	371
transcontinental	197
transcribe	156
transcribed	382
transcript	2166
transcription	245
transcripts	853
transducer	121
transfer	14609
transfered	162
transference	570
transferred	9494
transferring	1737
transfers	1169
transfixed	141
transform	3563
transformation	2629
transformations	261
transformative	209
transformed	3732
transformer	695
transformers	505
transforming	913
transforms	599
transfusion	1107
transfusions	289
transgender	776
transgenic	132
transgression	354
transgressions	371
transient	576
transistor	365
transistors	176
transit	1941
transition	3140
transitional	284
transitioned	133
transitioning	266
transitions	265
transitory	147
translate	4070
translated	3037
translates	904
translating	1028
translation	5323
translations	465
translator	3156
translators	431
translucent	279
transmat	125
transmission	5439
transmissions	1039
transmit	1842
transmits	310
transmitted	1510
transmitter	2866
transmitters	405
transmitting	1227
transmutation	272
transparency	557
transparent	1813
transpired	441
transplant	4463
transplantation	169
transplanted	344
transplanting	114
transplants	605
transpo	174
transponder	655
transport	10456
transportation	3661
transported	2221
transporter	1955
transporters	253
transporting	1448
transports	669
transpose	230
transsexual	343
transverse	186
transvestite	783
transvestites	225
transylvania	671
transylvanian	134
trap	21352
trapdoor	414
trapeze	665
trapp	184
trapped	17495
trapper	607
trappers	152
trapping	744
trappings	343
traps	4094
trash	16555
trashcan	191
trashed	1828
trashing	490
trashy	715
trask	639
trauma	10014
traumas	372
traumatic	2251
traumatised	263
traumatize	131
traumatized	1138
traumatizing	152
trav	568
travel	31791
traveled	5566
traveler	2126
travelers	1540
travelin	115
traveling	11223
travelled	3246
traveller	1013
travellers	953
travelling	6273
travels	5120
travers	974
traverse	384
traversing	119
travesty	528
traviata	209
travis	8576
travolta	401
trawl	188
trawler	360
trawlers	118
trawling	181
tray	4414
traynor	210
trays	819
tre	597
treacherous	2079
treachery	1589
treacle	284
tread	2520
treading	577
treadmill	767
treads	472
treadwell	298
treason	4615
treasonous	197
treasure	19899
treasured	681
treasurer	951
treasures	3323
treasury	2778
treat	39803
treatable	384
treated	18542
treaties	478
treating	9054
treatise	263
treatment	19950
treatments	2290
treats	4799
treaty	4120
trebek	147
treble	393
treblinka	186
tree	49017
treehouse	336
trees	24400
treetop	170
treetops	253
trek	2418
trekking	271
trelawney	129
trellis	178
tremaine	205
tremayne	164
tremblay	176
tremble	2027
trembled	380
trembles	442
trembling	2942
treme	179
tremendous	5971
tremendously	1015
tremlett	130
tremont	123
tremor	566
tremors	649
trench	2496
trenches	1774
trend	1876
trending	467
trends	714
trendy	921
trent	4179
trenton	616
trenwith	135
trepidation	214
tres	1023
trespass	1226
trespassed	192
trespasser	198
trespassers	343
trespasses	663
trespassing	2603
tresses	451
tretiak	134
trev	824
trevi	152
treville	235
trevin	148
trevor	7493
trey	2624
tri	355
triad	1539
triads	573
triage	641
trial	34375
trials	3919
triangle	3588
triangles	525
triangular	397
triangulate	449
triangulated	138
triangulating	138
triangulation	224
triathlon	285
tribal	5497
tribbiani	248
tribble	119
tribe	12451
tribeca	564
tribes	3404
tribesmen	268
tribulation	134
tribulations	257
tribunal	1590
tribune	960
tributary	144
tribute	3548
tributes	309
trice	131
triceps	117
triceratops	324
tricia	847
trick	31937
tricked	5382
trickery	664
trickier	240
tricking	821
trickle	480
trickles	159
trickling	450
tricks	13428
trickster	704
tricksters	126
tricky	6391
tricorder	263
tricycle	422
trident	778
tried	135401
trier	163
tries	11441
trieste	300
trifecta	290
triffids	248
trifle	1517
trifled	186
trifles	380
trifling	376
trig	391
trigger	12698
triggered	2982
triggering	577
triggers	1334
trigonometry	208
trilby	196
trill	231
trilling	951
trillion	1487
trillions	496
trills	325
trilogy	382
trim	2590
trimble	246
trimester	433
trimmed	593
trimmer	214
trimming	483
trimmings	340
trin	158
trina	1367
trine	224
trini	552
trinidad	440
trinity	1878
trinket	476
trinkets	593
trio	1217
triomphe	140
trip	59906
tripathi	301
tripe	551
triple	5650
tripled	486
triples	138
triplets	704
triplicate	212
tripod	564
tripoli	448
tripp	1375
tripped	3015
tripper	118
trippin	691
tripping	1848
trippy	359
trips	5200
tris	564
trish	3311
trisha	723
tristan	2839
trite	343
triton	423
triumph	4781
triumphal	183
triumphant	1444
triumphantly	208
triumphed	390
triumphs	703
triumvirate	146
trivedi	121
trivia	965
trivial	2157
trivialities	126
trix	339
trixie	1455
tro	115
trod	349
trodden	158
troels	178
trog	160
troi	363
trois	543
trojan	1170
trojans	299
troll	2444
trolley	1336
trolleys	151
trollhunter	134
trolling	503
trollop	364
trolls	1215
troma	295
tromaville	429
trombone	685
tron	469
troop	3259
trooper	1385
troopers	1164
troops	16729
trop	114
tropez	224
trophies	1715
trophy	5272
tropic	396
tropical	3113
tropicana	170
tropics	744
trot	1222
troth	234
trots	150
trotsky	343
trott	130
trotted	121
trotter	658
trotters	248
trotting	318
trou	154
troubadour	269
trouble	143235
troubled	6282
troublemaker	1166
troublemakers	616
troubles	9940
troublesome	1792
troubling	2943
trough	1011
troughs	118
troupe	1637
trouper	216
trouser	538
trousers	5627
trousseau	276
trout	2388
trove	406
trowel	215
troy	7987
tru	1359
truancy	155
truant	299
trubel	199
truce	2837
truck	48807
trucker	914
truckers	604
trucking	743
truckload	544
truckloads	117
trucks	6757
trudeau	138
trudging	126
trudi	401
trudy	2606
true	214773
truely	145
truer	379
truest	368
truffaut	298
truffle	895
truffles	880
trujillo	214
truly	31514
truman	2294
trumble	120
trumbo	234
trumbull	193
trump	3904
trumped	291
trumpet	3423
trumpeter	159
trumpeting	597
trumpets	1244
trumps	717
truncheon	208
trundle	130
trunk	11828
trunks	2142
truro	266
truscott	184
truss	284
trussed	152
trust	141327
trusted	14722
trustee	689
trustees	668
trusting	4477
trusts	3314
trustworthy	1855
trusty	781
truth	148389
truthful	1650
truthfully	1616
truthfulness	153
truths	1590
try	325748
tryin	6290
trying	303288
tryingto	128
tryout	420
tryouts	656
tryst	330
ts	706
tsa	413
tsai	626
tsang	284
tsao	222
tsar	1664
tsarina	153
tse	467
tseng	223
tsetse	126
tsim	148
tsing	254
tsk	2520
tso	175
tsoukalos	441
tss	134
tsu	277
tsubaki	206
tsubasa	149
tsuchiya	230
tsuen	136
tsui	784
tsuji	125
tsukahara	141
tsukamoto	176
tsukasa	134
tsukiko	122
tsuna	219
tsunami	1594
tsunamis	250
tsung	235
tsuru	130
tsurugi	203
tsutomu	322
tsuyoshi	291
tt	598
tte	122
tthe	304
tto	202
tts	207
tu	3368
tua	162
tuan	513
tub	6944
tuba	657
tubbs	1035
tubby	784
tube	9449
tuberculosis	937
tubes	3361
tubing	410
tubman	186
tubs	504
tubular	197
tucci	201
tuck	4605
tucked	2189
tucker	5535
tuckered	192
tucking	375
tucks	227
tuco	200
tucson	1012
tude	141
tudi	146
tudo	151
tudor	830
tudors	116
tuesday	14074
tuesdays	1155
tuff	318
tuffnut	221
tuffy	140
tuft	173
tufts	145
tug	1886
tugboat	276
tugged	153
tugging	356
tugs	224
tui	288
tuileries	125
tuition	2526
tuitions	171
tuk	140
tuka	146
tula	203
tulane	127
tulio	196
tulip	1043
tulips	776
tulkinghorn	157
tull	138
tulle	167
tulley	172
tullius	185
tully	871
tulsa	723
tulsi	177
tum	1067
tumble	1248
tumbled	401
tumbler	249
tumblers	189
tumbles	174
tumbleweed	292
tumbling	949
tumblr	144
tummies	142
tummy	2851
tumor	4933
tumors	863
tumour	1048
tumours	169
tums	201
tumult	179
tumultuous	267
tun	199
tuna	4605
tundra	507
tune	11959
tuned	2759
tuner	226
tunes	2441
tung	1770
tungsten	244
tunic	485
tuning	1353
tunis	299
tunisia	643
tunisian	235
tunnel	13593
tunneling	213
tunnelling	130
tunnels	4586
tunney	164
tunstall	152
tuo	177
tuomas	150
tup	138
tupac	539
tuppence	559
tupper	181
tupperware	478
tuppy	194
tur	152
turban	791
turbans	128
turbine	578
turbines	424
turbo	2084
turbos	148
turbot	161
turbulence	1209
turbulent	713
turd	2075
turds	507
turell	157
turf	3369
turgut	250
turin	945
turing	433
turk	3272
turkana	123
turkey	12662
turkeys	1055
turkish	4234
turks	2372
turlough	193
turmeric	276
turmoil	1531
turn	218563
turnaround	535
turnbull	365
turncoat	253
turned	85279
turner	6951
turners	124
turnin	408
turning	30420
turnip	668
turnips	503
turnoff	337
turnout	1129
turnover	809
turnpike	362
turns	45374
turnstile	165
turntable	318
turntables	115
turpentine	339
turpin	212
turquoise	512
turret	441
turrets	210
turtle	8080
turtlecom	132
turtledove	142
turtleneck	418
turtles	6164
tus	159
tuscan	257
tuscany	566
tush	527
tushy	218
tusk	521
tusks	456
tusseries	237
tussle	296
tut	1051
tutankhamen	147
tutankhamun	243
tutelage	170
tutor	3363
tutored	247
tutorial	423
tutoring	1023
tutors	355
tuts	400
tutsi	188
tutti	431
tuttle	784
tutu	578
tutuola	147
tuval	215
tuvok	1089
tux	1490
tuxedo	1479
tuxedos	236
tv	72054
tvs	1046
tw	143
twa	250
twaddle	144
twain	1030
twang	167
twant	296
twas	544
twat	2115
twats	233
twayne	184
tweak	579
tweaked	450
tweaker	159
tweaking	343
tweaks	254
tweed	609
tweedle	510
tweedledum	118
tweedy	121
tweek	181
tween	204
tweet	2038
tweeted	552
tweeting	659
tweets	668
tweety	310
tweezers	494
twelfth	633
twelve	10871
twelvetrees	210
twenties	879
twentieth	484
twenty	18112
twere	145
twerk	251
twerking	132
twerp	674
twerps	136
twice	41693
twiddle	178
twiddling	185
twig	1224
twiggy	162
twigs	757
twigson	123
twiki	363
twila	512
twilight	4283
twill	152
twin	7358
twine	488
twinge	265
twink	226
twinkie	354
twinkies	279
twinkle	1915
twinkling	542
twins	9850
twirl	732
twirling	355
twist	8971
twisted	7092
twister	1064
twisting	1666
twists	969
twisty	199
twit	803
twitch	1111
twitchell	162
twitches	197
twitching	710
twitchy	394
twits	123
twitter	3118
twittering	542
twix	206
twixt	160
two	764564
tworry	157
twos	787
twosome	180
twyla	190
ty	6639
tybalt	440
tycho	307
tycoon	814
tycoons	149
tye	185
tying	2996
tyke	243
tylenol	391
tyler	13196
tyne	169
tyner	155
tyoma	116
tyou	1199
type	44489
typed	1272
typeface	126
types	8068
typewriter	2417
typewriters	301
typhoid	693
typhon	140
typhoon	1209
typhoons	191
typhus	544
typical	10266
typically	2266
typing	3419
typist	446
typo	394
typos	127
tyr	756
tyra	1358
tyrannical	282
tyrannosaurus	534
tyranny	1731
tyrant	2042
tyrants	580
tyre	1641
tyree	208
tyrell	540
tyres	2640
tyrion	180
tyrol	256
tyrone	1008
tyrus	116
tyson	2473
tzar	154
tzara	128
tze	156
tzu	572
ua	374
uav	200
ub	205
uber	949
ubiquitous	212
ubu	222
uc	288
uch	229
uchi	210
uchida	156
uchiha	127
uchimoto	128
uck	134
ucla	811
ucos	137
ud	124
uday	639
udder	187
udders	171
udi	115
udo	253
udon	294
udu	126
ue	147
ueda	414
uehara	114
ueki	121
ueno	405
ueo	263
uesugi	238
uf	156
ufa	142
ufc	308
uffe	144
ufo	3023
ufos	883
ug	181
uganda	679
ugga	157
ugh	31008
uglier	737
uglies	166
ugliest	805
ugliness	752
ugly	28713
ugo	526
uh	592651
uhf	124
uhh	8591
uhhh	649
uhhhh	142
uhhuh	264
uhm	2044
uhn	171
uhtred	542
uhuh	436
uhura	428
ui	186
uk	3905
ukip	284
ukraine	1702
ukrainian	1239
ukrainians	243
ukulele	436
ul	330
ula	220
ulcer	1270
ulcers	531
uld	1786
ulf	442
uli	170
ulises	425
ulla	487
ullman	188
ulna	265
ulrich	598
ulrik	490
ulrika	151
ulrike	201
ulster	177
ulterior	701
ultima	123
ultimate	9313
ultimately	5946
ultimatum	1139
ultimatums	151
ultra	1514
ultraman	516
ultrasonic	244
ultrasound	1829
ultraviolet	730
ultron	493
ululating	124
uly	181
ulysses	1375
um	238853
uma	861
umar	168
umber	131
umberto	503
umbilical	735
umbrella	5570
umbrellas	873
ume	172
umi	227
umm	4228
ummm	537
ump	248
umpire	695
umpteenth	129
un	7239
una	1302
unable	10659
unabomber	224
unacceptable	3224
unaccompanied	213
unaccounted	773
unaccustomed	148
unadulterated	186
unaffected	420
unafraid	425
unaided	122
unanimous	1421
unanimously	491
unannounced	1193
unanswered	832
unappealing	169
unappreciated	194
unapproachable	124
unarmed	3098
unas	122
unassailable	150
unassuming	213
unattached	283
unattainable	323
unattended	807
unattractive	838
unauthorised	282
unauthorized	1357
unavailable	1386
unavoidable	856
unavoidably	117
unaware	2648
unawares	243
unbalanced	609
unbearable	3265
unbearably	220
unbeatable	769
unbecoming	438
unbeknownst	277
unbelievable	19591
unbelievably	1496
unbeliever	139
unbelievers	209
unbiased	305
unblemished	185
unblock	162
unborn	1377
unbound	124
unbreakable	807
unbridled	390
unbroken	495
unbuckle	124
unburden	285
unburied	118
unbutton	418
unbuttoned	190
unc	463
uncalled	526
uncanny	1160
uncaring	198
uncensored	140
uncertain	2149
uncertainties	157
uncertainty	1503
unchain	195
unchained	145
unchallenged	249
unchanged	755
unchanging	338
uncharacteristic	119
uncharacteristically	133
uncharted	702
unchecked	362
uncivilized	350
unclaimed	307
uncle	107826
unclean	826
unclear	1812
uncles	1848
unclog	117
uncomfortable	11371
uncomfortably	232
uncommon	1512
uncommonly	181
uncomplicated	310
uncompromising	319
unconcerned	203
unconditional	970
unconditionally	669
unconfirmed	470
unconnected	168
unconscionable	247
unconscious	8112
unconsciously	537
unconsciousness	303
unconstitutional	325
uncontrollable	908
uncontrollably	316
uncontrolled	360
unconventional	876
unconvincing	127
uncooked	144
uncool	948
uncooperative	370
uncoordinated	114
uncork	116
uncouth	394
uncover	1922
uncovered	2410
uncovering	438
uncovers	127
uncuff	460
uncultured	122
uncut	455
und	1601
undamaged	291
undaunted	172
undead	1235
undecided	442
undeclared	153
undefeated	896
undefended	126
undefined	115
undeniable	700
undeniably	262
under	189347
underage	1625
underarm	116
underbelly	266
underboss	136
undercarriage	223
undercooked	426
undercover	8638
undercovers	119
undercut	281
underdeveloped	255
underdog	866
underdogs	303
underdressed	135
underestimate	3804
underestimated	2042
underestimating	578
underfoot	384
undergarments	333
undergo	1272
undergoes	171
undergoing	797
undergone	481
undergrad	321
undergraduate	306
underground	12588
undergrowth	240
underhand	198
underhanded	356
underhill	214
underline	265
underlined	383
underling	241
underlings	273
underlying	1108
undermine	1396
undermined	501
undermines	266
undermining	519
underneath	12477
underpaid	346
underpants	2128
underpass	226
underprivileged	423
underrated	331
undersea	331
undersecretary	336
undershirt	187
underside	399
undersigned	249
understaffed	312
understand	365210
understandable	3152
understandably	553
understanding	17000
understands	8295
understated	267
understatement	1218
understeer	146
understood	33953
understudy	723
undertake	1026
undertaken	529
undertaker	1164
undertakers	273
undertaking	1056
underthe	204
undertook	267
undertow	170
undervalued	147
underwater	4910
underway	1981
underwear	11333
underwent	434
underwhelming	121
underwood	1089
underworld	3347
undeserved	132
undeserving	156
undesirable	474
undesirables	154
undetectable	430
undetected	696
undetermined	244
undeveloped	202
undiagnosed	134
undid	208
undies	728
undignified	338
undisciplined	313
undisclosed	331
undiscovered	463
undisputed	381
undisturbed	521
undivided	464
undo	3521
undocumented	363
undoing	736
undone	2081
undoubtedly	2260
undress	2641
undressed	2118
undressing	634
undue	475
undulating	117
unduly	297
undying	568
une	678
unearth	330
unearthed	606
unearthly	229
unease	180
uneasiness	159
uneasy	2117
uneducated	659
unemotional	117
unemployable	129
unemployed	3875
unemployment	2380
unencumbered	130
unending	376
unequal	282
unequivocal	163
unequivocally	227
unesco	151
unescorted	118
unethical	1158
uneven	764
unevenly	138
uneventful	430
unexpected	7899
unexpectedly	1853
unexplainable	306
unexplained	963
unexploded	196
unexplored	433
unfailing	114
unfair	8369
unfairly	560
unfairness	124
unfaithful	1999
unfamiliar	1265
unfashionable	160
unfathomable	324
unfavorable	152
unfeeling	302
unfettered	251
unfiltered	149
unfinished	2993
unfit	1350
unflattering	216
unfocused	202
unfold	1128
unfolded	296
unfolding	553
unfolds	397
unforeseen	640
unforgettable	1417
unforgivable	1489
unforgiving	601
unfortunate	9101
unfortunately	29849
unfortunates	153
unfounded	526
unfreeze	195
unfriendly	671
unfulfilled	551
unfunny	128
unfurl	128
unfurled	187
ung	191
unger	287
ungh	417
unglued	147
ungodly	430
ungrateful	3467
unguarded	477
unh	5848
unhand	576
unhappily	294
unhappiness	912
unhappy	11881
unharmed	1394
unhealthy	1365
unheard	1148
unhelpful	181
unhinged	428
unholy	963
unhook	460
unhooked	127
unhurt	193
unhygienic	147
uni	1172
unicef	194
unico	222
unicorn	1921
unicorns	661
unicron	138
unicycle	159
unidentified	2570
unification	506
unified	991
uniform	18533
uniformed	449
uniformity	139
uniformly	137
uniforms	5419
unify	331
unifying	263
unilateral	196
unilaterally	154
unimaginable	1118
unimaginably	205
unimaginative	158
unimpeachable	152
unimportant	1341
unimpressed	186
uninformed	163
uninhabitable	268
uninhabited	516
uninhibited	218
uninspired	193
unintelligible	850
unintended	215
unintentional	306
unintentionally	427
uninterested	191
uninteresting	338
uninterrupted	353
uninvited	1068
union	20316
unions	1623
unique	14905
uniquely	716
uniqueness	230
unis	509
unisex	209
unison	1056
unit	27376
unite	3860
united	31812
unites	580
uniting	532
units	12323
unity	2963
universal	4381
universally	365
universe	29765
universes	959
universities	1204
university	24079
unjust	1314
unjustified	196
unjustly	507
unkempt	156
unkind	1053
unknowable	173
unknowing	125
unknowingly	527
unknown	14300
unknowns	284
unlawful	888
unlawfully	207
unleaded	153
unleash	1617
unleashed	1457
unleashes	184
unleashing	274
unless	70979
unlicensed	375
unlikable	124
unlike	11719
unlikely	5694
unlimited	2003
unlisted	318
unload	2765
unloaded	921
unloading	995
unlock	4059
unlocked	2746
unlocking	776
unlocks	717
unloved	345
unlucky	4121
unmade	145
unmake	120
unmanageable	155
unmanned	541
unmarked	950
unmarried	1473
unmask	317
unmasked	274
unmatched	276
unmistakable	475
unmistakably	143
unmitigated	213
unmoved	159
unnamed	404
unnatural	2011
unnaturally	155
unnecessarily	1556
unnecessary	4930
unnerved	163
unnerving	395
unni	1019
unnie	284
unnoticed	1255
uno	1301
unobtrusive	114
unoccupied	289
unofficial	970
unofficially	716
unopened	424
unopposed	206
unorthodox	1002
unos	192
unpack	1842
unpacked	614
unpacking	803
unpaid	1100
unparalleled	558
unpardonable	154
unpatriotic	190
unplanned	258
unpleasant	5251
unpleasantness	474
unplug	766
unplugged	504
unpopular	829
unprecedented	1990
unpredictability	159
unpredictable	3142
unprepared	848
unproductive	132
unprofessional	1282
unprofitable	123
unprotected	954
unproven	238
unprovoked	359
unpublished	194
unpunished	774
unqualified	342
unquenchable	145
unquestionably	295
unquote	371
unravel	1012
unraveled	194
unraveling	467
unravelling	128
unreachable	386
unread	121
unreadable	176
unreal	1851
unrealistic	762
unreasonable	2595
unrecognizable	369
unrecognized	122
unrefined	114
unregistered	449
unregulated	143
unrelated	1183
unrelenting	337
unreliable	1594
unremarkable	239
unrepentant	147
unreported	131
unrequited	479
unresolved	696
unresponsive	483
unrest	1060
unrestrained	181
unrestricted	209
unrivalled	117
unromantic	193
unruly	616
uns	527
unsafe	1141
unsaid	472
unsanctioned	136
unsanitary	263
unsatisfactory	263
unsatisfied	390
unsatisfying	141
unsavory	396
unsavoury	132
unscathed	546
unscheduled	409
unscientific	155
unscrew	270
unscrewed	117
unscrupulous	537
unseal	122
unsealed	186
unsecured	170
unsee	156
unseemly	433
unseen	1636
unselfish	439
unser	581
unsettle	133
unsettled	544
unsettling	922
unshakable	167
unshaven	132
unsightly	282
unsigned	228
unsinkable	122
unskilled	171
unsold	122
unsolicited	275
unsolvable	157
unsolved	1729
unsophisticated	183
unsound	245
unspeakable	1151
unspeakably	139
unspecified	158
unspoiled	215
unspoken	640
unstable	4393
unsteady	269
unstoppable	1766
unstuck	232
unsub	3040
unsubs	221
unsubstantiated	256
unsuccessful	935
unsuccessfully	200
unsuitable	499
unsullied	178
unsung	256
unsupervised	400
unsure	1114
unsurpassed	121
unsurprisingly	118
unsuspecting	675
unsustainable	182
unsympathetic	223
untainted	144
untalented	165
untamed	356
untangle	263
untapped	274
untenable	237
untested	284
unthinkable	1280
untidy	402
untie	4306
untied	710
until	225171
untill	388
untimely	712
unto	4877
untold	700
untouchable	1011
untouchables	222
untouched	1480
untoward	431
untraceable	925
untrained	425
untreated	317
untrue	1152
untrustworthy	331
unturned	443
untying	165
unusable	223
unused	560
unusual	17603
unusually	1522
unveil	515
unveiled	374
unveiling	584
unwanted	1637
unwarranted	264
unwashed	312
unwavering	317
unwed	283
unwelcome	618
unwell	1724
unwieldy	135
unwilling	1051
unwillingly	185
unwillingness	126
unwind	952
unwise	808
unwitting	198
unwittingly	484
unworthy	1531
unwrap	458
unwrapped	216
unwrapping	116
unwritten	378
unyielding	236
unzip	418
unzipped	161
unzipping	265
unzips	350
up	2459855
upbeat	5553
upbringing	1228
upchuck	129
upcoming	1760
update	600000
updated	1600
updates	1228
updating	537
upfront	679
upgrade	1943
upgraded	955
upgrades	391
upgrading	277
upheaval	439
upheld	358
uphill	1022
uphold	1707
upholding	228
upholstery	539
upjohn	118
upkeep	331
uplift	213
uplifted	131
uplifting	648
uplink	432
upload	1472
uploaded	1284
uploading	516
upolu	152
upon	47699
upped	588
upper	9674
uppercut	359
uppers	283
upping	289
uppity	413
uppsala	172
upright	2418
uprising	1545
uprisings	172
upriver	465
uproar	864
uproot	324
uprooted	262
uprooting	122
ups	2777
upscale	408
upset	52565
upsets	1206
upsetting	3270
upshot	191
upside	7074
upstage	232
upstaged	131
upstairs	41732
upstanding	833
upstart	449
upstate	1555
upstream	740
uptake	167
uptight	2456
upto	525
upton	379
uptown	1885
upturned	159
upward	1110
upwards	1473
upwind	136
ur	628
urabe	154
ural	123
urals	164
uranium	2091
uranus	671
urban	4019
urchin	605
urchins	320
urdu	443
urethra	210
urge	4688
urged	1067
urgency	1436
urgent	15006
urgently	2754
urges	1275
urgh	979
urging	820
uri	492
uriah	173
uriel	206
urinal	633
urinals	221
urinary	262
urinate	638
urinated	201
urinating	764
urination	220
urine	4261
urkel	154
urko	467
urmi	127
urn	1849
urns	200
urologist	227
urology	142
urquhart	329
ursa	212
ursula	1515
ursus	182
uru	143
uruguay	492
uruguayan	146
us	1346903
usa	4155
usable	579
usage	656
usagi	168
usain	253
usb	451
usc	430
uschi	140
usd	168
usda	172
use	256079
used	263566
useful	15524
usefulness	440
useless	22228
uselessly	145
user	2261
username	177
users	1735
uses	12485
usha	150
usher	1972
ushered	198
ushers	258
usin	261
using	66503
usman	297
usnavi	218
uso	222
uss	924
ussing	124
ussr	713
ust	943
ustad	137
ustasha	118
usted	283
usual	29636
usually	46770
usurp	282
usurped	260
usurper	242
usury	168
ut	688
uta	294
utah	1694
ute	257
utensil	224
utensils	707
uterine	264
utero	141
uterus	1522
uther	573
uti	135
utica	167
utilities	554
utility	1311
utilize	605
utilized	339
utilizing	290
utmost	2416
utopia	962
utopian	269
utter	3611
utterance	140
uttered	668
uttering	241
utterly	4228
utters	149
utw	412
uuh	200
uv	592
uwe	126
uzbekistan	234
uzi	482
va	1960
vac	216
vaca	189
vacancies	372
vacancy	858
vacant	2336
vacate	1348
vacated	423
vacation	20544
vacationing	295
vacations	1439
vaccinate	165
vaccinated	508
vaccination	416
vaccinations	298
vaccine	2698
vaccines	634
vaclav	231
vacuous	137
vacuum	4989
vacuumed	212
vacuuming	362
vacuums	121
vada	267
vader	916
vadim	483
vag	196
vagabond	688
vagabonds	233
vagina	4905
vaginal	960
vaginas	557
vagn	117
vagrancy	215
vagrant	477
vagrants	221
vague	3077
vaguely	1688
vaguest	130
vai	317
vaidehi	115
vail	454
vain	6800
vais	125
vaishali	170
val	6731
vala	231
valance	152
valco	162
valda	151
valdemar	252
valdes	216
valdez	585
vale	1334
valedictorian	580
valen	137
valencia	846
valens	239
valente	179
valenti	349
valentin	864
valentina	1078
valentine	8845
valentines	276
valentino	903
valenzuela	120
valera	466
valeria	1052
valerian	227
valerie	5356
valerio	255
valerius	245
valery	227
valet	2288
valets	203
valhalla	763
vali	202
valiant	1533
valiantly	241
valid	3198
validate	561
validated	285
validation	524
valide	203
validity	489
valise	179
valium	1170
valjean	478
valkyrie	458
valkyries	197
vallarta	168
valle	342
valley	16540
valleys	1385
valli	234
vallon	118
valmont	248
valois	223
valor	839
valour	395
valparaiso	163
valter	170
valuable	12803
valuables	1235
valuation	351
value	20324
valued	1867
values	6519
valve	2945
valves	948
valya	194
vamanos	153
vamonos	211
vamoose	232
vamos	1007
vamp	607
vampire	12502
vampires	6450
vampirism	140
vamps	275
van	38223
vance	2695
vancouver	1353
vanda	255
vandal	456
vandalism	1121
vandalize	122
vandalized	366
vandalizing	132
vandals	486
vandenberg	130
vanderbilt	427
vandergelder	158
vane	628
vanessa	7418
vangelis	133
vanguard	654
vani	189
vanilla	3166
vanilli	133
vanish	3520
vanished	6494
vanishes	740
vanishing	975
vanities	165
vanity	2882
vanja	154
vann	139
vanna	226
vanni	236
vanquish	869
vanquished	719
vanquishing	221
vans	1205
vantage	721
vanya	736
vapid	184
vapor	755
vaporize	298
vaporized	447
vapors	296
vapour	373
var	128
varan	122
varanasi	132
varda	162
vares	136
varg	184
varga	267
vargas	1984
varghese	134
variable	799
variables	878
variance	358
variant	326
variation	1026
variations	946
varicose	206
varied	779
varies	585
varieties	623
variety	4897
various	8893
varla	147
varma	375
varmint	292
varmints	208
varna	138
varner	180
varney	120
varnish	524
varrick	183
varro	117
varsha	128
varsity	943
varun	504
varvara	143
vary	911
varying	412
vas	332
vasa	163
vasco	619
vascular	731
vase	3217
vasectomy	658
vasek	136
vaseline	410
vases	453
vash	370
vashti	124
vasile	184
vasiliy	128
vasily	445
vasquez	920
vassal	423
vassals	297
vassar	247
vassili	169
vassily	181
vast	8866
vastly	649
vastness	316
vasu	664
vasudha	141
vasya	219
vat	1034
vatican	2828
vato	255
vats	244
vaudeville	590
vaughan	540
vaughn	2743
vault	7351
vaulted	116
vaulting	121
vaults	769
vauxhall	314
vax	131
vaya	193
vayu	191
vaziri	204
vc	662
vcr	939
vcrs	120
vd	726
ve	1991871
veal	1766
vecchio	330
vector	1606
vectors	424
veda	392
vedek	142
vee	661
veena	180
veep	141
veer	1368
veera	385
veered	203
veering	153
veeru	313
veg	548
vega	2948
vegan	1760
vegans	150
vegas	14494
vegeta	514
vegetable	3850
vegetables	6608
vegetarian	3458
vegetarians	473
vegetation	1184
vegetative	262
veggie	766
veggies	563
vehemently	194
vehicle	19664
vehicles	5515
vehicular	317
veil	3769
veiled	495
veils	408
vein	2485
veins	4674
vejust	157
vel	303
vela	143
velasco	211
velasquez	153
velayudham	132
velcro	538
velez	192
veli	133
velma	1418
velociraptor	185
velocity	1877
velour	190
velu	256
velvet	2716
velvety	168
ven	391
vena	300
venables	133
venal	153
vendetta	1199
vendettas	116
vending	1352
vendor	1281
vendors	765
veneer	323
venerable	576
venerated	179
veneration	352
venereal	332
venetian	792
venetians	177
veneto	139
venezuela	1255
venezuelan	323
venga	137
vengeance	4992
vengeful	778
venice	5057
venison	620
venkat	258
venky	166
venom	2565
venomous	574
venous	155
vent	3097
vented	159
venti	140
ventilate	203
ventilated	153
ventilation	1329
ventilator	899
venting	543
ventricle	402
ventricular	276
ventriloquism	168
ventriloquist	527
vents	1265
ventura	790
venture	4274
ventured	605
ventures	510
venturing	199
venu	336
venue	2147
venues	437
venus	5193
ver	863
vera	6737
veracity	195
veracruz	220
veranda	539
verandah	120
verb	755
verbal	1683
verbally	554
verbatim	304
verbeek	126
verboten	118
verbs	287
verdad	151
verdant	131
verde	726
verden	136
verdi	339
verdict	6529
verdicts	204
verdun	370
vere	174
verena	178
verge	2823
verger	246
verging	126
verifiable	130
verification	573
verified	1287
verify	3308
verifying	261
verily	285
veritable	593
veritas	213
verity	712
verlaine	131
verloc	149
verma	975
vermeer	341
vermilion	324
vermillion	227
vermin	1641
vermont	1691
vermouth	490
vern	1089
verna	437
vernacular	247
verne	882
verner	157
vernon	3306
vero	232
verona	746
veronica	6749
veronika	528
veronique	256
versa	1271
versace	423
versailles	1190
versatile	651
versatility	177
verse	3386
versed	496
verses	1506
version	13814
versions	1550
versus	5900
vert	163
vertebra	365
vertebrae	909
vertebral	115
vertebrates	125
vertical	2127
vertically	385
vertigo	927
vervain	255
verve	125
very	945653
ves	157
vesna	146
vespa	296
vespasian	178
vespers	187
vespucci	117
vessel	7796
vessels	3095
vest	4557
vesta	208
vestal	188
vested	1157
vestibule	202
vestige	157
vestiges	138
vestments	132
vestry	154
vests	844
vesuvius	595
vet	4856
veteran	2660
veterans	1781
veterinarian	961
veterinary	705
veto	1052
vetoed	178
vets	760
vette	168
vetted	514
vetting	324
vety	123
veux	133
vex	674
vexed	414
vexing	207
vey	2158
veyron	133
veysel	153
vez	165
vfw	124
vhs	537
vi	2114
via	5929
viability	183
viable	1884
viaduct	192
viagra	1282
vial	1242
vials	698
vibe	3733
vibeke	139
vibes	1000
vibing	147
vibranium	147
vibrant	1213
vibrate	777
vibrates	1808
vibrating	2790
vibration	1048
vibrations	1421
vibrato	175
vibrator	685
vibrators	155
vic	11054
vicap	184
vicar	2751
vicarage	362
vicariously	240
vicars	120
vicci	124
vice	12641
vicente	750
viceroy	927
vices	788
vichy	423
vicinity	2362
vicious	5792
viciously	381
vick	537
vickers	531
vicki	3053
vickie	533
vicks	115
vicksburg	195
vicky	5865
vico	169
vicodin	707
vicomte	204
vics	500
victim	47739
victimized	450
victimless	183
victimology	238
victims	23737
victini	180
victoire	146
victor	17768
victoria	9858
victorian	1621
victorians	234
victories	1396
victorine	127
victorious	1965
victors	445
victory	20846
victrola	115
vid	170
vida	643
vidal	636
vidar	145
video	850000
videogame	132
videogames	134
videos	5315
videotape	1942
videotaped	359
videotapes	324
videotaping	229
vidor	121
vidya	589
vie	895
vieira	204
viejo	143
vienna	4882
viennese	404
vier	142
viet	428
vietcong	686
vietnam	7796
vietnamese	3520
view	30874
viewed	1262
viewer	1083
viewers	3324
viewfinder	119
viewing	1868
viewpoint	600
viewpoints	125
views	4612
vig	288
vigata	197
viggo	607
vigil	877
vigilance	630
vigilant	1036
vigilante	1563
vigilantes	470
vigo	220
vigor	463
vigorous	794
vigorously	469
vigour	270
vii	430
viii	585
vijay	2954
vijayawada	148
vijju	155
viju	180
vik	283
vika	294
vikas	137
viki	667
viking	2380
vikings	1586
vikram	2109
vikrant	152
viktor	2524
vil	179
vila	727
vilde	218
vile	3403
vilest	124
vilgax	119
vilified	140
vill	126
villa	7056
village	50792
villager	496
villagers	4723
villages	4049
villain	5613
villainous	336
villains	2687
villainy	305
villanueva	234
villas	455
ville	569
villeneuve	169
villervalle	154
villette	160
villiers	199
vilma	506
vilnius	152
vim	126
vin	1899
vinaigrette	313
vinay	293
vince	11246
vincennes	145
vincent	13852
vincente	169
vincenzo	1057
vincey	174
vinci	1749
vincke	127
vindaloo	190
vindicate	134
vindicated	300
vindication	196
vindictive	803
vine	1848
vinegar	2003
vines	1137
vineyard	1424
vineyards	501
vinicius	252
vinick	439
vinnie	2282
vinny	1642
vino	568
vinod	308
vinson	127
vintage	2901
vinton	176
vinyl	866
viola	1148
violate	1842
violated	3097
violates	589
violating	1605
violation	4385
violations	1246
violators	124
violence	20527
violent	15464
violently	1602
violet	5668
violeta	263
violets	764
violetta	318
violette	486
violin	4612
violinist	699
violins	670
vip	3259
viper	1776
vipers	545
vips	534
vir	305
viraj	138
viral	2236
viren	255
virg	234
virge	167
virgil	2722
virgilia	236
virgin	15276
virginal	244
virginia	11288
virginian	164
virginie	377
virginity	2965
virgins	1965
virgo	518
virile	526
virility	354
virtual	2589
virtually	3886
virtue	4107
virtues	1424
virtuoso	295
virtuous	1372
virulent	242
virus	12984
viruses	1244
vis	200
visa	3686
visage	318
visas	785
viscera	140
visceral	342
visconti	250
viscosity	155
viscount	492
viscous	192
vise	245
vishal	668
vishnu	922
vishwamitra	189
visibility	1069
visible	4923
visibly	253
visigoths	124
vision	17563
visionaries	183
visionary	1053
visions	4017
visiontext	526
visit	55638
visitation	985
visitations	147
visited	9233
visiting	12178
visitor	7527
visitors	9662
visits	5080
visor	530
visser	140
vista	1514
vistas	118
vistula	128
visual	7379
visualise	169
visualization	223
visualize	1023
visualizing	171
visually	939
visuals	511
vita	605
vitae	125
vital	7997
vitale	132
vitali	154
vitality	649
vitally	245
vitals	1832
vitaly	149
vitamin	2058
vitamins	2241
vite	311
vito	1714
vitriol	126
vitro	267
vitthal	196
vittles	209
vittoria	244
vittorio	924
vitus	141
vitya	264
viv	1669
viva	1960
vivacious	208
vivaldi	369
vivan	166
vivat	122
vive	643
vivek	214
vivi	327
vivian	4736
viviana	168
viviane	329
vivid	1926
vividly	500
vivien	710
vivienne	313
vivo	116
vivre	289
vivy	126
vixen	805
vizag	325
vizier	425
vlad	1703
vladimir	2303
vladimirovich	182
vladivostok	215
vlado	300
vlasta	166
vlog	175
vo	625
vocabulary	1449
vocal	2924
vocalist	627
vocalists	139
vocalizes	154
vocalizing	2105
vocally	184
vocals	814
vocation	1005
vocational	291
voce	116
vod	280
vodka	8757
vodkas	180
vogel	1036
vogler	221
vogue	1164
voice	94104
voiced	280
voicemail	2279
voicemails	173
voiceover	3271
voices	14350
voicing	154
void	3793
voided	146
voids	158
voight	665
voila	1614
voir	211
vol	124
volare	156
volatile	1269
volatility	114
volcanic	2179
volcano	4431
volcanoes	1663
voldemort	296
vole	294
volga	460
volition	339
volker	495
volkoff	317
volkov	163
volkswagen	788
volley	375
volleyball	1528
volm	165
volodya	313
volpe	128
volpone	120
volt	236
volta	194
voltage	1205
voltaire	534
volterra	150
voltron	236
volts	1182
volume	5684
volumes	1021
voluntarily	1934
voluntary	1513
volunteer	7052
volunteered	3473
volunteering	1507
volunteers	4474
voluptuous	382
volvo	1099
vomit	3972
vomited	688
vomiting	2429
vomits	634
von	9519
vonda	179
voodoo	2599
voorhees	280
vor	123
voracious	384
vorenus	165
vorlon	129
vorlons	147
vortex	1503
vos	314
voss	653
vostok	151
vote	33737
voted	7967
voter	675
voters	2354
votes	9774
voting	4928
votre	269
vou	1041
vouch	2159
vouched	387
voucher	571
vouchers	499
voulez	143
vour	159
vous	2344
vova	191
vow	4518
vowed	1450
vowel	351
vowels	328
vowing	120
vows	3871
vox	158
voy	222
voyage	4273
voyager	2173
voyagers	141
voyages	579
voyeur	368
voyeurism	139
vp	1012
vr	257
vreedle	214
vries	143
vronsky	227
vroom	700
vs	865
vt	137
vu	1205
vue	227
vuitton	259
vuk	262
vulcan	1810
vulcans	519
vulgar	3130
vulgarity	383
vulnerabilities	220
vulnerability	898
vulnerable	7998
vulture	1635
vultures	1734
vulva	204
vvant	128
vve	366
vw	405
vx	170
vy	153
vying	303
vyvyan	177
vyxsin	142
wa	5502
waa	219
waah	399
wabash	201
wack	524
wacko	922
wackos	159
wacky	1368
waco	453
wad	1062
wada	285
waddle	269
wade	8107
waded	170
waders	114
wadi	210
wading	402
wads	175
wadsworth	161
waew	114
wafer	292
wafers	274
waffle	1255
waffles	1913
waft	150
wafting	172
wag	633
wage	3335
waged	559
wager	2498
wagered	121
wagers	120
wages	4280
wagging	499
waggle	131
waging	528
wagner	3141
wagon	8420
wagons	1759
wags	279
wagstaff	160
wah	3194
wahey	213
wahid	143
wahlberg	147
wahoo	215
wai	1719
waif	151
waikiki	278
wail	1212
wailing	11070
wails	2018
waimea	147
wainthropp	254
wainwright	772
waist	4279
waistband	248
waistcoat	342
waistline	238
wait	574752
waite	139
waited	22384
waiter	9109
waiters	1295
waitin	2521
waiting	162571
waitress	6133
waitresses	837
waitressing	295
waits	3977
waive	754
waived	409
waiver	720
waivers	143
waiving	140
waj	138
waka	117
wakaba	115
wakanda	149
wakayama	140
wake	75776
waked	170
wakefield	651
waken	322
wakened	142
wakes	5491
wakeup	151
wakey	813
waking	6537
wal	297
walaikum	130
walcott	291
wald	145
waldemar	267
walden	1385
waldman	130
waldo	1291
waldorf	802
waldron	248
wales	2905
walia	124
walid	207
walk	142055
walkabout	244
walked	36528
walken	170
walker	10355
walkers	986
walkie	606
walkies	247
walkin	1804
walking	54115
walkman	471
walkout	207
walks	12837
walkway	331
wall	54813
walla	215
wallaby	136
wallace	6366
wallander	343
walled	499
wallenberg	206
waller	544
wallet	13863
wallets	1038
wallflower	213
wallice	159
walling	280
wallis	416
wallop	446
wallow	642
wallowing	446
wallpaper	1717
walls	22247
wally	4659
walmart	382
walnut	1134
walnuts	707
walpole	204
walrus	847
walruses	131
walsh	3144
walsingham	140
walt	7614
walter	23260
walters	1477
walther	297
walton	1675
waltz	3396
waltzed	205
waltzes	254
waltzing	515
wameru	366
wan	2616
wand	2114
wanda	3186
wander	4819
wandered	2681
wanderer	982
wanderers	323
wandering	6737
wanderings	124
wanders	837
wands	212
wane	189
waned	130
wang	6418
waning	349
wank	888
wanker	1902
wankers	619
wanking	456
wanna	243109
wannabe	1069
wannabes	295
want	1950845
wanted	392510
wantin	225
wanting	16465
wanton	576
wantonly	222
wants	215149
wantto	432
wantyou	215
war	142825
warble	164
warbler	208
warblers	177
warbles	191
warbling	721
warbucks	128
warburton	141
warcraft	200
ward	11428
warden	6914
wardens	321
warder	185
wardrobe	4707
wardrobes	135
wardroom	167
wards	917
ware	585
warehouse	9667
warehouses	819
wares	392
warfare	2715
warfield	182
warhead	910
warheads	737
warhol	648
waring	373
warleggan	398
warlike	253
warlock	1073
warlocks	276
warlord	850
warlords	596
warm	38355
warmed	1783
warmer	3229
warmers	197
warmest	550
warming	4372
warmly	550
warms	928
warmth	3970
warn	18847
warne	116
warned	14244
warner	3271
warning	23583
warnings	1376
warns	531
warp	4096
warpath	408
warped	940
warping	159
warps	117
warrant	17239
warranted	291
warrants	2049
warranty	692
warren	8829
warrick	743
warring	514
warrington	124
warrior	12054
warriors	6885
wars	9192
warsaw	2459
warship	882
warships	705
wart	645
warthog	226
wartime	1033
warts	725
warwick	1270
wary	1230
was	4401531
wasabi	429
wash	29707
washbasin	123
washboard	154
washburn	279
washcloth	206
washed	9985
washer	1103
washers	207
washerwoman	114
washes	1444
washing	8817
washington	20212
washout	235
washroom	1198
wasim	174
wasjust	241
wasn	312240
wasn't	800000
wasnt	309
wasp	1249
wasps	733
wasrt	1358
wasserman	135
wassup	451
wast	215
waste	41240
wastebasket	249
wasted	12909
wasteful	531
wasteland	1040
wastelands	139
wastepaper	128
wastes	666
wastin	209
wasting	15434
wastrel	241
wat	763
watanabe	697
watari	167
wataru	266
watashi	269
watch	207949
watchdog	636
watchdogs	178
watched	21542
watcher	817
watchers	740
watches	5544
watchful	572
watchin	957
watching	73700
watchmaker	242
watchman	1780
watchmen	250
watchtower	457
water	193014
waterbed	210
waterboarding	147
waterbury	140
watercolor	145
watercolors	135
watercress	146
watered	729
waterfall	1861
waterfalls	570
waterford	177
waterfront	950
watergate	584
waterhole	175
waterhouse	172
watering	1478
waterlogged	125
waterloo	1041
waterman	319
watermark	165
watermelon	1786
watermelons	386
waterproof	804
waters	9992
watershed	222
watertight	400
waterway	230
waterways	298
waterworks	334
watery	783
watford	143
watkins	1182
watson	7349
watt	706
wattle	117
watts	1662
watty	143
wave	17194
waved	1331
wavelength	734
wavelengths	331
waver	425
wavered	224
wavering	406
waverly	792
waves	12451
waving	3739
wavy	433
wawa	178
wawk	144
wax	5121
waxed	791
waxes	153
waxing	654
waxman	139
waxy	181
way	1000182
waya	172
waylaid	151
wayland	135
waylon	297
wayne	12252
ways	41675
wayside	259
wayward	945
wazir	123
wazoo	204
wc	197
we	6755687
we'll	1000000
we're	1400000
we've	850000
weak	27884
weaken	1178
weakened	1506
weakening	593
weakens	417
weaker	2514
weakest	1559
weakling	736
weaklings	299
weakly	1209
weakness	8507
weaknesses	2070
wealth	9699
wealthier	171
wealthiest	521
wealthy	6193
wean	302
weaned	238
weaning	114
weapon	40033
weaponized	217
weaponry	1080
weapons	33779
wear	70955
wearable	187
wearer	245
wearily	153
wearin	566
weariness	232
wearing	61749
wears	8715
weary	2758
weasel	2645
weasels	392
weasley	147
weather	26740
weatherby	201
weathered	360
weatherman	668
weathers	436
weave	1823
weaved	135
weaver	3055
weavers	367
weaves	252
weaving	981
web	8698
webb	2053
webbed	217
webber	1459
webbing	181
webby	201
webcam	464
weber	1234
webs	503
website	6268
websites	878
webster	2383
wed	2286
wedded	1942
weddin	158
wedding	76940
weddings	3547
wedge	1591
wedged	567
wedges	274
wedgie	416
wedgies	122
wedlock	577
wednesday	11367
wednesdays	964
weds	200
wee	7190
weed	9084
weeding	272
weeds	1930
weedy	123
week	159444
weekday	291
weekdays	299
weekend	37115
weekends	4803
weekly	3514
weeks	88925
weems	174
weenie	918
weenies	178
weeny	160
weep	3659
weeping	2850
weeps	676
weepy	392
weet	202
weevil	304
weevils	136
wegener	182
wehrmacht	423
wei	2936
weigh	5157
weighed	2154
weighing	2014
weighs	2790
weight	27761
weighted	377
weightless	349
weightlessness	161
weightlifting	145
weights	1668
weighty	190
weil	155
weimar	259
weinberg	234
weiner	386
weinstein	251
weir	902
weird	78317
weirded	263
weirder	1274
weirdest	1520
weirding	136
weirdly	671
weirdness	567
weirdo	3053
weirdoes	298
weirdos	845
weiss	1155
weitzman	120
wejust	296
wel	283
welch	807
welcome	800000
welcomed	2113
welcomes	813
welcoming	2510
weld	846
welded	464
welder	397
welding	669
weldon	341
welfare	5425
well	2159909
wellbeing	339
weller	813
welles	1225
wellesley	335
wellies	122
welling	270
wellington	1940
wellingtons	209
wellman	214
wellness	386
wells	5955
wellspring	132
welsh	1861
welt	169
welterweight	153
welts	152
wembley	371
wen	1884
wenceslas	155
wench	1626
wenches	228
wendell	2112
wenders	137
wendi	146
wendigo	186
wendt	124
wendy	9013
weng	168
wenk	130
went	321824
wentworth	686
wept	1358
wer	549
were	1315964
werejust	116
weren	88427
weren't	700000
werert	396
werewolf	3785
werewolves	1389
werner	1915
wernher	150
wert	140
wertanen	240
werther	242
wes	4902
wescott	161
wesen	627
wesley	3697
wessex	544
wesson	490
west	42219
westbound	307
westbridge	123
westbrook	265
westchester	510
westcott	118
westen	580
wester	115
westerly	194
western	12101
westerner	161
westerners	436
westerns	430
westeros	149
westfield	141
westin	144
westinghouse	513
westlake	349
westley	159
westminster	1143
westmore	347
westmoreland	258
weston	1754
westport	246
westside	451
westward	367
westwood	345
wet	25987
wetback	163
wether	155
wetlands	288
wetness	115
wets	244
wetsuit	156
wetter	384
wetting	498
weve	283
wexler	691
wey	156
weyland	133
weymouth	116
wgbh	581
wh	4287
wha	7214
whaa	249
whaaat	141
whack	4297
whacked	1827
whacker	132
whacking	597
whacko	231
whacks	259
whadda	154
whaddaya	322
whaddya	436
whale	7087
whalen	165
whaler	171
whalers	148
whales	3478
whaling	424
wham	1232
whammy	295
whan	117
whap	129
wharf	1004
wharton	600
whassup	314
what	6900164
what's	1500000
whatare	175
whatcha	2145
whatchamacallit	190
whatever	180082
whateveryou	174
whatevs	223
whatis	152
whatnot	1432
whats	2490
whatsapp	600000
whatsit	216
whatsoever	5721
whatt	125
whatta	223
whatyou	538
whe	254
wheal	170
wheat	4345
wheatgrass	152
wheaties	180
wheatley	129
wheaton	349
whee	1401
wheel	17795
wheelbarrow	589
wheelchair	4914
wheelchairs	347
wheeled	483
wheeler	3196
wheelhouse	420
wheelie	299
wheeling	411
wheeljack	180
wheels	10557
wheeze	225
wheezes	515
wheezing	1797
wheezy	150
whelan	442
whelp	176
when	1531731
whence	767
whenever	28151
wher	353
where	1322226
where's	650000
whereabouts	5453
whereas	4656
whereby	518
wherefore	517
wherein	538
whereof	169
wheres	183
whereupon	208
wherever	21483
wherewithal	170
whet	231
whether	59993
whew	5597
whey	192
which	422483
whicher	146
whichever	2389
whiff	1408
while	255970
whiles	114
whilst	3536
whim	1789
whimper	501
whimpering	7898
whimpers	6016
whims	741
whimsical	872
whimsy	264
whine	1490
whiner	187
whines	1649
whingeing	123
whining	4980
whinnies	2034
whinny	315
whinnying	1123
whiny	589
whip	8668
whiplash	565
whipped	3753
whipper	152
whipping	1602
whipple	330
whips	985
whir	248
whirl	990
whirling	391
whirlpool	484
whirlwind	994
whirly	119
whirring	10589
whirrs	461
whirs	1177
whisk	583
whisked	288
whisker	228
whiskers	1282
whiskey	9893
whiskeys	240
whiskies	193
whisky	4810
whisper	4898
whispered	1817
whisperer	521
whispering	15642
whispers	12549
whist	205
whistle	15045
whistleblower	190
whistled	428
whistler	801
whistles	7105
whistling	9506
whit	1363
whitaker	818
whitby	216
whitcomb	156
white	112881
whiteboard	124
whitechapel	577
whitefish	142
whitehall	791
whitehead	503
whitehouse	142
whitelighter	299
whiteman	142
whiteness	196
whitening	141
whiteout	126
whiter	514
whites	3218
whiteside	260
whitest	218
whitewash	286
whitewood	245
whitey	2201
whitfield	450
whither	377
whiting	394
whitley	504
whitlock	228
whitman	1288
whitmore	522
whitney	3781
whittaker	603
whittier	204
whittle	287
whittled	131
whittling	169
whitworth	177
whiz	1509
whizz	216
whizzing	432
who	1734491
who's	550000
whoa	136564
whoah	229
whoever	36535
whole	257109
wholeheartedly	517
wholesale	1007
wholesaler	232
wholesalers	165
wholesome	919
wholly	985
whom	37735
whomever	1115
whoo	31217
whooo	354
whoooo	118
whoop	2105
whooped	201
whoopee	596
whoopi	305
whooping	3962
whoops	4151
whoopsie	255
whoosh	2293
whooshes	589
whooshing	2647
whopper	420
whoppers	130
whopping	315
whore	20444
whorehouse	1174
whorehouses	115
whores	5012
whoring	642
whos	308
whose	49808
whosoever	358
whrt	178
whup	468
whupped	242
whupping	130
why	1722797
whys	171
whyte	168
whyyou	123
wi	1995
wicca	144
wiccan	195
wich	265
wichita	696
wick	1138
wicked	9391
wickedly	175
wickedness	728
wicker	550
wickers	125
wickersham	124
wicket	491
wickets	178
wickham	700
wickie	116
wicklow	143
wicks	201
wid	211
widdle	175
wide	17850
widely	1513
widen	719
widened	231
widener	163
widening	289
wider	2493
widespread	1079
widest	218
widmore	174
widow	10080
widowed	778
widower	1190
widows	1445
width	901
wie	246
wiedersehen	639
wield	993
wielded	276
wielding	459
wields	245
wiener	1334
wieners	402
wierd	120
wife	254038
wifely	126
wifey	408
wifi	500000
wig	5127
wigged	129
wigging	114
wiggins	301
wiggle	1815
wiggles	215
wiggling	394
wiggly	312
wiggum	179
wiggy	170
wight	256
wigs	1174
wigwam	162
wii	274
wiki	170
wikileaks	482
wikipedia	580
wil	914
wilber	184
wilberforce	212
wilbur	1443
wilby	202
wilco	342
wilcock	192
wilcox	1081
wild	38162
wildcat	593
wildcats	399
wilde	1065
wildebeest	425
wilden	289
wilder	1511
wilderness	3522
wildest	1538
wildfire	645
wildflowers	216
wildlife	2616
wildly	1769
wildman	132
wildness	205
wilds	360
wildwood	124
wile	251
wiles	357
wiley	845
wilf	170
wilford	150
wilfred	1368
wilfrid	181
wilfried	156
wilful	233
wilfully	128
wilhelm	1175
wilhelmina	806
wilk	181
wilkerson	267
wilkes	1592
wilkie	245
wilkins	974
wilkinson	626
wilks	155
will	1969807
willa	869
willard	1593
willed	515
willem	394
willful	551
willfully	313
willi	444
william	25303
williams	10516
williamsburg	439
williamson	648
willie	9117
willies	453
willin	187
willing	36938
willingham	224
willingly	2537
willingness	848
willis	2696
willoughby	908
willow	3208
willows	683
willpower	916
wills	1481
willy	5613
wilma	1638
wilmer	180
wilmington	298
wilmot	191
wilshire	493
wilson	13994
wilsons	168
wilt	1497
wilted	250
wilting	145
wilton	462
wilts	168
wiltshire	272
wily	421
wim	357
wimbledon	464
wimp	2019
wimps	575
wimpy	434
wimsey	209
win	102956
wince	125
winces	408
winch	828
winchell	331
winchester	1802
winchesters	220
wincing	233
wind	48063
windbag	273
windbreaker	206
winded	342
windermere	260
windfall	349
windham	115
winding	1856
windmill	930
windmills	444
window	55285
windowless	124
windowpane	120
windows	15229
windowsill	371
windpipe	411
winds	6496
windscreen	516
windshield	1861
windshields	116
windsor	1344
windstorm	144
windsurfing	130
windswept	136
windup	139
windward	164
windy	2067
wine	50522
wined	127
winehouse	165
winery	497
wines	1237
winfield	410
winfrey	165
wing	13445
wingate	195
winged	1049
winger	499
winging	302
wingman	1000
wingnut	115
wings	16298
wingspan	215
winifred	646
wining	170
wink	2688
winked	449
winkie	183
winking	526
winkle	365
winkler	320
winks	366
winky	453
winn	400
winnebago	238
winner	20958
winners	4193
winnetou	324
winnie	2758
winning	18898
winnings	1124
winnipeg	412
wino	306
winona	499
winos	132
wins	14921
winslet	118
winslow	1345
winston	6405
winstone	186
winter	24005
winterfell	248
wintergreen	197
winters	2439
wintertime	286
winthrop	732
winton	277
wintry	131
wipe	13177
wiped	7107
wipeout	152
wiper	369
wipers	451
wipes	1197
wiping	1806
wir	357
wire	16416
wired	3981
wireless	2286
wires	4628
wiretap	461
wiretapping	170
wiretaps	231
wiring	1641
wirt	166
wirth	117
wiry	179
wiryegung	188
wisconsin	1983
wisdom	9047
wise	18634
wiseass	197
wisecracks	197
wised	130
wiseguy	170
wisely	1655
wiseman	133
wiser	2292
wisest	638
wish	160204
wishbone	214
wished	7318
wishes	16453
wishful	682
wishin	115
wishing	4148
wisp	205
wisteria	300
wistful	214
wit	3379
witch	18890
witchcraft	2252
witches	5153
witching	172
witchy	189
with	3806977
withal	219
witham	149
withdraw	5784
withdrawal	2283
withdrawals	499
withdrawing	851
withdrawn	2160
withdraws	272
withdrew	1409
wither	1011
withered	817
withering	343
withers	476
witherspoon	393
withheld	849
withhold	814
withholding	1036
within	56709
without	290509
withstand	1982
withstanding	151
withstood	226
witless	249
witness	41753
witnessed	5464
witnesses	16584
witnessing	1097
wits	2267
witsec	416
witt	229
witten	175
wittenberg	126
witter	295
wittgenstein	133
wittle	156
witty	1776
wives	11285
wiz	648
wizard	6493
wizardry	196
wizards	1015
wladek	357
wm	142
wmd	182
wn	141
wo	3415
woah	1801
wobble	652
wobbles	175
wobbling	265
wobbly	806
woe	2489
woeful	236
woefully	175
woes	680
wog	175
wogs	114
woh	152
wojtek	188
wok	461
woke	18947
woken	2102
wol	241
wolcott	190
wold	119
wolf	18566
wolfblood	298
wolfbloods	206
wolfe	2375
wolff	432
wolfgang	945
wolfie	332
wolfman	289
wolfram	318
wolfs	114
wolfsbane	183
woll	116
wolowitz	325
wolsey	305
wolverine	1060
wolverines	226
wolves	7364
womack	129
woman	324673
womanhood	464
womaniser	123
womanizer	555
womanizing	162
womankind	129
womanly	276
womb	3650
wombat	192
women	150803
womenfolk	213
womens	141
won	571621
won't	1600000
wonder	82903
wondered	11041
wonderful	85617
wonderfully	1775
wonderin	412
wondering	37023
wonderland	1501
wonders	4912
wondrous	1340
wong	5276
wonka	436
wonky	358
wont	3659
wonton	169
woo	11943
wood	20570
woodbridge	137
woodbury	166
woodchuck	250
woodcock	276
woodcutter	193
wooded	288
wooden	5862
woodford	181
woodhouse	526
woodhull	282
woodland	753
woodlands	177
woodley	236
woodman	298
woodpecker	424
woodrow	868
woodruff	337
woods	23211
woodsen	226
woodshed	216
woodsman	274
woodstock	637
woodward	686
woodwork	719
woodworking	130
woody	6543
wooed	348
woof	2413
woogie	137
wooh	319
woohoo	347
wooing	479
wook	1195
wookiee	148
wool	3091
wooldoor	225
woolen	205
wooley	223
woolf	339
woollen	145
woolly	573
woolsey	211
woolworth	193
woolworths	136
wooly	280
woon	197
woong	397
wooo	251
woop	151
wooster	482
woozy	567
wop	502
wor	305
worcester	231
worcestershire	143
word	164938
worded	217
worden	117
wording	327
wordplay	211
words	98242
wordsmith	114
wordsworth	427
wordy	496
wore	12754
worf	1623
work	611677
workable	274
workaholic	471
workbench	145
workday	253
worked	90771
worker	11277
workers	17054
workforce	626
workhorse	138
workhouse	388
workin	3462
working	193172
workings	704
workload	522
workman	449
workmanship	355
workmates	126
workmen	641
workout	2338
workouts	228
workplace	1881
workroom	351
works	79323
workshop	4095
workshops	481
workspace	165
workstation	150
workup	387
world	370620
worldly	1398
worlds	7827
worldview	188
worldwide	3350
worm	5976
wormed	151
wormhole	2227
wormholes	411
worms	4470
wormwood	349
wormy	136
worn	8256
worried	78083
worrier	171
worries	12344
worrisome	271
worry	211329
worrying	11246
worse	75595
worsen	299
worsened	318
worsening	257
worsens	133
worship	6858
worshiped	380
worshipers	156
worshiping	217
worshipped	1358
worshipper	124
worshippers	334
worshipping	639
worships	707
worsley	194
worst	45845
wort	247
worth	82559
worthiness	142
worthing	265
worthington	451
worthless	7177
worthwhile	2510
worthy	10519
wory	438
wot	129
wotan	275
wou	233
wouid	696
wouidn	177
woul	116
would	1340070
woulda	742
wouldn	288422
wouldn't	750000
wouldnt	298
wouldst	357
wound	21144
wounded	13763
wounding	300
wounds	11782
wove	185
woven	802
wow	139593
wowed	206
wowee	144
wowsers	119
woyzeck	132
woz	323
wozniak	437
wpc	178
wr	196
wracked	180
wraith	1770
wrangle	335
wrangler	273
wrangling	169
wrap	11865
wrapped	8624
wrapper	817
wrappers	431
wrapping	2000
wraps	1560
wrath	3364
wratten	135
wray	368
wreak	644
wreaked	160
wreaking	275
wreath	859
wreaths	258
wreck	7920
wreckage	1459
wrecked	3183
wrecker	346
wrecking	1311
wrecks	683
wren	688
wrench	2216
wrenched	171
wrenches	191
wrenching	143
wrest	126
wrestle	2050
wrestled	580
wrestlemania	118
wrestler	1596
wrestlers	626
wrestling	4948
wretch	2645
wretched	4202
wretchedness	117
wretches	528
wriggle	419
wriggling	309
wright	2808
wrigley	286
wring	874
wringer	223
wringing	201
wrinkle	989
wrinkled	1052
wrinkles	1569
wrinkly	385
wrist	6461
wristband	288
wristbands	178
wrists	2774
wristwatch	473
writ	1020
write	94964
writer	16877
writers	4895
writes	6299
writhe	163
writhing	375
writin	210
writing	41035
writings	1248
written	40246
wrong	370949
wrongdoing	554
wrongdoings	173
wronged	1452
wrongful	708
wrongfully	299
wrongly	1178
wrongs	1178
wrote	50800
wrought	571
wrung	205
wry	378
wt	140
wtf	121
wth	142
wto	151
wu	6549
wudang	323
wugong	276
wuji	133
wukong	211
wunderbar	245
wuornos	115
wuss	1153
wussy	212
wuthering	202
ww	215
wwe	230
wwii	200
wy	202
wyatt	6002
wyckoff	116
wyler	311
wylie	431
wyman	151
wyndham	189
wynn	816
wynonna	517
wyoming	1356
wysocki	124
wyxchari	160
xan	237
xanadu	305
xanatos	136
xanax	714
xander	1553
xandir	200
xavi	119
xavier	2327
xbox	675
xena	4368
xenia	252
xenon	234
xerox	437
xerxes	303
xev	1044
xi	1744
xia	602
xian	484
xiang	1230
xiangyang	215
xiao	4140
xiaoping	114
xiaowei	120
xiaoyan	131
xiaoyi	173
xiaoyu	172
xie	428
xii	120
xiii	545
ximen	147
xin	732
xindi	255
xing	697
xiomara	317
xiong	315
xiu	532
xiv	361
xl	175
xmas	287
xo	1124
xoanon	144
xoxo	125
xu	1415
xuan	248
xuanzang	128
xue	235
xun	411
xv	204
xvi	324
xx	210
xxx	344
xy	137
xylophone	160
ya	76658
yaaah	141
yaah	604
yaakov	118
yaar	243
yabe	170
yabu	149
yacht	4408
yachting	140
yachts	413
yada	493
yadav	413
yadda	373
yae	231
yael	277
yaga	143
yagami	396
yagna	147
yagyu	565
yagyuu	616
yah	4315
yahoo	1238
yahoos	217
yahtzee	270
yahweh	175
yai	197
yak	1226
yakking	286
yakov	297
yaks	206
yakuza	2850
yale	3189
yalta	275
yam	875
yama	353
yamada	1094
yamagata	151
yamaguchi	447
yamaha	189
yamamori	233
yamamoto	1136
yamamura	137
yaman	272
yamanaka	116
yamashiro	152
yamashita	398
yamato	1511
yamazaki	441
yami	165
yammering	259
yams	527
yamuna	119
yan	3028
yana	177
yancey	213
yancy	186
yang	8005
yangban	145
yangjung	172
yangtze	343
yangzhou	342
yanina	154
yanis	135
yaniv	198
yank	1990
yanked	758
yankee	3323
yankees	2390
yanking	533
yanks	1008
yann	264
yanni	203
yannick	201
yannis	224
yano	347
yao	1362
yap	795
yapping	877
yaps	134
yar	272
yarborough	138
yard	16138
yardarm	129
yardley	254
yards	8749
yardstick	139
yarmulke	173
yarn	1107
yarns	122
yarrow	127
yas	216
yash	396
yasha	174
yashin	157
yashiro	161
yasin	162
yasir	452
yasmin	544
yasmina	131
yasmine	139
yasu	352
yasuda	241
yasuko	341
yasuo	161
yasur	204
yasushi	125
yat	235
yates	1714
yau	820
yaw	171
yawn	854
yawned	115
yawning	1146
yawns	1481
yay	11393
yaya	139
yayoi	207
ye	10344
yea	5312
yeager	338
yeah	1700000
yeap	135
year	208705
yearbook	1652
yearbooks	191
yearly	626
yearn	971
yearned	380
yearning	1583
yearnings	117
yearns	436
years	481860
yeast	891
yeats	202
yech	138
yee	1210
yeehaw	183
yeesh	233
yegor	192
yeh	1247
yehuda	162
yelena	199
yell	11053
yella	142
yelland	153
yelled	4135
yeller	336
yellin	167
yelling	24425
yello	182
yellow	21226
yellowish	127
yellowknife	154
yellows	332
yellowstone	901
yells	8590
yelp	701
yelping	807
yelps	2116
yeltsin	267
yemen	721
yen	8215
yens	161
yentl	130
yeo	657
yeochan	146
yeogu	390
yeohwa	163
yeol	221
yeoman	334
yeomieul	199
yeon	2336
yeong	812
yeow	375
yep	45096
yer	2600
yes	1634050
yeses	264
yeshiva	181
yeshua	124
yesoya	142
yessir	399
yesterday	83823
yesterdays	173
yesteryear	165
yet	257947
yeti	810
yetta	131
yeun	123
yeung	944
yevgeny	225
yew	192
yggdrasil	219
ygor	121
yhe	191
yi	5866
yid	119
yiddish	714
yield	3059
yielded	578
yielding	358
yields	523
yigal	139
yikes	1861
yilmaz	157
yim	297
yin	2273
ying	2563
yip	934
yippee	812
yipping	200
yips	155
yitzhak	192
yiu	283
ymca	419
ymir	128
yngve	149
yo	46233
yod	177
yoda	895
yodel	246
yodeling	275
yoga	4906
yoghurt	686
yogi	983
yogurt	2874
yohei	129
yoi	118
yoichi	358
yoke	585
yokel	236
yokels	220
yoki	141
yoko	1905
yokohama	774
yokoyama	182
yolanda	1182
yoli	150
yolk	529
yolks	210
yolo	176
yom	317
yoma	236
yomi	143
yon	743
yonder	1618
yong	2035
yongee	115
yoni	227
yonkers	468
yoo	2845
yoohoo	136
yoon	4736
yor	205
yoram	129
yore	304
yorgos	129
yori	221
yorick	169
yoriko	207
york	65880
yorker	971
yorkers	641
yorkie	134
yorkshire	1470
yorktown	226
yoru	159
yosef	160
yosemite	699
yosh	137
yoshi	659
yoshiaki	114
yoshida	916
yoshie	239
yoshikawa	117
yoshiki	197
yoshiko	592
yoshimi	155
yoshimura	163
yoshino	287
yoshio	490
yoshioka	541
yoshiro	122
yoshiwara	194
yossi	265
yost	221
yosuke	186
you	28787591
you'll	950000
you're	1800000
you've	900000
youa	125
youd	178
youjust	183
youko	156
youl	156
youll	390
youn	170
young	194810
youngblood	182
younger	22961
youngest	5033
youngpo	178
youngster	1246
youngsters	2202
your	4610945
youre	1542
yourface	198
yourfamily	141
yourfather	516
yourfriend	165
yourjacket	122
yourjob	666
yours	140553
yourself	302013
yourselves	21282
yourwife	253
yous	1262
youse	1625
yousef	211
youself	210
youssef	265
youth	17703
youthful	1550
youths	855
youto	220
youtube	2445
youve	382
yow	544
yowling	275
yowls	290
yowza	131
yoyo	336
ypres	118
yr	170
yrs	252
ys	230
ystad	232
yu	6750
yuan	3152
yucatan	216
yucca	161
yuck	2975
yucky	358
yuda	190
yudi	115
yue	1157
yuen	995
yugo	426
yugoslav	308
yugoslavia	1119
yugoslavian	174
yuh	299
yuhi	125
yuhwa	137
yui	504
yuichi	205
yuji	583
yuk	717
yuka	622
yukari	281
yukawa	386
yuki	2158
yukie	331
yukiko	564
yukimura	305
yukio	403
yuko	949
yukon	520
yuku	238
yul	627
yule	247
yuletide	273
yulia	172
yum	3032
yuma	382
yume	580
yumi	985
yumiko	360
yummy	3515
yun	2200
yuna	278
yung	881
yunnan	148
yunsik	245
yuntabal	168
yup	13494
yuppie	359
yuppies	194
yura	335
yuri	3571
yuriko	484
yurt	207
yury	121
yusef	435
yussef	240
yusuf	949
yusuke	449
yuta	175
yutaka	301
yutz	155
yuu	630
yuuki	479
yuwen	176
yuya	157
yvan	221
yves	887
yvette	1200
yvon	213
yvonne	2721
za	437
zaara	235
zaboo	116
zac	2132
zach	6274
zachariah	269
zacharias	153
zachary	1460
zack	6017
zackary	282
zacky	132
zaf	200
zafar	328
zafer	204
zag	183
zagreb	449
zaheer	219
zahir	142
zahra	253
zai	158
zainab	149
zaire	199
zaius	254
zaizen	132
zajac	154
zak	828
zaki	288
zakir	151
zalachenko	121
zale	272
zalman	153
zama	152
zamani	160
zambezi	122
zambia	232
zamboni	166
zambrano	161
zamora	187
zan	307
zana	133
zander	451
zandra	188
zandt	175
zane	1630
zanuck	282
zany	173
zanzibar	282
zap	1765
zapata	520
zapatera	166
zaphod	131
zapp	128
zappa	236
zapped	549
zapper	118
zapping	1256
zaps	240
zara	681
zarathustra	152
zarek	180
zarina	200
zarkon	174
zarkov	158
zat	203
zathras	131
zatoichi	288
zayday	162
zaza	243
zbornak	161
zbz	391
ze	1289
zeal	648
zealand	2309
zealot	204
zealots	255
zealous	286
zeb	931
zebra	1752
zebras	438
zed	850
zedd	1055
zedong	124
zee	881
zeek	190
zeeland	206
zeenat	116
zehra	133
zeitgeist	142
zek	138
zeke	2761
zelda	1664
zelena	346
zelenka	135
zelig	157
zemo	152
zen	2231
zena	149
zeng	282
zenigata	278
zenith	436
zeno	280
zenobia	147
zenon	220
zeo	1116
zepeda	119
zephyr	452
zeppelin	708
zero	19582
zeroed	206
zeroes	479
zeroing	127
zeros	897
zest	548
zesty	121
zeta	841
zeus	3128
zeuthen	194
zev	462
zeynep	462
zhaan	538
zhan	565
zhang	3105
zhao	1841
zhen	829
zheng	808
zhenya	268
zhi	663
zhivago	194
zhong	629
zhou	1570
zhu	1322
zhuang	129
zhuge	116
zhukov	219
zhuo	115
zi	678
zia	225
ziad	130
zidane	218
ziegfeld	383
ziegler	369
zig	446
ziggy	1851
zigzag	326
zilch	472
zillion	495
zim	398
zimbabwe	463
zimmer	479
zimmerman	551
zimmermann	156
zin	191
zina	331
zinc	546
zindabad	115
zing	735
zinger	190
zings	129
zion	639
zionist	296
zionists	129
zip	4596
ziploc	118
zipped	374
zipper	2127
zippers	264
zipping	395
zippo	230
zippy	336
zips	411
zis	177
zit	501
zita	182
ziti	155
zito	337
zits	253
ziva	1669
ziya	123
zlatan	117
zloty	182
zlotys	293
zo	1176
zobelle	141
zod	423
zodiac	1433
zoe	9744
zoey	2517
zog	140
zohar	196
zohra	122
zoidberg	336
zoila	331
zoinks	403
zola	542
zoloft	172
zoltan	316
zombie	6895
zombies	4468
zona	131
zone	17386
zoned	268
zones	1601
zong	124
zoning	572
zonked	131
zoo	8483
zooey	298
zookeeper	203
zoological	173
zoologist	168
zoology	217
zoom	3399
zoomed	151
zooming	403
zooms	152
zoonie	136
zoos	437
zoot	221
zora	494
zoran	300
zorba	197
zord	329
zordon	1399
zords	373
zorelli	125
zorn	556
zorro	869
zosia	175
zou	472
zoya	691
zpm	178
zs	253
zsa	274
zu	481
zubrin	136
zucchini	658
zucker	164
zuckerberg	229
zuckerman	151
zuko	385
zulu	1039
zulus	141
zum	156
zuma	205
zumba	202
zuo	116
zuri	185
zurich	1464
zutto	125
zuzu	155
zwei	356
zweig	160
zygomatic	131
zz	288
